num_queries,nDCG@5,Success@5(>=2),MRR@5(>=2),P@5(>=2)
15,0.9740183419566381,0.9333333333333333,0.9333333333333333,0.3866666666666667
