num_queries,nDCG@5,Success@5(>=2),MRR@5(>=2),P@5(>=2)
15,0.9679101181383369,1.0,0.9466666666666667,0.44
