num_queries,nDCG@5,Success@5(>=2),MRR@5(>=2),P@5(>=2)
15,0.9772978261900682,1.0,0.9666666666666667,0.37333333333333335
