relevance,reason,query,rrf_rank,title,full_chunk_text,rrf_score,bm25_score,bm25_rank,faiss_score,faiss_rank
3,Directly about TPS and centered on a TPS termination decision,temporary protected status,1,DHS terminates Temporary Protected Status for Honduras,"§ 1254a(b)(3)(A) to mean the broader TPS designation is also consistent with the humanitarian purpose of the TPS Statute. Congress committed its mission of humanitarian relief by creating TPS. Since the mid-twentieth century, “every Administration since and including that of President Eisenhower has permitted one or more groups of otherwise deportable [foreign nationals] to remain temporarily in the United States out of concern that . . . forced repatriation . . . could endanger their lives or safety.” H.R. Rep. No. 100-627, at 6 (1988). Over the past three decades, this nation’s leaders have chosen to pick up the mantle and protect those in need of aid.2 2 The TPS program is described in the Humanitarian page of USCIS’s website: “The Secretary of Homeland Security may designate a foreign country for TPS due to conditions in the country that temporarily prevent the country's nationals from returning safely, or in certain circumstances, where the country is unable to handle the return of its nationals adequately.” U.S. Citizenship and Immigration Services, Temporary Protected Status, https://www.uscis.gov/humanitarian/temporary-protected-status. Scholars and courts across the country have noted the humanitarian purpose of the TPS program. See Andrew I. Schoenholtz, The Promise and Challenge of Humanitarian Protection in the United States: Making Temporary Protected Status Work as a Safe Haven, 15 Nw. J. L. & Soc. Pol’y. 1, 5 (2019) (noting the “the purpose of TPS to provide temporary safety to those whose countries are in crisis”); Sanchez v.",0.032787,12.764559,1,0.801646,1
1,TPS is only listed as one example in broader HUD verification guidance,temporary protected status,2,HUD orders immediate citizenship-verification for tenants in HUD-funded housing,"PHAs should consult the guidance and manuals SAVE provides on understanding SAVE verification responses. 3 HUD assistance is defined as rental assistance in the public housing or housing choice voucher programs. 8 SAVE Response Section 214 Eligibility Status Republic of the Marshall Islands, or Palau.  Cuban/Haitian Entrant;  No Status – Granted Withholding of Removal – Employment Authorized Indefinitely;  Violence Against Women Act (VAWA) – Self-Petitioner – Temporary Employment Authorized;  VAWA Self-Petitioner; and  VAWA Self-Petitioner – Not Employment Authorized.  Non-Immigrant  Non-Immigrant – Temporary Employment Authorized;  Non-Immigrant – Temporary Employment Authorized – Indefinite;  Non-Immigrant – Not Employment Authorized;  Non-Immigrant – Employment Authorized CNMI Only;  Student Status Temporary Authorized;  If Principal – Temporary Employment Authorized;  If Principal or Spouse – Temporary Employment Authorized;  Temporary Resident – Temporary Employment Authorized;  Deferred Action for Childhood Arrivals (DACA) – Employment Authorized;  Temporary Protected Status (TPS) – Employment Authorized;  Application Pending (Form I-589 Asylum);  Application Pending (Form I-485 Adjustment of Status) – Temporary Employment Authorized;  Application Pending; Ineligible for HUD Assistance 9 SAVE Response Section 214 Eligibility Status  Application Pending – Temporary Employment Authorization;  Application Pending – Not Temporary Employment Authorization;  Deferred Action Status (DAS);  Deferred Action Status (DAS) – Not Employment Authorized;  Deferred Enforced Departure (DED); and  No Status;  No Status – Released on an Order of Supervision – Temporary Employment Authorized;  No Status – Employment Authorized Indefinitely; and  No Status Temporary Employment Authorized.",0.032258,11.922282,2,0.765362,2
1,Mentions TPS applications but the document is mainly about CHNV parole,temporary protected status,3,"EO 14165 § 7(b) directs termination of ""categorical parole programs"" including CHNV Parole Processes","They rescued over 22,000 people within the first six months of the war and since then have provided humanitarian assistance to over a half million Ukrainians. Maksym came to the United States through the U4U parole process in April 2023. He and his wife have applied for Temporary Protected Status (“TPS”), and he has also applied for re-parole in September 2024 because his current grant of U4U parole expires in April 2025. Processing these applications has been paused indefinitely due to the February 14 Davidson memo. If that pause remains in effect, Maksym’s parole will expire, he will lose his work authorization and his ability to continue his humanitarian work for Ukrainians, and he will be displaced once again. 16. Plaintiff Maria Doe is a Ukrainian national who currently lives with her husband Maksym in Brooklyn, New York. She and Maksym Doe came to the United States through the U4U parole process with all their possessions packed into two suitcases. Maria was able to apply for U4U re-parole and was granted another two years of parole in January 2025, but she has also applied for Temporary Protected Status and is working with her employer to file an H-1B employment-based visa application soon. Not only will these applications not be processed due to the administration’s indefinite hold on processing applications for immigration benefits for parole beneficiaries, but if her parole expires or the administration prematurely terminates it, she will once again be displaced. Case 1:25-cv-10495 Document 1 Filed 02/28/25 Page 5 of 65",0.031498,10.619062,4,0.751035,3
1,TPS appears only as one status example in Liberian adjustment guidance,temporary protected status,4,EOIR issues guidance on adjustment of status eligibility for certain Liberians under the NDAA,"§ 761 l(i)(2). Thus, for aliens currently in proceedings who have other applications for status ( e.g. asylum, adjustment of status, cancellation of removal for certain nonpermanent residents, Temporary Protected Status) pending before an immigration judge, those cases should not be placed on a status docket, and immigration judges should proceed with adjudicating those applications unless the alien indicates that he or she no longer wishes to seek such status. For cases pending at the Board involving non-detained aliens currently in proceedings who: (1) have established prima facie eligibility for adjustment of status pursuant to NDAA § § 7611 (b )(1 )­ (3) and (c)(l)-(2); and (2) have submitted an application to DHS for such adjustment of status and provided proof of such submission, the Board will complete the record of appeal, including the receipt of briefs by the parties. The Board should proceed with the disposition of the appeal if the Board's decision will either: (1) terminate, or affirm the termination of, proceedings against the alien; or (2) grant, or affirm the grant of, relief! (except voluntary departure) or Temporary Matter ofYauri, 25 I&N Dec. 103, 107 & 110 (BIA 2009) (""We have long been of the view that administratively final exclusion, deportation, or removal proceedings should not be reopened for matters over which neither the Immigration Judge nor the Board has jurisdiction, and that referencing the absence of such jurisdiction was a rational basis in itself to decline to reopen proceedings ...",0.030798,10.684282,3,0.734458,7
1,TPS is just one eligibility category in broader CAM policy,temporary protected status,5,"EO 14165 § 6 directs DHS, DOS, and DOJ to resume the Migrant Protection Protocols","Department of Homeland Security and U.S. Department of State on the Expansion of Access to the Central American Minors Program,” June 15, 2021, https://www.dhs.gov/news/2021/06/15/joint-statement-us-department-homeland-security-and-us-department-state­ expansion. Under the expanded guidance, eligible minors may apply for refugee status if they are sponsored by a parent or legal guardian in the United States who is in one of the categories: lawful permanent residence; temporary protected status; parole; deferred action; deferred enforced departure; withholding of removal; or certain parents or legal guardians who have a pending asylum application or a pending U visa petition filed before May 15, 2021. 135 Exercise of Time-Limited Authority To Increase the Fiscal Year 2021 Numerical Limitation for the H–2B Temporary Nonagricultural Worker Program and Portability Flexibility for H–2B Workers Seeking To Change Employers, 86 Fed. Reg. 28,198 (May 25, 2021). 33 These efforts, all of which have only recently been initiated, require diplomatic engagement and investment of resources. They will take some time to achieve substantial results. Once fully operational, they will provide legal and regular pathways for individuals seeking protection and opportunity to work in the United States, thus reducing the need for unlawful crossings and reducing the appeal of exploitative smugglers. By incentivizing migration through lawful channels, and disincentivizing the use of unlawful channels, these initiatives achieve several key goals of MPP, but in a more humane way that matches the Administration’s values.",0.029274,9.285365,5,0.713686,12
2,Strongly related because MPP directly affects asylum seekers and asylum access,asylum policy,1,"EO 14165 § 6 directs DHS, DOS, and DOJ to resume the Migrant Protection Protocols","3d at 99 n.10 (citing a declaration by Kennji Kizuka, Senior Researcher and Policy Analyst at Human Rights First, regarding an earlier version of this list explaining that “‘[a]s of December 15, 2020, Human Rights First has identified 1,314 public reports of murder, torture, rape, kidnapping, and other violent assaults against asylum seekers returned to Mexico under MPP’ and that ‘the security situation in Mexico, including in the state of Tamaulipas has worsened’ with one of Mexico’s ‘most powerful and violent cartels’ reportedly increasing its activities in Tamaulipas and migrants in Matamoros and Nuevo Laredo have been repeatedly targeted’”). 51 UNHCR, Rapid Protection Assessment: MPP Returnees at the Northern Border of Mexico 15, Dec. 2019. The UNHCR assessment, shared confidentially with the United States government, is cited here with the express permission of UNHCR. 52 According to the UNHCR survey, it did not take long for MPP enrollees to experience danger in Mexico. Just over half of the individuals surveyed (51%) had been in Mexico for less than one month and more than nine-in-ten had been in Mexico for less than three months. Id. at 7, 17. 53 Médecins Sans Frontières, The devastating toll of ‘Remain in Mexico’ asylum policy one year later, Jan. 29, 2020, https://www.msf.org/one-year-inhumane-remain-mexico-asylum-seeker-policy; cf. Emily Green, Trump’s Asylum Policies Sent Him Back to Mexico. He was Kidnapped 5 Hours Later By a Cartel., Vice, Sept. 16, 2019. 54 U.S.",0.032266,6.724069,3,0.756550,1
3,Directly changes asylum screening procedure and preparation time,asylum policy,2,Asylum seekers given less time to prepare for credible fear interviews,"REPORTING TO YOU Immigrant Asylum-Seekers May Get Less Time To Prepare Their Cases Under A New Trump Administration Rule Critics say it's just the latest Trump administration attempt to make the process of applying for asylum harder for immigrants. By Hamed Aleaziz Posted on July 9, 2019, at 2:51 p.m. ET Families seeing asylum slip through through the US–Mexico border fence. Megan Jelinger / Sipa USA via AP The Trump administration is attempting to speed up initial screenings of immigrants seeking asylum, a move that advocates say will give immigrants less time to prepare for their interviews or recover from dangerous journeys. Immigrant Asylum-Seekers May Get Less Time To Prepare Asylum ofﬁcers have had to wait at least 48 hours after an immigrant has been detained for crossing into the US to interview them and hear their case. However, under a new directive implemented by US Citizenship and Immigration Services Acting Director Ken Cuccinelli, that window has been reduced to one calendar day, according to a policy change released to staffers on Monday and obtained by BuzzFeed News. The policy is also the latest in a string of maneuvers pushed by the Trump administration — and Cuccinelli — that advocates believe is aimed at restricting asylum. “This is another way to limit the process — that will lead to fewer positive credible fear interviews, more deportations,” said Ur Jaddou, a former chief counsel at USCIS. “This goes right along with his mistaken view that he is there to limit the number of people that obtain a beneﬁt and remove people beyond his authority.” Agency ofﬁcials, however, said the new policy was an attempt to reduce a signiﬁcant portion of the processing timeline and make the system move more efﬁciently as the administration deals with record numbers of families crossing the border.",0.032002,7.050062,2,0.752960,3
1,Refugee policy overlaps conceptually but is not asylum policy itself,asylum policy,3,State Department orders resettlement agencies to stop funded work supporting refugees currently in the U.S.,"Congress clearly and expressly stated its purpose and policy judgments in passing the Refugee Act: (a) The Congress declares that it is the historic policy of the United States to respond to the urgent needs of persons subject to persecution in their homelands, including, where appropriate, humanitarian assistance for their care and maintenance in asylum areas, efforts to promote opportunities for resettlement or voluntary repatriation, aid for necessary transportation and processing, admission to this country of refugees of special humanitarian concern to the United States, and transitional assistance to refugees in the United States . . . . (b) The objectives of this Act are to provide a permanent and systematic procedure for the admission to this country of refugees of special humanitarian concern to the United States, and to provide comprehensive and uniform provisions for the effective resettlement and absorption of those refugees who are admitted. Pub. L. No. 96-212, § 101(b), 94 Stat. 102, § 101 (defining “Purpose” of 8 U.S.C. § 1521 (USRAP)). By replacing these “carefully considered policy judgments” with his own “America-First” policy to exclude refugees from the nation, the President unlawfully nullifies and overrides USRAP with a “different and inconsistent” approach to the same issue of refugee admissions. See Hawaii III, at 689; Youngstown, 343 U.S. at 639. Additionally, with respect to Section 3(b) of the USRAP EO, that section plainly exceeds Section 1182(f)’s statutory language.",0.031010,5.745259,4,0.742962,5
2,Rescinds EOIR memoranda including asylum processing guidance but is partly about continuances,asylum policy,4,EOIR Director issues guidance to restrict continuances,"OOD DM 22-05 Issued: Apr. 18, 2022 Effective: Immediately CANCELLATION OF POLICY MEMORANDA 19-05, 21-06, AND 21-13 PURPOSE: Rescind and cancel Policy Memoranda 19-05, 21-06, and 2113 OWNER: David L. Neal, Director AUTHORITY: 8 C.F.R. § 1003.0(b) CANCELLATION: Policy Memorandum 19-05 Policy Memorandum 21-06 Policy Memorandum 21-13 As EOIR continues to review existing agency policies and practices, the following Policy Memoranda (PM) are rescinded: 1. PM 19-05, Guidance Regarding the Adjudication of Asylum Applications Consistent with INA § 208(d)(5)(A)(iii) 2. PM 21-06, Asylum Processing 3. PM 21-13, Continuances Please contact your supervisor if you have any questions.",0.030478,7.274623,1,0.728153,11
1,Only mentions asylum in passing within a broader parole litigation discussion,asylum policy,5,"EO 14165 § 7(b) directs termination of ""categorical parole programs"" including CHNV Parole Processes","Garland, 596 U.S. 328 (2022), that “the statutory bar applie[s] to every decision in the chain leading to [a] particular decision.” Opp. to Second Mot. for PI 8 [Doc. No. 89]; First Order on Motion to Stay 23 [Doc. No. 97]. Review of the indefinite suspension of initial parole and re-parole applications is not precluded by Section 1252(a)(2)(B)(ii) for reasons explained in the First Order on Motion to Stay [Doc. No. 97], including that challenges to policies and processes governing grants and revocations of parole are generally reviewable. marginally related” to the purposes of the immigration statutes as to foreclose them from bringing suit. 27 Section 1158(a) pertains to the granting of asylum. See 8 U.S.C. § 1158(a). Case 1:25-cv-10495-IT Document 107 Filed 05/28/25 Page 26 of 49 27 As to the Davidson Memorandum’s suspension of other adjudications, Defendants state that “asylum and most applications for adjustment of status are discretionary.” Opp. to Mot. for PI 10 [Doc. No. 42]. Asylum adjudications are expressly exempted from Section 1252(a)(2)(B)(ii), so that Section does not bar review of the Davidson Memorandum’s suspension of asylum adjudications. See 8 U.S.C. § 1252(a)(2)(B)(ii) (“other than the granting of relief under section 1158(a) of this title”). Other courts have found that Section 1252(a)(2)(B)(ii) bars review of DHS’s policy requiring an immigrant visa number to be available before approving or denying pending adjustment of status (“AOS”) applications. See Thigulla v.",0.030303,5.723047,6,0.742872,6
3,Exact match on border wall funding,border wall funding,1,White House FY2020 Budget Proposal includes $8.6 billion in border wall funding,"The President’s 2022 discretionary request provides $52.0 billion for DHS, approximately equal to the 2021 enacted level. It:  Invests in Effective and Modern Border Security. The discretionary request provides about $1.2 billion for border infrastructure which includes: modernization of land ports of entry; investments in modern border security technology and assets; and efforts to ensure the safe and humane treatment of migrants in CBP custody. These investments would facilitate more robust and effective security screening to guard against human smuggling and trafficking, the movement of illicit drugs and weapons, the entry of undocumented migrants, and the import of unlawful goods, as well as provide for the more efficient processing of legal trade, travel, and commerce through the Nation’s Land Ports of Entry. The discretionary request includes no additional funding for border wall construction and proposes the cancellation of prior-year balances that are unobligated at the end of 2021.  Supports a Humane and Efficient Immigration System. The discretionary request supports the promise of a fair and equitable immigration system that welcomes immigrants and reflects the Nation’s values. The discretionary request provides 16 $345 million for the United States Citizenship and Immigration Services to address naturalization and asylum backlogs, support up to 125,000 refugee admissions in 2022, and allow for systems and operations modernization. The discretionary request supports expanded access to the Alternatives to Detention program and provides enhanced case management services, particularly for families seeking asylum.",0.032787,17.374922,1,0.844263,1
2,Budget discussion clearly includes major wall funding though title emphasizes E-Verify,border wall funding,2,President Trump proposes cutting funding to E-Verify program,"*********************************** Border Security and Immigration Enforcement Funding by Year: FYs 2014 - 2020 ($ billions) 2014 2015 2016 2017 2018 2019 2020 PB CBP $10.6 $10.9 $11.2 $12.1 $14.0 $15.0 $18.2 ICE $5.3 $6.0 $5.8 $6.4 $7.1 $7.6 $8.8 EOIR $0.3 $0.3 $0.4 $0.4 $0.5 $0.6 $0.7 UAC $0.9 $0.9 $0.9 $1.2 $1.3 $1.3 $1.3 DOD - - - - - - $3.6 Total $17.1 $18.1 $18.3 $20.1 $22.9 $24.5 $32.6 Department of Homeland Security. Overall 2020 funding for U.S. Customs and Border Protection (CBP) ($18.2 billion) and U.S. Immigration and Customs Enforcement (ICE) ($8.8 billion) is 19 percent higher than the FY 2019 level. The Budget proposes sizable investments in a border wall; border security technology and equipment; funding to hire additional CBP and ICE law enforcement officers; and increased capacity to detain and deport illegal aliens. • The Budget requests $5.4 billion in high priority investments in border security technology, infrastructure, and equipment to help CBP prevent, detect, and interdict illegal border crossings. These investments include: o $5 billion for new border wall in locations identified by the Border Patrol as necessary to obtain operational control of the border and impede the flow of illegal crossings; and, o $367 million for aircraft, vessels, surveillance technology, and equipment to support the interdiction of illegal aliens, illicit drugs such as deadly fentanyl, and contraband across U.S. borders. • The Budget continues implementation of the President’s direction to hire 5,000 additional Border Patrol Agents and 10,000 ICE officers and investigators.",0.032258,16.803361,2,0.795547,2
0,OMB funding pause is unrelated to border wall funding,border wall funding,3,"OMB temporarily pauses agency grant, loan, and financial assistance programs","The potential $3 trillion in financial assistance implicated by the freeze is a “breathtakingly large sum of money to suspend practically overnight.” ECF No. 30, at 24. And “[r]ather than taking a measured approach to identify purportedly wasteful spending, Defendants cut the fuel supply to a vast, complicated, nationwide machine—seemingly without any consideration for the consequences of that decision.” Id. Doing so was not—and could never be—rational, especially when the decision was made without grappling with its catastrophic effects or the logistical nightmare of its implementation.10 See Bus. Roundtable v. Sec. & Exch. Comm’n, 647 F.3d 1144, 1148 (D.C. Cir. 2011) (explaining that an agency’s failure to “apprise itself . . . of the economic consequences” of potential action is “arbitrary and capricious and not in accordance with law” (quoting Chamber of Com. of the U.S. v. Sec. & Exch. Comm’n, 412 F.3d 133, 144 (D.C. 10 Both Defendants and Amicus argue that “[t]emporary funding pauses are not an unusual exercise of executive authority.” ECF No. 48, at 6; see ECF No. 47, at 26-28, 30-31. For support, they rely on President Biden’s pause of funding to the southern border wall, Proclamation No. 10,142, Termination of Emergency With Respect to the Southern Border of the United States and Redirection of Funds Diverted to Border Wall Construction, 86 Fed. Reg. 7225 (Jan. 20, 2021), and President Obama’s thirty-day delay of Recovery Act funds, Mem. No. E9-6754, Ensuring Responsible Spending of Recovery Act Funds, 74 Fed.",0.031258,15.079959,3,0.698681,5
1,Border policy related but not specifically about wall funding,border wall funding,4,"EO 14165 § 6 directs DHS, DOS, and DOJ to resume the Migrant Protection Protocols","Prior to doing so, however, the Department ensured that these individuals received COVID-19 tests before crossing the border and entering the United States. The Department also worked in close partnership with nongovernmental organizations and local officials in border communities to connect migrants with short-term supports that facilitated their onward movement to final destinations away from the border. 100 The district court faulted the Secretary for not taking into account alleged warnings to members of the BidenHarris transition team by career DHS officials that terminating MPP would cause a spike in border encounters. Texas, 2021 WL 3603341, at *7. The Department is unaware of any such specific conversations, yet is aware of, and has taken into account, similar concerns raised by others. 101 See Texas, 2021 WL 3603341, at *9-10. 102 First Amended Complaint at 2, 38-39, Texas v. Biden, No. 2:21-cv-67 (N.D. Tex. filed June 3, 2021); see also Complaint, West Virginia v. Biden, No. 2:21-cv-22 (N.D. W.Va. filed Aug. 19, 2021); First Amended Complaint, Arizona v. Mayorkas, No. 2:21-cv-617 (D. Ariz. filed July 12, 2021). 24 In addition, the Secretary has devoted extensive resources on efforts designed to stop trafficking networks and protect border states from risks associated with criminal activity. Shortly after assuming office, the Secretary directed FEMA to increase funding for SWB law enforcement through FEMA’s Operation Stonegarden, a $90 million grant that supports law enforcement partners, with more than 80% of such funds being been directed to SWB areas.",0.031250,6.719308,4,0.708917,4
0,Refugee funding suspension is unrelated,border wall funding,5,State Department orders resettlement agencies to stop funded work supporting refugees currently in the U.S.,"The “Refugee Funding Suspension” refers to the suspension of federal funding to USRAP nonprofit partners for their work processing refugee applications abroad and providing services to refugees domestically. USRAP nonprofit partners, including Plaintiff resettlement agencies, learned of the Refugee Funding Suspension on January 24, when PRM issued mass “Suspension Notices” directing resettlement agencies to immediately stop work, cancel obligations, and incur no new costs. Dkt. No. 31-3. Plaintiffs allege that, along with these Suspension Notices, the Refugee Funding Suspension also includes a sub silentio suspension, enacted without notice, of contractual reimbursements owed to USRAP partner nonprofits Case 2:25-cv-00255-JNW Document 45 Filed 02/28/25 Page 33 of 62 FINDINGS OF FACT, CONCLUSIONS OF LAW, AND ORDER ISSUING PRELIMINARY INJUNCTION - 34 1 2 3 4 5 6 7 8 9 10 11 12 13 14 15 16 17 18 19 20 21 22 23 for work already performed under cooperative agreements. See Dkt. No. 15-23 ¶¶ 46-47. The Court finds that these agency actions—the Agency Suspension and the Refugee Funding Suspension—are discrete enough to facilitate APA review. See Al Otro Lado, Inc. v. McAleenan, 394 F. Supp. 3d 1168, 1206–07 (S.D. Cal. 2019) (finding that unwritten, informal DHS policy limiting access to asylum at border was APA-reviewable); Washington v. U.S. DHS, 614 F. Supp. 3d 863, 872–73 (W.D. Wash. 2020) (same as to unwritten CBP policy of courthouse arrests of noncitizens). b. Agency Defendants cannot evade APA review merely by claiming they are implementing executive orders.",0.031025,5.924966,6,0.713725,3
3,Directly about refugee resettlement program operations and funding,refugee resettlement,1,State Department orders resettlement agencies to stop funded work supporting refugees currently in the U.S.,"The Act also denies the Executive Case 1:25-cv-00465 Document 1 Filed 02/18/25 Page 13 of 35 14 Branch any authority to defer spending except for three specified reasons; it forbids deferrals based on policy disagreements with Congress. Id. § 684(b). III. USCCB’s Refugee-Resettlement Program And Cooperative Agreements 37. Each year since the enactment of the Refugee Act of 1980, USCCB has entered into agreements with the federal government to provide initial-resettlement services for refugees. USCCB receives and coordinates the distribution of PRM awards for initial resettlement through its Migration & Refugee Service. USCCB partners with subrecipients, most of whom are local Catholic Charities, across the United States to accomplish this work. These partners are strategically chosen in concert with the State Department and state refugee coordinators to achieve goals such as partnering with subrecipients in locations that will facilitate family reunification efforts. 38. Today, USCCB runs the largest non-governmental refugee-resettlement program in the United States. Resettlement Services, USCCB, (last visited Feb. 14, 2025) https://perma.cc/2DPN-M47N. USCCB currently serves approximately 17% of refugees being resettled in the United States. And since 1980, USCCB has provided refugee-resettlement services to more than 930,000 refugees. 39. In providing this assistance, USCCB has consistently devoted more resources than it receives in related federal funding. In 2023, for example, USCCB paid $4 million more on its refugee-resettlement and related programs than it received from the federal government.",0.032522,9.336521,2,0.797239,1
2,About freezing funds for refugee resettlement programs despite broader OMB framing,refugee resettlement,2,"OMB temporarily pauses agency grant, loan, and financial assistance programs","114. HHS’s unilateral executive action to withhold or freeze funds appropriated by Congress for the refugee resettlement programs thus unconstitutionally infringes on Congress’s spending and appropriations powers. 115. Because HHS has arbitrarily and capriciously refused to provide the refugee resettlement program federal grants—effectively terminating the programs—the County is entitled to the declaratory and injunctive relief sought here. Case 1:25-cv-01058 Document 1 Filed 04/08/25 Page 29 of 33 30 PRAYER FOR RELIEF WHEREFORE, Plaintiff Harris County prays that this Court: 1. Declare that HHS’s sub silentio cancellation of congressional appropriations for the refugee resettlement programs, as applied to the County, is contrary to law under the APA; 2. Declare that HHS’s sub silentio cancellation of congressional appropriations for the refugee resettlement programs , as applied to the County, is arbitrary and capricious under the APA; 3. Declare that HHS’s sub silentio cancellation of congressional appropriations for to provide the refugee resettlement programs , as applied to the County, is in violation of the U.S. Constitution’s separation of powers; 4. Hold as unlawful and set aside HHS’s actions regarding the refugee resettlement program grants, as applied to the County; 5. Enjoin—temporarily, preliminarily, and permanently—HHS from taking any action enforcing or implementing against the County any effective cancellation of the refugee resettlement program, including cancellation of any appropriations for the refugee resettlement programs before the end of the period authorized by Congress; and 6.",0.032522,9.603986,1,0.781207,2
3,Directly about transferring initial refugee resettlement grants and contracts,refugee resettlement,3,President Trump transfers grant-making authority for initial resettlement grants and contracts from DOS to ORR,"Presidential Documents 49007 Federal Register / Vol. 90, No. 209 / Friday, October 31, 2025 / Presidential Documents Presidential Determination No. 2025–14 of September 30, 2025 Presidential Determination on Transferring the United States Program of Initial Refugee Resettlement Memorandum for the Secretary of State [and] the Secretary of Health and Human Services By the authority vested in me as President by the Constitution and the laws of the United States of America, including section 412(b)(1) of the Immigration and Nationality Act (8 U.S.C. 1522(b)(1)), it is hereby ordered: Refugee resettlement must be conducted in a manner that serves the national interest, promotes efficient use of taxpayer dollars, protects the integrity of the United States immigration system, and supports refugees in achieving early economic self-sufficiency and assimilation into American society. Centralizing the responsibilities for all domestic resettlement under one executive department or agency (agency) eliminates unnecessary duplication and ensures that refugee resettlement is closely coordinated with State and local jurisdictions, to the extent permitted by law and as practicable. I have determined that the administration of the program of initial resettlement grants and contracts, which are awarded to public or private nonprofit agencies for initial resettlement services for refugees coming to the United States, shall be transferred to the Department of Health and Human Services, Office of Refugee Resettlement.",0.031746,9.139080,3,0.774098,3
2,Directly about refugee referrals and the refugee admissions pipeline,refugee resettlement,4,Foreign Affairs Manual section on Referrals for Refugee Status updated to remove references to transgender and intersex individuals,"UNCLASSIFIED (U) 9 FAM 203.4 REFERRALS FOR REFUGEE STATUS (CT:VISA-2131; 02-26-2025) (Office of Origin: CA/VO) 9 FAM 203.4-1 REQUESTS FOR REFUGEE OR ASYLUM, REFERRALS OVERVIEW (CT:VISA-1995; 05-29-2024) a. Priority 1 (P-1) refugee cases include all cases individually identified and referred to the U.S. Refugee Admissions Program (USRAP) by the United Nations High Commissioner for Refugees (UNHCR), a U.S. embassy (see 9 FAM 203.4-2), or a non-governmental organization (see paragraph d below). b. In most instances, persons potentially in need of protection are served by UNHCR, which has an international mandate for refugee protection, and which may refer the individuals for third country resettlement. c. Requests at U.S. Missions: Individuals seeking temporary refuge or asylum in the United States sometimes approach diplomatic missions directly. (1) If someone approaches U.S. Government agency representatives seeking such assistance, missions should see the guidance in: (a) 2 FAM 227, Requests for Asylum by Foreign Nationals; (b) 2 FAM 227.2 paragraph b, Handling Asylum Requests by Persons Within Foreign Jurisdictions; and (c) Refer to the most recent walk-in guidance cable for Diplomatic and Consular Establishments. (2) In general, refugees seeking third-country resettlement should be referred to the host government or the nearest representative of the United Nations High Commissioner for Refugees (UNHCR) for information or assistance. The international community has given UNHCR the responsibility to protect refugees worldwide.",0.031010,7.849234,4,0.750270,5
1,Firm resettlement doctrine is related but not refugee resettlement programming,refugee resettlement,5,EOIR and USCIS issue communicable-disease security bars to asylum and withholding eligibility,"29, 2011] § 208.15 Definition of ‘‘firm resettlement.’’ An alien is considered to be firmly resettled if, prior to arrival in the United States, he or she entered into another country with, or while in that country received, an offer of permanent resident status, citizenship, or some other type of permanent resettlement unless he or she establishes: (a) That his or her entry into that country was a necessary consequence of his or her flight from persecution, that he or she remained in that country only as long as was necessary to arrange onward travel, and that he or she did not establish significant ties in that country; or (b) That the conditions of his or her residence in that country were so substantially and consciously restricted by the authority of the country of refuge that he or she was not in fact resettled. In making his or her determination, the asylum officer or immigration judge shall consider the conditions under which other residents of the country live; the type of housing, whether permanent or temporary, made available to the refugee; the types and extent of employment available to the refugee; and the extent to which the refugee received permission to hold property and to enjoy other rights and privileges, such as travel documentation that includes a right of entry or reentry, education, public relief, or naturalization, ordinarily available to others resident in the country. [65 FR 76135, Dec. 6, 2000] § 208.16 Withholding of removal under section 241(b)(3)(B) of the Act and withholding of removal under the Convention Against Torture.",0.030777,7.625769,6,0.751507,4
3,Exact match on the public charge rule,public charge rule,1,USCIS issues final rule on public charge inadmissibility grounds,"Public Charge USCIS is no longer applying the August 2019 Public Charge Final Rule. As a consequence, among other changes, USCIS will apply the public charge inadmissibility statute consistent with the 1999 Interim Field Guidance. In other words, USCIS is not considering an applicant’s receipt of Medicaid (except for long-term institutionalization at the government’s expense), public housing, or Supplemental Nutrition Assistance Program (SNAP) benefits as part of the public charge inadmissibility determination. Background On Nov. 2, 2020, the U.S. District Court for the Northern District of Illinois vacated the Inadmissibility on Public Charge Grounds final rule (84 Fed. Reg. 41,292 (Aug. 14, 2019)), as amended by Inadmissibility on Public Charge Grounds; Correction, 84 Fed. Reg. 52,357 (Oct. 2, 2019) (Public Charge Final Rule) nationwide. That decision was stayed by the U.S. Court of Appeals for the Seventh Circuit. On March 9, 2021, the Seventh Circuit lifted its stay and the U.S. District Court for the Northern District of Illinois’ order vacating the Public Charge Final Rule went into effect. When the vacatur went into effect, USCIS immediately stopped applying the Public Charge Final Rule to all pending applications and petitions that would have been subject to the rule. USCIS continues to apply the public charge inadmissibility statute, including consideration of the statutory minimum factors in the totality of the circumstances, in accordance with the 1999 Interim Field Guidance that was in place before the Public Charge Final Rule was implemented.",0.032787,15.442480,1,0.807503,1
0,Modified criminal convictions are unrelated to public charge,public charge rule,2,"AG Barr issues Matter of Thomas and Thompson, ruling on the immigration effect of modified criminal convictions","There, the Board established a rule that “a conviction will be found for immigration purposes” where: (1) a judge or jury has found the alien guilty or he has entered a plea of guilty or nolo contendere or has admitted sufficient facts to warrant a finding of guilty; (2) the judge has ordered some form of punishment, penalty, or restraint on the person’s liberty to be imposed (including but not limited to incarceration, probation, a fine or restitution, or community-based sanctions such as a rehabilitation program, a work-release or study- release program, revocation or suspension of a driver’s license, deprivation of nonessential activities or privileges, or community service); and (3) a judgment or adjudication of guilt may be entered if the person violates the terms of his probation or fails to comply with the requirements of the court’s order, without availability of further proceedings regarding the person’s guilt or innocence of the original charge. Id. at 551–52. Under Ozkok’s definition of “conviction,” “it was possible for a defendant to plead nolo contendere, obtain a suspended sentence, or enter a rehabilitation program on probation—so long as the court stopped short of a formal adjudication of guilt—without having the offense be considered a conviction for purposes of immigration laws.” Francis v. Gonzales, 442 F.3d 131, 140 (2d Cir. 2006). Applying this definition “required an individualized analysis of the particular procedures of different state penal systems to determine whether a person had been ‘convicted.’” Id.",0.029958,6.485959,3,0.675889,11
0,General USCIS discretion policy is not the public charge rule,public charge rule,3,USCIS updates policy on applying discretion in adjudications,"[^ 60] For definitions of public safety and national security concerns, see Updated Guidance for the Referral of Cases and Issuance of Notices to Appear (NTAs) in Cases Involving Inadmissible and Deportable Aliens (PDF), PM-602-0050.1, issued June 28, 2018. [^ 61] The oﬀicer should not go behind the record of conviction to reassess an alien’s ultimate guilt or innocence, but rather inquire into the circumstances surrounding the commission of the crime in order to determine whether a favorable exercise of discretion is warranted. See Matter of Edwards (PDF), 20 I&N Dec. 191, 197 (BIA 1990). [^ 62] USCIS considers findings of juvenile delinquency on a case-by-case basis, based on the totality of the evidence, to determine whether a favorable exercise of discretion is warranted. Therefore, an adjustment applicant must disclose all arrests and charges. If any arrest or charge was disposed of as a matter of juvenile delinquency, the applicant must include the court or other public record that establishes this disposition. See Volume 7, Adjustment of Status, Part A, Adjustment of Status Policies and Procedures, Chapter 4, Documentation, Section A, Initial Evidence, Subsection 7, Certified Copies of Arrest Records and Court Dispositions [7 USCIS-PM A.4(A)(7)]. For more information, see Volume 7, Adjustment of Status, Part B, 245(a) Adjustment [7 USCIS-PM B] and Part F, Special Immigrant-Based (EB-4) Adjustment, Chapter 7, Special Immigrant Juveniles, Section C, Eligibility Requirements, Subsection 4, Admissibility and Waiver Requirements [7 USCIS-PM F.7(C)(4)].",0.029514,6.328516,4,0.673974,12
0,Border asylum rule is unrelated to public charge,public charge rule,4,Asylum seekers given less time to prepare for credible fear interviews,"81156 DEPARTMENT OF HOMELAND SECURITY 8 CFR Parts 208 and 235 [CIS No. 2778–24; Docket No: USCIS–2024– 0006] RIN 1615–AC92 DEPARTMENT OF JUSTICE Executive Office for Immigration Review 8 CFR Part 1208 [A.G. Order No. 6053–2024] RIN 1125–AB32 Securing the Border AGENCY: U.S. Citizenship and Immigration Services (‘‘USCIS’’), Department of Homeland Security (‘‘DHS’’); Executive Office for Immigration Review (‘‘EOIR’’), Department of Justice (‘‘DOJ’’). ACTION: Final rule; request for comments. SUMMARY: On June 3, 2024, the President signed a Proclamation under sections 212(f) and 215(a) of the Immigration and Nationality Act (‘‘INA’’) suspending and limiting the entry of certain noncitizens into the United States during emergency border circumstances. DHS and DOJ (‘‘the Departments’’) issued a complementary interim final rule (‘‘IFR’’) shortly thereafter. This final rule responds to public comments received on the IFR, makes certain revisions to the regulatory text, and seeks comment on potential changes to the Circumvention of Lawful Pathways rule as well as changes that parallel modifications made by the subsequent Proclamation. DATES: Effective date: This rule is effective at 12:01 a.m. eastern daylight time on October 1, 2024. Comment period for solicited comments: Comments on the extended and expanded applicability of the Circumvention of Lawful Pathways rebuttable presumption in Section IV of this preamble and changes that parallel modifications made by the subsequent Proclamation described in Section II.C.1 of this preamble must be submitted on or before November 6, 2024.",0.029514,5.569059,12,0.687781,4
1,Public benefits eligibility is adjacent but not the public charge rule,public charge rule,5,HHS issues notice excluding undocumented immigrants from additional federal benefits,"Plaintiff the District of Columbia is a municipal corporation organized under the Constitution of the United States. It is empowered to sue and be sued, and it is the local government for the territory constituting the permanent seat of the federal government. The District is represented by and through its chief legal officer, Attorney General Brian L. Schwalb. The Attorney General has general charge and conduct of all legal business of the District and all suits initiated by and against the District and is responsible for upholding the public interest. D.C. Code. § 1-301.81. 24. Plaintiff State of Hawai‘i, represented by and through its Attorney General Anne Lopez, is a sovereign state of the United States of America. The Attorney General is Hawaii’s chief legal officer and chief law enforcement officer and is authorized by Hawaii Revised Statues § 28-1 to pursue this action. 25. Plaintiff State of Illinois is a sovereign state in the United States of America. Illinois is represented by Kwame Raoul, the Attorney General of Illinois, who is the chief law enforcement officer of Illinois and authorized to sue on the State’s behalf. Under Illinois law, the Attorney General is authorized to represent the State’s interests by the Illinois Constitution, article V, section 15. See 15 Ill. Comp. Stat. 205/4. 26. Plaintiff State of Maine is a sovereign state of the United States of America. Maine is represented by Aaron M. Frey, the Attorney General of Maine. The Attorney General is authorized to pursue this action pursuant to Me.",0.029412,5.883380,8,0.680749,8
3,Exact match on MPP,migrant protection protocols,1,"EO 14165 § 6 directs DHS, DOS, and DOJ to resume the Migrant Protection Protocols","1 OOD PM 21-26 Effective: June 24, 2021 To: All Immigration Court and Board of Immigration Appeals Personnel From: Jean King, Acting Director Date: June 24, 2021 MIGRANT PROTECTION PROTOCOLS AND MOTIONS TO REOPEN PURPOSE: Provides information regarding the adjudication of motions to reopen in Migrant Protection Protocols cases OWNER: Office of the Director AUTHORITY: 8 C.F.R. § 1003.0(b) CANCELLATION: None. I. Former Migrant Protection Protocols In January 2019, the Department of Homeland Security (DHS) implemented the Migrant Protection Protocols (MPP), which required certain individuals to wait in Mexico while awaiting adjudication by the Executive Office for Immigration Review (EOIR). See INA § 235(b)(2)(C) (authorizing the return of certain noncitizens to a contiguous territory pending removal proceedings under INA § 240); U.S. Dep’t of Homeland Security, Migrant Protection Protocols (Jan. 24, 2019), https://www.dhs.gov/news/2019/01/24/migrant-protection-protocols; see also Matter of J.J. Rodriguez, 27 I&N Dec. 762, 763–64 (BIA 2020) (describing the MPP). Since the MPP’s implementation, there have been concerns over whether the protocols are consistent with the fair and efficient adjudication of immigration cases. See, e.g., Exec. Order No. 14010, 86 Fed. Reg. 8267 (Feb. 2, 2021) (ordering DHS to promptly review and determine whether to terminate or modify the MPP and to consider a phased strategy for the safe and orderly entry into the United States of those individuals who have been subjected to MPP for further processing of their asylum claims).",0.032787,18.989620,1,0.802949,1
0,CHNV parole litigation is not about MPP,migrant protection protocols,2,"EO 14165 § 7(b) directs termination of ""categorical parole programs"" including CHNV Parole Processes","At a minimum, granting the stay would facilitate needless human suffering before the courts have reached a final judgment regarding the legal arguments at issue, while denying the Government’s application would not have anything close to that kind of practical impact. 7 Cite as: 605 U. S. ____ (2025) JACKSON, J., dissenting * * * With the stakes as high as they are in this case, measured in terms of real harm to real people, one might reasonably expect the Government to step up to equity’s scale with a mountain of harm-related arguments, bolstered by evi­ dence. The Government bears the burden of showing why it, or the public, will be irreparably injured should it be pre­ vented from exercising its policy preferences now—i.e., while the lawfulness of this agency action is being litigated. This Court has repeatedly denied similar stay requests from federal agencies in recent years, unmoved by the bald contention that the Government is irreparably harmed whenever its “substantial interest in carrying out the Pres­ ident’s policies,” Application for Stay 24, is burdened. See, e.g., Application in Biden v. Texas, No. 21A21, p. 4 (arguing that an injunction forcing the Government to comply with Migrant Protection Protocols (MPP) “imposes a severe and unwarranted burden on Executive authority over immigra­ tion policy and foreign affairs by ordering the government to precipitously re-implement a discretionary program that the Secretary has determined was critically flawed”); Biden v.",0.032002,10.808155,3,0.732355,2
2,Main case is TPS related but the snippet substantially discusses MPP,migrant protection protocols,3,DHS terminates Temporary Protected Status for Honduras,"25-2581, 2025 WL 2017247 (9th Cir. July 18, 2025) does not require the Court to limit postponement to the individual named Plaintiffs. There, ImmDef, an organizational plaintiff, sought relief against the government’s reimplementation of Migrant Protection Protocols (“MPP”) because Case 3:25-cv-05687-TLT Document 73 Filed 07/31/25 Page 35 of 37 36 1 2 3 4 5 6 7 8 9 10 11 12 13 14 15 16 17 18 19 20 21 22 23 24 25 26 27 28 United States District Court Northern District of California reimplementation would impair ImmDef’s ability to represent their clients. 2025 WL 2017247 at *6–8. The Ninth Circuit “limit[ed] the district court’s § 705 Stay order to exempting ImmDef’s [current and future] clients from [Migrant Protection Protocols] MPP.” Id. at *14 (internal quotations omitted). In contrast, here, individual Plaintiffs seek relief from the Secretary’s TPS termination decisions and the standard remedy for these actions is to set aside an agency’s action if the action is found to be unlawful. See 5 U.S.C. § 706(2)(A) (“The reviewing court shall ... set aside agency action, findings, and conclusions found to be . . . arbitrary, capricious, an abuse of discretion, or otherwise not in accordance with law[.]”) (emphasis added). Moreover, unlike the Immigrant Defenders stay order, which enjoined the government from reimplementing MPP, an order here would only postpone the Secretary’s TPS terminations until the next step of the litigation. A postponement would also not enjoin the Secretary from making further TPS determinations.",0.031754,13.756900,2,0.724132,4
0,Travel ban proclamation is unrelated,migrant protection protocols,4,"POTUS issues Presidential Proclamation, removing Chad from Travel Ban","I therefore hereby proclaim the following: Section 1. Policy and Purpose. (a) It is the policy of the United States to protect its citizens from terrorist attacks and other public-safety threats. Screening and vetting protocols and procedures associated with visa adjudications and other immigration processes play a critical role in implementing that policy. They enhance our ability to detect foreign nationals who may commit, aid, or support acts of terrorism, or otherwise pose a safety threat, and they aid our eworts to prevent such individuals from entering the United States. (b) Information-sharing and identity-management protocols and practices of foreign governments are important for the ewectiveness of the screening and vetting protocols and procedures of the United States. Governments manage the identity and travel documents of their nationals and residents. They also control the circumstances under which they provide information about their nationals to other governments, including information about known or suspected terrorists and criminal-history information. It is, therefore, the policy of the United 11/7/2018 Presidential Proclamation Enhancing Vetting Capabilities and Processes for Detecting Attempted Entry Into the United States by Terrorists or Other Pub… https://www.whitehouse.gov/presidential-actions/presidential-proclamation-enhancing-vetting-capabilities-processes-detecting-attempted-entry-united-states-terroris… 3/20 States to take all necessary and appropriate steps to encourage foreign governments to improve their information-sharing and identity-management protocols and practices and to regularly share identity and threat information with our immigration screening and vetting systems.",0.030777,7.045073,4,0.720995,6
1,ACA case is asylum-transfer policy adjacent but not MPP,migrant protection protocols,5,DHS Secretary ratifies interim final rule on Asylum Cooperative Agreements,"In its motion, DHS stated that D.G. had not expressed a fear of being removed to Honduras, even though that motion was the first time Defendants had raised any possibility of removal to Honduras. D.G.’s case was continued, and he now fears that he will be removed to Honduras. In Honduras he fears violence stemming from his status as a Nicaraguan migrant, and he likewise fears that Honduras will immediately deport him to or otherwise require him to return to neighboring Nicaragua. 23. Plaintiff Y.A. fled her native Somalia after her stepmother subjected her to female genital mutilation and forced marriage to a much older man. Before the marriage could occur, members of Y.A.’s fiancé’s clan kidnapped her, and her fiancé tried to rape her. Y.A. fled Somalia for Kenya and South Africa but was unable to find safety in either country. As a result, she fled to the United States and briefly traveled through Honduras on the way. Y.A. entered the United States in October 2024, was detained by DHS, and applied for asylum, withholding of removal, and CAT protection. On September 4, 2025, which was supposed to be Y.A.’s final hearing date before an immigration judge, the immigration judge sua sponte ordered pretermission of her applications and ordered her removed to Honduras or, in the alternative, to Uganda based on the ACAs with those countries and pursuant to the Rule, Guidance, and Designations. Y.A. fears that if she is removed to Honduras, she will being targeted for harm as a black, Muslim woman who does not speak Spanish.",0.029670,6.439669,5,0.708720,10
3,Directly about expedited removal system and related consultation directives,expedited removal procedures,1,Asylum seekers given less time to prepare for credible fear interviews,"On the merits, the Court concludes that Cuccinelli was not lawfully appointed to serve as acting Director and that, as a result, he lacked authority to issue the reduced-time-to-consult and prohibition-on-extensions directives. The remedy for that deficiency, moreover, is compelled by the FVRA and the APA: the Asylum Directives must be set aside. Finally, having reached that conclusion, the Court need not—and does not—reach Plaintiffs’ alternative legal challenges. Case 1:19-cv-02676-RDM Document 34 Filed 03/01/20 Page 5 of 55 6 I. BACKGROUND A. The Expedited Removal System Congress first introduced the concept of expedited removal when it enacted the Illegal Immigration Reform and Immigrant Responsibility Act (“IIRIRA”) in 1996. Pub. L. No. 104208, Div. C, 110 Stat. 3009–546, 3009 (1996) (codified as amended in scattered sections of 8 U.S.C.). Expedited removal procedures allow the Department of Homeland Security (“the Department”) to remove a subset of aliens—those arriving at the border and those who recently entered the United States without inspection—with considerably less process than the formal proceedings required to remove other aliens. See 8 U.S.C. § 1225(b)(1)(A)(i). IIRIRA, in particular, authorizes the Department to remove aliens subject to expedited removal procedures “without further hearing or review[.]” Id. If an alien subject to expedited removal “indicates either an intention to apply for asylum . . . or a fear of persecution,” however, then the immigration officer is required to “refer the alien for an interview by an asylum officer,” id.",0.032787,13.805987,1,0.748502,1
3,Directly about wrongful use of expedited removal against an advance parole holder,expedited removal procedures,2,DHS deports DACA recipient returning with advance parole,"52. Plaintiff has complied with each and every requirement Defendants imposed upon him. He has reapplied for DACA each time his permission expired, he has maintained employment consistent with his valid employment authorization and he has paid all fees required for each application-including the advance parole document he was given by USCIS. Despite each of these things, Defendants never alerted Plaintiff to any issues or concerns before he left the United States. Plaintiff in essence relied on Defendants when they granted his advance parole and authorized him to make a temporary trip abroad and return. 53. Plaintiff left the United States in reliance with Defendants grant of advance Case 3:25-cv-00801-X Document 1 Filed 04/02/25 Page 15 of 19 PageID 15 16 parole, but by then denying him permission to reenter the country, and subjecting him to expedited removal procedures., Defendants have effectuated the removal of the Plaintiff in means other than those authorized by Congress. 54. Defendants cannot effectuate de facto removal by revoking Advance Parole, consistent with the Due Process clause. United States ex rel. Accardi v. Shaughnessy, 347 U.S. 260, 268 n.8 (1954). 55. Procedural due process requires, in most cases, a hearing of some kind. Mathews v. Eldridge, 424 U.S. 319, 332-333, 96 S.Ct. 893, 901-902 (1976). The process due depends on three factors: [f]irst, the private interest that will be affected by the official action; second, the risk of an erroneous deprivation of such interest through the procedures used, and the probable value, if any, of additional or substitute procedural safeguards; and finally, the Government’s interest, including the function involved and the fiscal and administrative burdens that the additional or substitute procedural requirement would entail.",0.032002,10.052987,3,0.747454,2
3,Directly discusses expedited removal safeguards and procedural defects,expedited removal procedures,3,DHS Secretary ratifies interim final rule on Asylum Cooperative Agreements,"162. If applied in expedited removal proceedings, the safe third country provision must be applied through the statutory credible fear interview process, with its attendant procedural Case 1:20-cv-00116-EGS Document 157-1 Filed 09/08/25 Page 48 of 52 46 safeguards. Nothing in the safe third country provision purports to create an alternate expedited removal mechanism. 163. Because the Rule and Guidance provide for the expedited removal of asylum seekers without application of the low credible fear screening standard, right to consultation with and representation by counsel, and immigration judge review, the Rule and Guidance violate 8 U.S.C. § 1225(b)(1) and are contrary to law under the APA, 5 U.S.C. § 706(2)(A). SEVENTH CLAIM FOR RELIEF (Challenge to the Rule, Guidance, and Designations) (Violation of the APA, Arbitrary and Capricious) 164. The APA requires reasoned and reasonable policy-making. 165. The Rule, Guidance, and Designations are arbitrary and capricious in violation of the APA, 5 U.S.C. § 706(2)(A). 166. Among other reasons, the Rule, Guidance, and Designations are arbitrary and capricious because Defendants adopted procedures unreasonably ill-suited to complying with their non-refoulement obligations; made unacknowledged, inadequately explained, and unjustified departures from prior agency policies and procedures; failed to articulate reasoned explanations for their decisions; considered factors that Congress did not intend to be considered; entirely failed to consider important aspects of the problem; and offered explanations that run counter to the evidence before the agencies.",0.031754,12.633759,2,0.736883,4
2,Directly references expedited removal as a consequence of parole revocation policy,expedited removal procedures,4,"EO 14165 § 7(b) directs termination of ""categorical parole programs"" including CHNV Parole Processes","In this litigation, Defendants have repeatedly contended that Plaintiffs will have the opportunity to renew their requests for immigration benefits if placed in removal proceedings.20 But even if Plaintiffs can renew requests for certain benefits, some requests may very well be denied simply because Plaintiffs would no longer be in lawful status. Defendants’ positions are also inconsistent. Despite claiming Plaintiffs could renew requests in removal proceedings, Defendants: (1) are defending the FRN, which states that the revoking of parole is designed to ensure expedited removal (thereby avoiding removal proceedings); and (2) insist that Plaintiffs can be subjected to expedited removal proceedings while acknowledging, at a hearing before this court, that Plaintiffs could not renew most immigration benefits requests if placed in expedited proceedings. See infra Part IV.A. Finally, Defendants neglect to mention that the Davidson Memorandum—which Defendants maintain is lawful—imposed an indefinite suspension of immigration benefits adjudications, rendering Plaintiffs’ chances of having any benefits adjudicated outside of removal proceedings a virtual nullity. In either event, Plaintiffs have standing. 19 Denial of work authorization over the course of this litigation would cause harm to Plaintiffs that could not be remedied through damages. See supra Part I.G. 20 See, e.g., Opp. to Supp. Mot. for Class Cert. 8 [Doc. No. 90] (“If Rescinded Parolee Plaintiffs are placed into removal proceedings under 8 U.S.C.",0.031258,9.762866,5,0.739184,3
1,Discusses detention and release patterns more than expedited removal procedures,expedited removal procedures,5,"EO 14165 § 6 directs DHS, DOS, and DOJ to resume the Migrant Protection Protocols","From Fiscal Years 2013 to 2019, nearly three-quarters of single adult and family unit members who were encountered at the SWB were either never placed in or released from detention during the pendency of their proceedings—more than 1.1 million (41 percent) were never booked into ICE detention and nearly 900,000 (33 percent) were booked in for a period of time but released prior to the conclusion of their removal proceedings.122 Even during the period that MPP was in effect from late January 2019 to January 20, 2021, more than two-thirds of single adults and individuals in family units encountered along the SWB and processed through non-MPP Title 8 authorities— more than 650,000 individuals—were never detained or released from ICE custody during the incorporated the new “case-by-case” requirement into its regulation, while also maintaining its longstanding regulatory authority to release when “continued detention is not in the public interest,” 8 C.F.R. § 212.5(b)(5), which remained consistent with the statute after the 1996 amendment. Inspection and Expedited Removal of Aliens; Detention and Removal of Aliens; Conduct of Removal Proceedings; Asylum Procedures, 62 Fed. Reg. 10,312, 10,313 (Mar. 6, 1997). 118 8 U.S.C § 1103(a)(1); Chevron U.S.A., Inc. v. NRDC, 467 U.S. 837 (1984); cf., e.g., Ibragimov v. Gonzales, 476 F.3d 125, 137 n.17 (2d Cir. 2007) (deferring to another aspect of same parole regulation). 119 8 C.F.R. § 212.5(b)(5). 120 See, e.g., Interim Guidance for Implementation of Matter of M-S, 27 I&N Dec.",0.031010,9.866985,4,0.733716,5
1,Discusses detention capacity and usage but not formal detention standards,ICE detention standards,1,"EO 14165 § 6 directs DHS, DOS, and DOJ to resume the Migrant Protection Protocols","In September 2021, for example, CBP encountered approximately 192,000 individuals along the SWB.121 And as discussed above, even in August 2019, when MPP enrollments were at their zenith, CBP encountered nearly 63,000 individuals along the SWB. Meanwhile, ICE Enforcement and Removal Operations (ERO) is generally appropriated for approximately 34,000 detention beds nationwide with some modest fluctuation from year to year. This variance between border crossings and detention capacity is not new and was in fact the reality even when MPP was in place (see Appendix 1). From Fiscal Years 2013 to 2019, nearly three-quarters of single adult and family unit members who were encountered at the SWB were either never placed in or released from detention during the pendency of their proceedings—more than 1.1 million (41 percent) were never booked into ICE detention and nearly 900,000 (33 percent) were booked in for a period of time but released prior to the conclusion of their removal proceedings.122 Even during the period that MPP was in effect from late January 2019 to January 20, 2021, more than two-thirds of single adults and individuals in family units encountered along the SWB and processed through non-MPP Title 8 authorities— more than 650,000 individuals—were never detained or released from ICE custody during the incorporated the new “case-by-case” requirement into its regulation, while also maintaining its longstanding regulatory authority to release when “continued detention is not in the public interest,” 8 C.F.R.",0.032787,12.717622,1,0.760605,1
1,References ICE detention responsibilities but not detention standards,ICE detention standards,2,DHS Secretary ratifies interim final rule on Asylum Cooperative Agreements,"border or who present themselves at ports of entry. CBP makes the initial determination whether an individual in expedited removal is “amenable” to removal pursuant to an ACA and, if so, refers the individual to USCIS for a “threshold screening interview.” 36. Defendant Todd Lyons is the Acting Director of ICE. He is sued in his official capacity. 37. Defendant ICE is the sub-agency of DHS that is responsible for carrying out removal orders and overseeing immigration detention. Case 1:20-cv-00116-EGS Document 157-1 Filed 09/08/25 Page 15 of 52 13 FACTS Protections for People Fleeing Persecution and Torture 38. Federal law provides three primary forms of protection for individuals fleeing persecution and torture: asylum under 8 U.S.C. § 1158; withholding of removal under 8 U.S.C. § 1231(b)(3); and protection under the Convention Against Torture (“CAT”), see 8 C.F.R. § 1208.16-18. 39. Asylum affords protection to individuals who have a “well-founded fear of persecution” on account of race, religion, nationality, political opinion, or membership in a particular social group. 8 U.S.C. § 1101(a)(42)(A). The Supreme Court has recognized that a ten percent chance of persecution can give rise to a well-founded fear of persecution. INS v. Cardoza-Fonseca, 480 U.S. 421, 430, 440 (1987). Past persecution gives rise to a presumption of a well-founded fear of future persecution and thus of asylum eligibility. 40. Subject to several narrow exceptions, including the safe third country exception at issue here, Congress has mandated that “[a]ny [noncitizen] who is physically present in the United States or who arrives in the United States .",0.031754,8.920385,4,0.744427,2
1,About release from ICE detention in a specific case not standards generally,ICE detention standards,3,Federal judge in Oregon orders immediate release of asylum seeker from ICE detention,"The Oregonian reports on the a federal judge's order to the government that a 24-year-old asylum seeker from Mexico, Y-Z-L-H, who was arrested in the hallway of a Portland Immigration Court on June 5, 2025, be immediately released. Judge Michael H. Simon found that the asylum seeker was unlawfully detained, without justification, and that his detention was in violation of the APA. Judge Simon issued the order after a 90-minute hearing, with a written ruling to be issued next week.",0.031054,12.350646,2,0.729330,7
0,Parole authority policy is not about ICE detention standards,ICE detention standards,4,"EO 14165 § 7(b) directs termination of ""categorical parole programs"" including CHNV Parole Processes","In another executive order signed that day—Executive Order 14159, entitled “Protecting the American People Against Invasion”—President Trump directed the Secretary of Homeland Security (among others) to “rescind the policy decisions of the previous administration that led to the increased or continued presence of illegal aliens in the United States,” including by “[e]nsuring that the parole authority . . . is exercised only on a case-by-case basis in accordance with the plain language of the statute, and in all circumstances only when an individual alien demonstrates urgent humanitarian reasons or a significant public benefit derived from their particular continued presence in the United States arising from such parole.” 123. And in yet another order signed that day—Executive Order 14161, entitled “Protecting the United States from Foreign Terrorists and Other National Security and Public Safety Threats”—President Trump ordered the Secretary of Homeland Security “to ensure that all aliens seeking admission to the United States, or who are already in the United States, are vetted and screened to the maximum degree possible,” which should be “consistent” with the “vetting and screening standards” that were in effect on January 19, 2021—the last full day of President Trump’s first term in office. 124. Also on January 20, 2025, then-Acting Secretary of Homeland Security Benjamine C. Huffman issued a memorandum entitled “Exercising Appropriate Discretion Under Parole Authority” to the heads of ICE, CBP, and USCIS.",0.030303,7.713705,6,0.729424,6
1,About alleged unlawful arrests and detention by ICE but not standards,ICE detention standards,5,US citizen seek millions in damages after violent ICE arrests (RFC),"Several U.S. citizens are suing ICE and DHS for millions in damages, alleging they were violently arrested, unlawfully detained, and subjected to assault, battery, false imprisonment, and emotional distress despite being American citizens. The lawsuits includes cases such as a man arrested twice while at work and others caught in raids where ICE agents allegedly used excessive force.",0.029469,7.011711,11,0.731865,5
3,Exact match on the ACA interim final rule,asylum cooperative agreements interim final rule,1,DHS Secretary ratifies interim final rule on Asylum Cooperative Agreements,"Likely also due to the COVID-19 pandemic, the 2019 ACAs with Honduras and El Salvador were never implemented under the first Trump administration. The Biden Administration Terminated the 2019 ACAs But Failed to Rescind the Rule 88. On February 2, 2021, former President Biden directed the Attorney General and DHS Secretary to “promptly review and determine whether to rescind the interim final rule” at issue in this case “as well as any agency memoranda or guidance issued in reliance on that rule.” Executive Order 14010, 86 Fed. Reg. 8267, 8270. That executive order further directed the Secretary of State to “promptly consider whether to notify the governments of” Guatemala, Honduras, and El Salvador that “the United States intends to suspend and terminate” the 2019 ACAs with those countries. Id. 89. On February 6, 2021, the State Department announced that “the United States ha[d] suspended and initiated the process to terminate the Asylum Cooperative Agreements with the Governments of El Salvador, Guatemala, and Honduras.”6 The termination of the 2019 5 Democratic Staff Report for the Senate Committee on Foreign Relations, Cruelty, Coercion, and Legal Contortions: The Trump Administration’s Unsafe Asylum Cooperative Agreements 23, Jan. 18, 2021, https://perma.cc/48UW-JH68. 6 U.S. State Dep’t, Press Release, Suspending and Terminating the Asylum Cooperative Agreements with the Governments El Salvador, Guatemala, and Honduras, Feb. 6, 2021, https://perma.cc/BLB4-AVRD. Case 1:20-cv-00116-EGS Document 157-1 Filed 09/08/25 Page 29 of 52",0.032787,27.758434,1,0.896517,1
0,Refugee cooperative agreements are different from asylum cooperative agreements,asylum cooperative agreements interim final rule,2,State Department orders resettlement agencies to stop funded work supporting refugees currently in the U.S.,"Although the suspension letter mentioned in passing an Executive Order pausing foreign aid, that Executive Order on its face does not apply to USCCB’s cooperative agreements, which exclusively provide “domestic assistance” to government-vetted refugees located in the United States. 8 U.S.C. § 1522(a)(3) (emphasis added). And the suspension letter’s nebulous reference to the State Department’s policy priorities did nothing to explain why USCCB’s agreements—suddenly after decades of continuity—might be inconsistent with those priorities. The government also has given no explanation for its tacit refusal to reimburse preJanuary 24 expenses under USCCB’s cooperative agreements. 11. Third, the Refugee Funding Suspension is unlawful because it was done without public notice and opportunity to comment. 5 U.S.C. § 553. The suspension is a legislative or substantive rule because it prospectively alters the legal rights or interests of USCCB and thousands of refugees already present in the United States. Yet the government did not provide notice to or solicit input from affected parties and the public at large, as the APA requires. 12. The government’s suspension of funds that USCCB spends on initial refugeeresettlement services under its cooperative agreements with the State Department is unlawful. This Court should declare Defendants’ actions unlawful and set them aside and order Defendants to resume reimbursements pursuant to the cooperative agreements so that USCCB’s vital work assisting lawfully admitted refugees may continue.",0.032002,14.080795,2,0.768141,3
1,Asylum officer rule is related asylum procedure but not the ACA rule,asylum cooperative agreements interim final rule,3,"EO 14165 § 6 directs DHS, DOS, and DOJ to resume the Migrant Protection Protocols","2. Asylum Officer Rule On August 20, 2021, DHS and DOJ promulgated a Notice of Proposed Rulemaking (NPRM) for the so-called “Asylum Officer Rule,” which seeks to address systemic problems with the asylum system in an enduring way consistent with the Administration’s values. Specifically, it amends the procedures for credible fear screenings and consideration of asylum, withholding of removal, and CAT, so as to streamline the asylum process and address the current backlogs in the system.140 The comment period of this NPRM recently closed, and DHS and DOJ are currently reviewing the comments received and working on a final rule. The proposed rule addresses the fact that the number of asylum and related protection claims at the SWB has increased dramatically over the years, that the system has not been able to keep pace, and that large immigration court backlogs and lengthy adjudicated delays are the result.141 As stated in the NPRM, the proposed rule also evidences this Administration’s recognition that “[a] system that takes years to reach a result is simply not a functional one. It delays justice and certainty for those who need protection, and it encourages abuse by those who will not qualify for protection and smugglers who exploit the delay for profit.”142 The Asylum Officer Rule thus responds to the very same concerns identified by the last Administration when 138 Data on the number of initial hearings for individuals on Dedicate Docket, provided by EOIR on Oct. 25, 2021.",0.030835,11.070053,8,0.769824,2
0,This appears unrelated and not about ACA,asylum cooperative agreements interim final rule,4,EOIR and USCIS issue communicable-disease security bars to asylum and withholding eligibility,"EOIR and USCIS issue final rule adding public health-related bars to asylum eligibility. The final rule implements three changes: - Expands the ""danger to the security of the United States"" bar to asylum eligibility to include public-health crises (""emergency public health concerns generated by a communicable disease""); - Provides for ""streamlining screening for potential eligibility for deferral of removal in the expedited removal process"" for noncitizens determined ineligible for asylum based on the third country transit rule; and - Authorizes DHS to place noncitizens found ineligible for asylum or withholding under the third country transit rule or under the ""danger to the security of the United States"" bar into asylum-and-withholding only proceedings, or to remove such individuals to a third country. The rule was signed by Chad Mizelle, Senior Official Performing the Duties of the General Counsel, on behalf of Acting Secretary Wolf, and by EOIR Director James McHenry. [ID #983]",0.030310,12.331716,5,0.760579,7
0,Public charge rule is unrelated,asylum cooperative agreements interim final rule,5,USCIS issues final rule on public charge inadmissibility grounds,"Public Charge USCIS is no longer applying the August 2019 Public Charge Final Rule. As a consequence, among other changes, USCIS will apply the public charge inadmissibility statute consistent with the 1999 Interim Field Guidance. In other words, USCIS is not considering an applicant’s receipt of Medicaid (except for long-term institutionalization at the government’s expense), public housing, or Supplemental Nutrition Assistance Program (SNAP) benefits as part of the public charge inadmissibility determination. Background On Nov. 2, 2020, the U.S. District Court for the Northern District of Illinois vacated the Inadmissibility on Public Charge Grounds final rule (84 Fed. Reg. 41,292 (Aug. 14, 2019)), as amended by Inadmissibility on Public Charge Grounds; Correction, 84 Fed. Reg. 52,357 (Oct. 2, 2019) (Public Charge Final Rule) nationwide. That decision was stayed by the U.S. Court of Appeals for the Seventh Circuit. On March 9, 2021, the Seventh Circuit lifted its stay and the U.S. District Court for the Northern District of Illinois’ order vacating the Public Charge Final Rule went into effect. When the vacatur went into effect, USCIS immediately stopped applying the Public Charge Final Rule to all pending applications and petitions that would have been subject to the rule. USCIS continues to apply the public charge inadmissibility statute, including consideration of the statutory minimum factors in the totality of the circumstances, in accordance with the 1999 Interim Field Guidance that was in place before the Public Charge Final Rule was implemented.",0.030118,13.287058,4,0.755108,9
3,Directly about ORR release process for unaccompanied children,unaccompanied children ORR release policies,1,ORR requires Director-level authorization of custodial releases of certain unaccompanied children,"Policies related to influx care facilities are under Section 7. Section 2: Safe and Timely Release from ORR Care 1/27/15 Not Applicable 2.1 Summary of the Safe and Timely Release Process 1/27/15 6/18/19 - Revised wording to provide clarity. 2.2 Application for the Safe & Timely Release of UAC from ORR Care 1/27/15 6/18/19 - Renamed section and revised wording to provide clarity. 2.2.1 Identification of Qualified Sponsors 1/27/15 4/7/15 - Clarification that first cousins are Category 2 sponsors 4/11/16 - Clarification of sponsor category for children of unaccompanied alien children. 6/18/19 - Split category 2 sponsors into two separate sponsor categories, category 2A and category 2B. 3/8/2022-Clarifies what category of sponsorship applies for cases where a UC enters the United States with their biological child for each UC. 2.2.2 Contacting Potential Sponsors 1/27/15 Not Applicable 2.2.3 The Application for Release 1/27/15 8/24/15 - Added clarification that care providers confirm the relationship of Category 3 sponsors who have a distant relation with youth but no supporting documentation 1/9/17 - Clarified that the care provider informs potential sponsors that they may submit additional information not requested in the FRA, in order to support their application for release of a child. 6/7/18 - Revised to reflect updated fingerprint instructions 6/18/19 - Renamed section and revised list of documents included in the FRP. 5/6/21 - Removed Sponsor Declaration from the list of FRP documents.",0.032522,19.986184,2,0.886033,1
2,Strongly relevant broader ORR framework on care placement and release,unaccompanied children ORR release policies,2,ORR proposes revisions to forms for services provided to unaccompanied children,"279 – Transfers responsibilities for the care and placement of unaccompanied alien children from the Commissioner of the former Immigration and Naturalization Service (INS) to the Director of ORR. William Wilberforce Trafficking Victims Protection Reauthorization Act of 2008 (TVPRA), 8 U.S.C. 1232 – Creates, consistent with the HSA, additional requirements for the placement, care, and release of unaccompanied alien children in federal custody. The TVPRA also directs ORR to create policies to ensure unaccompanied alien children are protected from traffickers and others seeking to victimize them or otherwise engage them in criminal, harmful, or exploitative activity. Unaccompanied Children Program Foundational Rule, 45 C.F.R. Part 410 – Establishes a uniform set of standards and procedures concerning the placement (Part 410.1100 – 1109), care (Part 410.1000 – 11004), and services (Part 410.1300 – 1311) provided to unaccompanied alien children in ORR care that is consistent with ORR’s statutory duties and implements the terms of Flores that create responsibilities for HHS and ORR. ORR’s Interim Final Rule, Standards to Prevent, Detect, and Respond to Sexual Abuse and Sexual Harassment Involving Unaccompanied Children, 45 C.F.R. Part 411 – Sets forth such standards for ORR care provider facilities that house UAC in accordance with section 1101(c) of the Violence Against Women Reauthorization Act of 2013, Pub. L. 113-4 (VA WA 2013). 2. Purpose and Use of the Information Collection The instruments included in this information collection directly relate to the care of UAC for processing pursuant to the Paperwork Reduction Act.",0.032522,23.348604,1,0.831178,2
2,Discusses safeguards and TVPRA protections for MPP-unaccompanied children,unaccompanied children ORR release policies,3,"EO 14165 § 6 directs DHS, DOS, and DOJ to resume the Migrant Protection Protocols","Nor will the court define precisely what constitutes a meaningful opportunity to access TVPRA protections; it suffices to say that MPP-unaccompanied children must be provided a meaningful opportunity to access these rights. For instance, the TVPRA envisions that children will have extended timelines to develop and present asylum claims – their exemption from the one-year deadline to apply for asylum means that the children should have extended timelines, i.e., at least more than a year to do so. Rushing to remove a child within a matter of days or weeks would not comply with the injunction. Any efforts to remove children must comply with the TVPRA and the procedural safeguards set forth in this Order. B. Identification and Notice Safeguards. The government shall adopt safeguards and take steps to identify MPP-unaccompanied children encountered by defendants, and provide adequate and timely written notice of an unaccompanied child’s MPP status to the child, the ORR shelters in which any such children are housed, and plaintiffs.2 2 Plaintiffs may designate a representative or representatives to receive notice on their behalf. 5 Case 2:21-cv-00395-FMO-RAO Document 319 Filed 09/29/25 Page 5 of 6 Page ID #:12750 1 2 3 4 5 6 7 8 9 10 11 12 13 14 15 16 17 18 19 20 21 22 23 24 25 26 27 28 C. Guidance on Procedures and Safeguards. The government shall publish guidance on the procedures applicable to MPP-unaccompanied children, including the practices and safeguards adopted pursuant to this Judgment to ensure that MPP-unaccompanied children have meaningful access to TVPRA protections.",0.031746,14.585125,3,0.828618,3
1,Mentions unaccompanied children in litigation context but not ORR release policy itself,unaccompanied children ORR release policies,4,DHS Secretary ratifies interim final rule on Asylum Cooperative Agreements,"2022). Other courts in this District have certified under Rule 23(b)(2) similar nationwide classes of noncitizens challenging restrictive immigration policies. See, e.g., Refugee & Immigrant Ctr. for Educ. & Legal Servs. v. Noem, 793 F. Supp. 3d 19, 103 (D.D.C. 2025) (noncitizens subject to presidential proclamation barring asylum at the border), appeal pending, D.C. Cir. No. 25-05243; P.J.E.S. v. Wolf, 502 F. Supp. 3d 492, 501-02, 509-10 (D.D.C. 2020) (unaccompanied children subject to “Title 42” expulsion policy); O.A. v. Trump, 404 F. Supp. 3d 109, 160 (D.D.C. 2019) (noncitizens subject to regulation restricting asylum); see also J.D. v. Azar, 925 F.3d 1291, 131225 (D.C. Cir. 2019) (pregnant noncitizen children); Ramirez v. ICE, 338 F. Supp. 3d 1, 42-50 Case 1:20-cv-00116-EGS Document 174 Filed 12/19/25 Page 2 of 10 3 (D.D.C. 2018) (noncitizen teens challenging transfers to ICE custody); R.I.L.-R. v. Johnson, 80 F. Supp. 3d 164, 179-83 (D.D.C. 2015) (noncitizen mothers and children denied release). The same result is warranted here, and the Court should grant class certification under Rule 23(b)(2), appoint Plaintiffs J.C., A.S., Y.A., E.M., L.H., Y.V., D.M., I.B., A.M., M.S., M.A., L.T., A.T., A.J., N.S., D.D., N.V., M.O., S.M., J.M., and J.D. (the “Section 240 Individual Plaintiffs”) as Class Representatives, and appoint the undersigned as Class Counsel. BACKGROUND This suit challenges a Rule and related agency actions that purport to implement the “safe third country” provision of the asylum statute, 8 U.S.C.",0.030777,13.674402,4,0.721994,6
1,About unaccompanied refugee children not ORR release policies for UAC generally,unaccompanied children ORR release policies,5,State Department orders resettlement agencies to stop funded work supporting refugees currently in the U.S.,"3 25-1313 (d)(2)(B) requires that the program’s Director take legal and financial responsibility for unaccompanied refugee children only if such responsibility is “necessary.” The section also authorizes the Director “to make necessary decisions to provide for the child’s immediate care.” Even while using the word “shall,” the subsection drips with deference to the executive branch and invokes no firm mandate. It also is not clear from the record if there are any unaccompanied refugee children at issue here. Similarly, subsection (e)(7)(A) states the “Secretary shall develop and implement” projects for cash and medical support for refugees “as needed.” The metes and bounds of the programs are up to executive discretion—hardly a congressional mandate. In my view, Section 1522 authorizes the executive branch to craft programs under its discretion so long as appropriations flow. It does not require that those programs operate. As the law does not demand the executive branch provide these services, our court is in no position to mandate them. I thus respectfully dissent in part. Case: 25-1313, 09/12/2025, DktEntry: 149.1, Page 12 of 12",0.030310,9.497343,7,0.729289,5
3,Directly reports ICE arrests in Los Angeles,ICE raids Los Angeles,1,COVID-19: ICE reportedly resumes arrests after pausing due to pandemic,"The New York Times reports that ICE agents made 300 arrests in Los Angeles. More than a thousand others were arrested in New York, Atlanta and Phoenix, as well as in cities in Colorado, Idaho, Montana, Nevada, New Jersey, Utah, and Wyoming. [ID #1055]",0.032787,20.716810,1,0.778533,1
1,Los Angeles immigration court operations are mentioned but not ICE raids,ICE raids Los Angeles,2,"EO 14165 § 6 directs DHS, DOS, and DOJ to resume the Migrant Protection Protocols","at 7-8 (emphasis in original).) Prior to MPP 1.0, ImmDef rarely needed to travel to Mexico to meet with clients and did not represent clients in San Diego immigration court because its “motions to transfer venue to the immigration courts in Los Angeles, where [ImmDef] and most of [its] staff are based, were routinely granted.” (See Toczylowski Decl., Exhibit A ¶ 9.) “However, motions for change of venue in MPP cases were routinely denied by the San Diego immigration courts so [ImmDef] had to expand [its] operations” to provide legal representation to noncitizens it would have represented in Los Angeles prior to the implementation of MPP. (See id.) As such, MPP impaired ImmDef’s ability to conduct removal defense work in Los Angeles immigration courts. Put differently, because MPP affected ImmDef’s core business activities in Los Angeles, the expenditures ImmDef undertook were necessary and not voluntary. (See Reply at 1-3 (“If ImmDef failed to provide legal representation to individuals subjected to MPP [], it would abandon a segment of its core constituency.”).) Moreover, allegations that a “threat” to a “concrete interest is . . . imminent” is sufficient to allege “an injury in fact.” See Bishop Paiute Tribe v. Inyo County, 863 F.3d 1144, 1154 (9th Cir. 2017) (“While generalized threats of prosecution do not confer [standing] or constitutional ripeness, a genuine threat of imminent prosecution does.”); Lujan, 504 U.S. at 560 (For a plaintiff to meet the injury-in-fact prong of standing, the plaintiff must demonstrate “an invasion of a legally protected interest which is (a) concrete and particularized and (b) actual or imminent, not conjectural or hypothetical”) (internal citations omitted) (emphasis added).",0.032002,16.298274,2,0.701275,3
1,About violent ICE arrests but not specifically Los Angeles raids,ICE raids Los Angeles,3,US citizen seek millions in damages after violent ICE arrests (RFC),"Several U.S. citizens are suing ICE and DHS for millions in damages, alleging they were violently arrested, unlawfully detained, and subjected to assault, battery, false imprisonment, and emotional distress despite being American citizens. The lawsuits includes cases such as a man arrested twice while at work and others caught in raids where ICE agents allegedly used excessive force.",0.032002,15.748004,3,0.705454,2
0,Denaturalization in Los Angeles is unrelated to ICE raids,ICE raids Los Angeles,4,DOJ files denaturalization complaints against 3 U.S. citizens,"CALIFORNIA LOCAL By BRITTNY MEJIA AUG 12, 2018 | 7:30 AM y h S New citizens during a naturalization ceremony at the L.A. Convention Center. (Mel Melcon / Los Angeles Times) ADVERTISEMENT TRIAL OFFER SUPPORT QUALITY NEWS 4 weeks for 99¢ SAVE NOW TRIAL OFFER | 4 weeks for 99¢ ħ TOPICS SUBSCRIBE 4 weeks for only 99¢ s LOG IN Working a Saturday shift in the stuffy Immigration and Naturalization Service office in downtown Los Angeles in the 1970s, Carl Shusterman came across a rap sheet. A man recently sworn in as a United States citizen had failed to disclose on his naturalization application that he had been arrested, but not convicted, in California on rape and theft charges. Shusterman, then a naturalization attorney, embarked on a months-long effort to do something that rarely happened: strip someone of their American citizenship. “We had to look it up to find out how to do this,” he said. “We’d never even heard of it.” PAID CONTENT Can a big state university really aspire to 'make life better for all humankind'? You'd better... As UCLA celebrates its centennial anniversary, now is an ideal time to assess the university's relevance to humanity at large. Fortunately, that relevance is easily... SEE MORE What Is This? ADVERTISEMENT SAVE NOW TRIAL OFFER SUPPORT QUALITY NEWS 4 weeks for 99¢ SAVE NOW Forty years later, denaturalization — a complex process once primarily reserved for Nazi war criminals and human rights violators — is on the rise under the Trump administration. A United States Citizenship and Immigration Services team in Los Angeles has been reviewing more than 2,500 naturalization files for possible denaturalization, focusing on identity fraud and willful misrepresentation.",0.031250,14.954658,4,0.680053,4
1,Not about raids but discusses concern that ICE raids may increase,ICE raids Los Angeles,5,"SSA announces return of ""no-match"" letters","The National Restaurant Association, among other groups, sued over the rule change, arguing that it was overly burdensome on employers and would result in discrimination against workers who are perceived to be immigrants. They won — and the letters stopped coming in 2012 under President Obama. Last summer, the Social Security Administration said it would restart the practice in the spring of 2019, but has not explained why it opted to do so, industry sources complained. “There is not a lot of information coming out from the government about this, and some employers are petrified that ICE audits and raids will increase,” hospitality attorney Carolyn Richmond of Fox Rothschild told The Post. “We find the timing now very interesting given all the talk about immigration and the history of what happened,” Angelo Amador, regulatory counsel of the restaurant trade group that sued the feds in 2007, told The Post. “The hospitality industry is on the front lines of this,” he said. FILED UNDER EMPLOYERS , FEDERAL GOVERNMENT , ICE , ILLEGAL IMMIGRANTS , SOCIAL SECURITY , US CUSTOMS AND BORDER PROTECTION SEE ALSO ICE arrests nearly 500 illegal immigrants in massive raid Recommended by",0.030536,13.522490,5,0.674312,6
3,Exact match on the OMB pause,OMB pauses agency grant loan financial assistance programs,1,"OMB temporarily pauses agency grant, loan, and financial assistance programs","18 Federal non-discrimination laws [including those related to pregnancy] by healthcare providers that receive Federal financial assistance.” ii. The OMB Directive 71. On the evening of January 27, State Plaintiffs were alerted through social media to a Directive sent by Matthew J. Vaeth, Acting Director of the Office of Management and Budget to heads of executive departments and agencies. The Directive, titled “Temporary Pause of Agency Grant, Loan, and Other Financial Assistance Programs,” references the seven executive orders described above. OMB Directive, at 1-2. It further states that all federal agencies “must complete a comprehensive analysis of all of their Federal financial assistance programs to identify programs, projects, and activities that may be implicated by any of the President’s executive orders.” Id. at 2. Moreover, while this analysis is ongoing, “[i]n the interim, to the extent permissible under applicable law, Federal agencies must temporarily pause all activities related to obligation or disbursement of all Federal financial assistance, and other relevant agency activities that may be implicated by the executive orders, including, but not limited to, financial assistance for foreign aid, nongovernmental organizations, DEI, woke gender ideology, and the green new deal.” Id. at 2 (emphasis in original). Pursuant to the OMB Directive, the temporary pause will take effect today, January 28, 2025 at 5:00 PM. Id. 72. The OMB Directive appears to require the temporary suspension of disbursement and obligation of all Federal financial assistance with few exceptions, and not just funds that may be related to “foreign aid, nongovernmental organizations, DEI, woke gender ideology, and the green new deal.” Id.; see also Jeff Stein, et al., White House Pauses all Federal Grants, Sparking Confusion, Washington Post (Jan.",0.032787,36.947401,1,0.965075,1
1,Federal funding restrictions are related context but not the OMB-wide pause itself,OMB pauses agency grant loan financial assistance programs,2,HHS issues notice excluding undocumented immigrants from additional federal benefits,"The January 21 Anti-DEI Order again fails to define “DEI,” “DEIA,” “diversity,” “equity,” or “inclusion.” It only purports that ““diversity, equity, and inclusion,” “DEI,” “diversity, equity, inclusion, and accessibility,” or “DEIA” policies are “illegal,” “dangerous,” and “immoral” and can violate federal civil rights laws.” Id. 244. On January 20, 2025, President Trump also issued an Executive Order titled “Defending Women from Gender Ideology Extremism and Restoring Biological Truth to the Federal Government” (“Gender Ideology EO”), directing that “federal funds shall not be used to promote gender ideology.” Exec. Order No. 14,168., 90 Fed. Reg. 8615 (Jan. 30, 2025), §2(f). The Order defines “gender ideology” as a “false claim” that “replaces the biological category of sex with an ever-shifting concept of self-assessed gender identity,” and that “includes the idea that there is a vast spectrum of genders that are disconnected from one’s sex.” Id. at §2(g). 245. On January 27, 2025, OMB issued a memorandum requiring all “Federal agencies to identify and review all Federal financial assistance agencies and supporting activities consistent with the President’s policies and requirements.” Off. Of Mgmt. & Budget, Exec. Off. Of the President, OMB Memo. No. 25-13, Temporary Pause of Agency Grant, Loan, and Other Financial Assistance Programs (2025), implementing the Anti-DEI, Gender Ideology, and Anti-Immigration Orders. The memorandum instructed all federal agencies to temporarily suspend “all activities related to obligation or disbursement of all Federal financial assistance, and other relevant agency activities that may be implicated by the executive orders, including, but not limited to .",0.032258,21.196874,2,0.745564,2
2,Directly about a government-imposed funding pause tied to the same 2025 policy environment,OMB pauses agency grant loan financial assistance programs,3,State Department orders resettlement agencies to stop funded work supporting refugees currently in the U.S.,"16 relevant Executive Branch officials to institute a “90-day pause in United States foreign development assistance” pending review for programmatic efficiency and policy alignment, subject to waivers authorized by the Secretary of State for specific programs. Id. § 3(a). On the same day, President Trump signed an executive order titled “Realigning the United States Refugee Admissions Program.” Exec. Order No. 14,163, 90 Fed. Reg. 8459 (Jan. 20, 2025) (“Refugee Executive Order”). The Refugee Executive Order suspends the entry of new refugees into the United States with narrow exceptions. 44. On January 24, Secretary of State Rubio issued an order to all State Department diplomatic and consular posts stating that “[c]onsistent with” the Foreign Aid Executive Order, “all new obligations of funding . . . for foreign assistance programs funded by or through the Department and USAID” would be paused “pending a review.” Memorandum from Secretary of State to All Diplomatic and Consular Posts, Dep’t of State (Jan. 24, 2025), https://perma.cc/J26T-VCJR (“Rubio Memo”). The Rubio Memo instructed that for “existing foreign assistance awards, contracting officers and grant officers shall immediately issue stopwork orders, consistent with the terms of the relevant award, until such time as the Secretary shall determine, following a review.” Id. The Rubio Memo also provided for waivers for limited circumstances. Id. V. The Government Abruptly Suspended Funding For Refugee Resettlement 45. Although none of the President’s or Secretary of State’s orders mentions (let alone pauses) funding for the resettlement of refugees already admitted into the United States, the State Department decided suddenly to suspend refugee-resettlement funding as well (the “Refugee Funding Suspension”).",0.031746,12.140663,3,0.729977,3
0,Budget proposal material is unrelated,OMB pauses agency grant loan financial assistance programs,4,White House FY2020 Budget Proposal includes $8.6 billion in border wall funding,"9 The Balanced Budget and Emergency Deficit Control Act of 1985 had authorized an adjustment to the discretionary spending caps for appropriations designated by the Congress as being for ""disaster relief"" provided those appropriations are for activities carried out pursuant to a determination under the Robert T. Stafford Disaster Relief and Emergency Assistance Act. The 2022 Budget maintains the same methodology for determining the funding ceiling for disaster funding for 2022 and OMB currently sets its request at the estimated ceiling of $18.9 billion. Further details, including any revisions necessary to account for changes to the ceiling estimate and the specific allocations of disaster relief funding requested for 2022, will be provided in the Budget. 7 The 2022 request shifts the Formerly Utilized Sites Remedial Action Program (FUSRAP) from the Corps to DOE; setting aside the FUSRAP shift, the change from 2021 is a 10‐percent decrease to the Corps non‐defense budget. 5 The State and International Programs total includes funding for the Department of State, USAID, Treasury International, and 11 international agencies while the Treasury total excludes Treasury's International Programs. 1 The 2021 enacted column reflects OMB scoring of appropriations enacted in the Consolidated Appropriations Act, 2021 (divisions A through M of Public Law 116‐260). These estimates were contained in OMB's seven‐day‐after report for Public Law 116‐260, which is posted on OMB's website: https://www.whitehouse.gov/omb/legislative/budget‐enforcement‐act‐7‐day‐ reports/. 4 Funding from the Hospital Insurance and Supplementary Medical Insurance trust funds for administrative expenses incurred by the Social Security Administration that support the Medicare program are included in the Health and Human Services total and not in the Social Security Administration total. 2 Funding for Food for Peace Title II Grants is included in the State and International Programs total. Although the funds are appropriated to the Department of Agriculture, the funds are administered by the U.S. Agency for International Development (USAID). 3 The Department of Energy base total in 2021 includes an appropriation of $2.3 billion that had been designated as emergency in Public Law 116‐260 since the activities were for regular operations and not emergency purposes. 6 The DOT General Fund Transfer to Mandatory Programs line reflects General Fund appropriations to programs that traditionally receive mandatory funding out of the Highway and Airport and Airway Trust Funds.",0.031250,10.093505,4,0.718007,4
0,DS-2019 form revisions are unrelated,OMB pauses agency grant loan financial assistance programs,5,"DOS proposes revisions to Form DS-2019, Certificate of Eligibility for J-1 Status","Total Estimated Annual Hour Burden: 61. (v) SBA Form 3508—Paycheck Protection Program—Loan Forgiveness Application. Estimated Number of Respondents: 1,303,000. Estimated Annual Responses: 1,303,000. Estimated Annual Hour Burden: 3,909,096. (vi) SBA Form 3508S, Paycheck Protection Program—PPP Loan Forgiveness Application Form 3508S. Estimated Number of Respondents: 3,574,000. Estimated Annual Responses: 3,574,000. Estimated Annual Hour Burden: 893,500. (vii) SBA Form 3508EZ—Paycheck Protection Program—PPP Loan Forgiveness Application Form 3508EZ. Estimated Number of Respondents: 335,096. Estimated Annual Responses: 335,096. Estimated Annual Hour Burden: 111,699. (viii) [Form Number N/A] Lender Reporting Requirements Concerning Requests for Loan Forgiveness. Estimated Number of Respondents: 5,200,000. Estimated Annual Responses: 5,200,000. Estimated Annual Hour Burden: 1,330,957. (ix) [Form Number N/A] Lender Reporting Requirements for SBA Loan Reviews. Estimated Number of Respondents: 1,950,000. Estimated Annual Responses: 1,950,000. Estimated Annual Hour Burden: 975,000. (x) SBA Form 3509—Loan Necessity Questionnaire (For-Profit Borrowers). Estimated Number of Respondents: 42,000. Estimated Annual Responses: 42,000. Estimated Annual Hour Burden: 67,833. (xi) SBA Form 3510—Loan Necessity Questionnaire (Non-Profit Borrowers). Estimated Number of Respondents: 10,000. Estimated Annual Responses: 10,000. Estimated Annual Hour Burden: 9,167. Curtis Rich, Management Analyst. [FR Doc.",0.029877,8.443970,9,0.705423,5
3,Exact match on CHNV categorical parole programs,categorical parole programs CHNV,1,"EO 14165 § 7(b) directs termination of ""categorical parole programs"" including CHNV Parole Processes","206, 215 (1953))). The INA empowers the Secretary of the Department of Homeland Security (""DHS"") to grant parole of non-citizens into the United States ""only on a case-by-case basis for urgent humanitarian reasons or significant public benefit.""1 8 U.S.C. § 1182(d)(5)(A). And many presidential administrations have invoked this authority 1 See Thuraissigiam, 591 U.S. at 139 (""The power to admit or exclude aliens is a sovereign prerogative, the Constitution gives the political department of the government plenary authority to decide which aliens to admit, and a concomitant of that power is the power to set the procedures"" to determine ""whether an alien should be admitted."" (citation modified)). Case: 25-1384 Document: 00118339877 Page: 4 Date Filed: 09/12/2025 Entry ID: 6750605 - 5 - to grant parole to non-citizens.2 Most relevant to the instant appeal, DHS, under the Administration of President Joseph R. Biden, launched parole programs under which nationals of Cuba, Haiti, Nicaragua, and Venezuela (collectively, ""CHNV parole programs"") who met certain categorical criteria could seek discretionary individual grants of parole into the United States for up to two years. Between October 2022 and January 2025, about 532,000 individuals received grants of parole under the CHNV parole programs. But when President Donald J. Trump took office on January 20, 2025, he signed ""Securing Our Borders,"" Exec. Order No. 14165, 90 Fed. Reg. 8467 (Jan. 20, 2025), directing the Secretary of DHS (""the Secretary"") to terminate all categorical parole programs that are contrary to the policies of the United States.",0.032787,18.132970,1,0.834932,1
0,OMB funding pause is unrelated,categorical parole programs CHNV,2,"OMB temporarily pauses agency grant, loan, and financial assistance programs","Reviews of applicable programs and payments will result in delays and/or rejections of payments.”). 11 While the Defendants claim that the Directive and the EOs required the agencies to pause funding and impose restriction on obligated funds consistent with the law, the undisputed evidence before the Court is that adding the “consistent with the law” caveat was nothing more than window dressing on an unconstitutional directive by the Executive. This is clear because when the Court clarified its TRO, when faced with evidence that the Defendants continued to freeze obligated funding, the money flowed once again. Case 1:25-cv-00039-JJM-PAS Document 161 Filed 03/06/25 Page 22 of 45 PageID #: 8026 23 issued. Id. As another court faced with a similar challenge to the OMB Directive underscored “it is unclear whether twenty-four hours is sufficient time for an agency to independently review a single grant, let alone hundreds of thousands of them.” Nat’l Council of Nonprofits v. Off. of Mgmt. & Budget, No. CV 25-239 (LLA), 2025 WL 368852, at *8 (D.D.C. Feb. 3, 2025). Overall, the OMB Directive amounted to a command, not a suggestion, that Agency Defendants shall execute a categorical, indefinite funding freeze to align funding decisions with the President’s priorities. Such a command, along with the Agency Defendants swift actions to execute the categorical funding freeze, marked the “consummation of each agency’s decisionmaking process to comply with the President’s executive order, the OBM [Directive], or both.” Drs.",0.031281,6.721046,2,0.675724,6
1,ACA case discusses categorical country designations but not CHNV parole,categorical parole programs CHNV,3,DHS Secretary ratifies interim final rule on Asylum Cooperative Agreements,"They sought to vacate the Rule, its implementing guidance, and the government’s categorical designations that Guatemala, Honduras, and El Salvador have “full and fair” asylum systems within the meaning of the safe third country provision. Those Plaintiffs are now joined by four additional individual asylum seekers, and they amend their complaint to challenge the Rule and the government’s other unlawful actions to implement the current ACAs. 5. The Rule violates the safe third country provision of the asylum statute and other immigration statutes, is arbitrary and capricious, and was issued in violation of the procedural requirements of the Administrative Procedure Act (“APA”). DHS and DOJ guidance documents (“Guidance”) issued to implement both the Rule and the new agreements are likewise unlawful. And DHS and DOJ’s categorical designations that ACA countries have “full and fair” asylum systems (“Designations”) are contrary to law and arbitrary and capricious. JURISDICTION AND VENUE 6. This case arises under the APA, 5 U.S.C. § 701, et seq.; the Immigration and Nationality Act (“INA”), 8 U.S.C. § 1101, et seq., and its implementing regulations; and the Foreign Affairs Reform and Restructuring Act of 1998 (“FARRA”), Pub. L. No. 10-277, div. G, Title XXII, § 2242, 112 Stat. 2681, 2681-822 (1998) (codified as Note to 8 U.S.C. § 1231), and Case 1:20-cv-00116-EGS Document 157-1 Filed 09/08/25 Page 5 of 52 3 its implementing regulations. This Court has subject matter jurisdiction under 28 U.S.C.",0.030536,5.102091,6,0.676115,5
1,Discusses parole authority generally but not CHNV programs specifically,categorical parole programs CHNV,4,"EO 14165 § 6 directs DHS, DOS, and DOJ to resume the Migrant Protection Protocols","Section 1225 “does not mean” that every noncitizen “must be detained from the moment of apprehension until the completion of removal proceedings.”113 The INA provides DHS with latitude for processing noncitizens beyond returns or detention. DHS “may ... in [its] discretion” release a noncitizen placed in Section 1229a proceedings through “parole,” pursuant to 8 U.S.C. § 1182(d)(5) “for urgent humanitarian reasons or significant public benefit.”114 Pursuant to Section 1182(d)(5)’s parole authority, Congress has expressly granted DHS the broad authority to release applicants for admission from detention as an exercise of the Department’s parole power. That power has been exercised for as long as the federal government has been regulating immigration.115 Indeed, Congress enacted 8 U.S.C. § 1182(d)(5) as a “codification of the [prior] administrative practice.”116 And in the decades since, immigration agencies have continued to broadly exercise their parole power to release certain noncitizens from detention. Notably, the statute does not set any limit on the number of individuals DHS can decide to release on parole. Nor does it provide that the agency cannot rely on its limited resources and detention capacity to release noncitizens otherwise subject to detention under section 1225. Rather, Congress simply required that parole decisions be made on a case-by-case basis and that they be based on “urgent humanitarian reasons” or “significant public benefit.”117 As the statute does not define those ambiguous terms, Congress left it to the 112 Id.",0.030331,4.276837,8,0.684109,4
0,Criminal conviction precedent is unrelated,categorical parole programs CHNV,5,"AG Barr issues Matter of Thomas and Thompson, ruling on the immigration effect of modified criminal convictions","U.S. Att’y Gen., 513 F.3d 1336, 1339−42 (11th Cir. 2008); see also United States v. Yanes-Cruz, 634 F. App’x 247 (11th Cir. 2015) (finding that battery under section 16-5-23.1(a) of the Georgia Code Annotated is a 1 The respondent was also convicted of sexual battery in violation of section 16-6-22.1 of the Georgia Code Annotated on May 7, 1999. The DHS did not rely on that conviction as a basis for removability and does not argue that it is pertinent on appeal. Cite as 26 I&N Dec. 749 (BIA 2016) Interim Decision #3863 751 categorical crime of violence). The respondent does not challenge the Immigration Judge’s determination that he was convicted of a categorical crime of violence based on the elements necessary for such a conviction. Although the respondent does argue that the domestic nature of his offense was not categorically established, the categorical approach does not necessarily apply to all aspects of the determination whether a conviction is for a crime of domestic violence. The Supreme Court has found that there is a distinction between statutes that must be analyzed under the categorical approach and those that require a different approach because “words such as ‘crime,’ ‘felony,’ ‘offense’ and the like sometimes refer to a generic crime . . . and sometimes refer to the specific acts in which an offender engaged on a specific occasion.” Nijhawan v. Holder, 557 U.S. 29, 33−34 (2009) (citing Chambers v. United States, 555 U.S. 122, 125−26 (2009)). If the statutory language refers directly to a generic crime, then the categorical approach applies, but if the statute contains qualifying language that references the specific circumstances in which a crime was committed, then a circumstance-specific analysis must be applied.",0.029762,6.364415,3,0.657925,12
3,Exact match on EOIR classified information guidance,EOIR classified information guidance,1,EOIR Acting Deputy Director issues guidance on the handling of classified information in EOIR proceedings,"The BIA personnel requiring the security clearance must not submit a request for the security clearance on their own behalf. EOIR/OS will notify the individual requiring the clearance if/when the clearance (Top Secret, Secret, or Confidential) has been granted. 4. EOIR/OS will provide each BIA personnel member who is granted a security clearance with (a) a set of guidance/training materials concerning the proper handling and protection of classified information in accordance with these procedures, and (b) a security briefing regarding such procedures. The recipient of the security clearance must receive this briefing from EOIR/OS prior to accessing classified information and 9 on an annual basis thereafter. The briefing may be conducted by EOIR/OS personnel. Contact EOIR/OS if additional copies of any information in the security clearance packet are needed. B. Responsibilities to Ensure the Safeguarding of Classified Information 1. Disclosure to BIA Personnel a. All BIA personnel are obligated to protect classified information in accordance with these procedures. b. BIA’s Security Coordinator, Classified Case Coordinator(s), designated SLA(s), and other appropriately cleared BIA personnel with access to classified information used in a particular case may disclose such information to other BIA personnel only if such personnel have a security clearance at the requisite level, an executed nondisclosure agreement on file with EOIR/OS, and a need-to-know the information. See supra Section IV.A, Requirements for Access to Classified Information.",0.032787,18.233579,1,0.839527,1
1,EOIR guidance document but on continuances not classified information,EOIR classified information guidance,2,EOIR Director issues guidance to restrict continuances,"OOD DM 22-05 Issued: Apr. 18, 2022 Effective: Immediately CANCELLATION OF POLICY MEMORANDA 19-05, 21-06, AND 21-13 PURPOSE: Rescind and cancel Policy Memoranda 19-05, 21-06, and 2113 OWNER: David L. Neal, Director AUTHORITY: 8 C.F.R. § 1003.0(b) CANCELLATION: Policy Memorandum 19-05 Policy Memorandum 21-06 Policy Memorandum 21-13 As EOIR continues to review existing agency policies and practices, the following Policy Memoranda (PM) are rescinded: 1. PM 19-05, Guidance Regarding the Adjudication of Asylum Applications Consistent with INA § 208(d)(5)(A)(iii) 2. PM 21-06, Asylum Processing 3. PM 21-13, Continuances Please contact your supervisor if you have any questions.",0.031258,8.969240,3,0.749497,5
1,EOIR form and confidentiality material is only loosely related,EOIR classified information guidance,3,"DOJ requests comments on Form EOIR-27, Notice of Entry of Appearance before BIA","Attorneys and Accredited Representatives (with full accreditation) must first update their address in eRegistry before filing a Form EOIR-27 that reflects a new address. FREEDOM OF INFORMATION ACT - This form may not be used to request records under the Freedom of Information Act or the Privacy Act. The manner of requesting such records is in 28 C.F.R. §§ 16.1-16.11 and appendices. For further information about requesting records from EOIR under the Freedom of Information Act, see How to File a Freedom of Information Act (FOIA) Request With the Executive Office for Immigration Review, available on EOIRs website at http://www.justice.gov/eoir. PRIVACY ACT NOTICE - The information requested on this form is authorized by 8 U.S.C. § 1362 and 8 C.F.R. § 1003.3 in order to enter an appearance to represent a party before the Board of Immigration Appeals. The information you provide is mandatory and required to enter an appearance. Failure to provide the requested information will result in an inability to represent a party or receive notice of actions in a proceeding. EOIR may share this information with others in accordance with approved routine uses described in EOIRs system of records notice, EOIR-001, Records and Management Information System, 69 Fed. Reg. 26,179 (May 11, 2004), or its successors and EOIR003, Practitioner Complaint-Disciplinary Files, 64 Fed. Reg. 49237 (September 1999). CASES BEFORE EOIR - Automated information about cases before EOIR is available by calling (800) 898-7180 or (240) 314-1500.",0.031054,8.642458,7,0.787620,2
1,EOIR guidance document but about NTA filings not classified information,EOIR classified information guidance,4,"EOIR issues guidance on Pereira v. Sessions, announcing changes in NTA filings and case scheduling","OOD PM 24-01 To: All of EOIR From: Mary Cheng, Acting Director Date: August 22, 2024 Digitally signed by MARY MARY CHENG Date: 2024.08.22 CHENG 08:33:32 -04'00' UPDATED GUIDANCE FOR RECEIPT OF NOTICES TO APPEAR FILED BY THE DEPARTMENT OF HOMELAND SECURITY PURPOSE: Provide updated standards regarding receipt of Notices to Appear filed by the Department of Homeland Security. OWNER: Office of the Director. AUTHORITY: 8 C.F.R. § 1003.0(b)(1); 8 C.F.R. § 1003.14(a). CANCELLATION: Policy Memorandum 19-08, Acceptance of Notices to Appear and Use of the Interactive Scheduling System. This Policy Memorandum provides updated standards to Executive Office for Immigration Review (EOIR) adjudicators and personnel regarding the receipt of Notices to Appear (NTAs) filed by the Department of Homeland Security (DHS). This Policy Memorandum supersedes and rescinds Policy Memorandum 19-08, Acceptance of Notices to Appear and Use of the Interactive Scheduling System. I. Failure to Prosecute and Filing of Notices to Appear To initiate removal proceedings, a component of the Department of Homeland Security (DHS) (e.g., U.S. Customs and Border Protection (CBP), U.S. Citizenship and Immigration Services (USCIS), or U.S. Immigration and Customs Enforcement (ICE)) must first prepare and serve an individual with an NTA alleging that person’s removability from the United States. After the Supreme Court’s decision in Pereira v. Sessions, 585 U.S. 198 (2018), this first step has involved obtaining a time and date of the initial hearing and recording that information on the NTA.",0.031025,8.783834,6,0.780990,3
0,Naturalization oath ceremony guidance is unrelated,EOIR classified information guidance,5,EOIR Acting Deputy Director rescinds prior guidance on naturalization oath ceremonies,"1 OOD PM 25-52 Effective: September 30, 2025 To: All of EOIR From: Roman Chaban, Acting Deputy Director Date: September 30, 2025 CANCELLATION OF OPERATING POLICIES AND PROCEDURES MEMORANDUM 97-8 PURPOSE: Rescind and cancel Operating Policies and Procedures Memorandum 97-8 OWNER: Office of the Director AUTHORITY: 8 C.F.R. § 1003.0(b) CANCELLATION: Operating Policies and Procedures Memorandum 97-8 As part of EOIR’s ongoing review of existing Operating Policies and Procedures Memoranda (OPPMs), OPPM 97-8, Naturalization Oath Ceremonies, issued by the Office of the Chief Immigration Judge, is now rescinded. 1 OPPM 97-8 was issued more than 25 years ago, and several procedures and references contained therein are now outdated. Retaining such outdated guidance is also unnecessary to EOIR operations, as no Immigration Courts are currently performing naturalization ceremonies on a regular basis. To the extent that an Immigration Court (or an individual Immigration Judge, Appellate Immigration Judge, or Administrative Law Judge) may wish to conduct a naturalization ceremony in conjunction with the Department of Homeland Security (DHS), EOIR will address those situations on a case-by-case basis going forward. All requests for such participation should be forwarded through the appropriate component head to the Office of the Director for review. In cooperation with DHS, EOIR encourages appropriate participation in naturalization ceremonies to the extent its operations allow. This PM is not intended to, does not, and may not be relied upon to create, any right or benefit, substantive or procedural, enforceable at law or in equity by any party against the United States, its departments, agencies, or entities, its officers, employees, or agents, or any other person.",0.029670,8.820299,5,0.710980,10
3,Exact match on director-level authorization for release of certain unaccompanied children,director-level authorization custodial releases unaccompanied minors,1,ORR requires Director-level authorization of custodial releases of certain unaccompanied children,"All homes and facilities operated by licensed programs, including facilities for special needs minors, shall be non-secure as required by state law; provided, however, that a facility for special needs minors may maintain that level of security permitted under state law which is necessary for the protection of a minor or others in appropriate circumstances, e.g., cases in which a minor has drug or alcohol problems or is mentally ill. Id. at ¶ 6. A “special needs minor” is in turn defined as: [A] minor whose mental and/or physical condition requires special services and treatment by staff. A minor may have special needs due to drug or alcohol abuse, serious emotional disturbance, mental illness or retardation, or a physical condition or chronic illness that requires special services or treatment as a result of neglect or abuse. [Defendants] shall assess minors to determine if they have special needs and, if so, shall place such minors, whenever possible, in licensed programs in which [Defendants] place[] children without special needs, but which provide services and treatment for such special needs. Id. at ¶ 7. Plaintiffs contend that RTCs do not adhere to the Flores Agreement’s requirements for licensed programs because RTCs employ a level of security that exceeds that which is “necessary for the protection of a minor or others . . . .” See Reply at 12 (quoting Flores Agreement at ¶ 6). They further claim that RTCs violate the Agreement because they separate special needs minors from the general population of Class Members.",0.032787,40.520896,1,0.892163,1
2,Strongly relevant because it concerns protections and processing for unaccompanied minors,director-level authorization custodial releases unaccompanied minors,2,"EO 14165 § 6 directs DHS, DOS, and DOJ to resume the Migrant Protection Protocols","TVPRA was quite clearly to give unaccompanied 4 Case 2:21-cv-00395-FMO-RAO Document 319 Filed 09/29/25 Page 4 of 6 Page ID #:12749 1 2 3 4 5 6 7 8 9 10 11 12 13 14 15 16 17 18 19 20 21 22 23 24 25 26 27 28 minors more protection, not less.”). At a minimum, the government shall adopt safeguards to ensure that MPP-unaccompanied children: (1) have access to counsel to the greatest extent practicable; (2) have a meaningful opportunity to apply for affirmative asylum with USCIS on an extended timeline, given their exemption from the one-year deadline; (3) have their asylum claims processed in the first instance by USCIS; and (4) can seek voluntary departure. See 8 U.S.C. § 1158(a)(2)(E), (b)(3)(C); 8 U.S.C. § 1232(a)(5)(D)(i)-(iii). The government shall take concrete measures and actions to ensure that MPP-unaccompanied children have a meaningful opportunity to access TVPRA protections before the government seeks to remove them. This could include, for example, not rushing to remove MPP-unaccompanied children, and communicating with their counsel to ensure that the children are given a meaningful opportunity to apply for affirmative asylum on an extended timeline. To afford the government flexibility in implementing this injunction, the court will not define the exact contours of the additional safeguards. Nor will the court define precisely what constitutes a meaningful opportunity to access TVPRA protections; it suffices to say that MPP-unaccompanied children must be provided a meaningful opportunity to access these rights.",0.032258,11.875234,2,0.779458,2
2,Strongly relevant broader ORR framework on placement care and release of unaccompanied children,director-level authorization custodial releases unaccompanied minors,3,ORR proposes revisions to forms for services provided to unaccompanied children,"279 – Transfers responsibilities for the care and placement of unaccompanied alien children from the Commissioner of the former Immigration and Naturalization Service (INS) to the Director of ORR. William Wilberforce Trafficking Victims Protection Reauthorization Act of 2008 (TVPRA), 8 U.S.C. 1232 – Creates, consistent with the HSA, additional requirements for the placement, care, and release of unaccompanied alien children in federal custody. The TVPRA also directs ORR to create policies to ensure unaccompanied alien children are protected from traffickers and others seeking to victimize them or otherwise engage them in criminal, harmful, or exploitative activity. Unaccompanied Children Program Foundational Rule, 45 C.F.R. Part 410 – Establishes a uniform set of standards and procedures concerning the placement (Part 410.1100 – 1109), care (Part 410.1000 – 11004), and services (Part 410.1300 – 1311) provided to unaccompanied alien children in ORR care that is consistent with ORR’s statutory duties and implements the terms of Flores that create responsibilities for HHS and ORR. ORR’s Interim Final Rule, Standards to Prevent, Detect, and Respond to Sexual Abuse and Sexual Harassment Involving Unaccompanied Children, 45 C.F.R. Part 411 – Sets forth such standards for ORR care provider facilities that house UAC in accordance with section 1101(c) of the Violence Against Women Reauthorization Act of 2013, Pub. L. 113-4 (VA WA 2013). 2. Purpose and Use of the Information Collection The instruments included in this information collection directly relate to the care of UAC for processing pursuant to the Paperwork Reduction Act.",0.031498,9.942804,3,0.749749,4
1,About unaccompanied refugee children and director authority but not the queried ORR release rule,director-level authorization custodial releases unaccompanied minors,4,State Department orders resettlement agencies to stop funded work supporting refugees currently in the U.S.,"3 25-1313 (d)(2)(B) requires that the program’s Director take legal and financial responsibility for unaccompanied refugee children only if such responsibility is “necessary.” The section also authorizes the Director “to make necessary decisions to provide for the child’s immediate care.” Even while using the word “shall,” the subsection drips with deference to the executive branch and invokes no firm mandate. It also is not clear from the record if there are any unaccompanied refugee children at issue here. Similarly, subsection (e)(7)(A) states the “Secretary shall develop and implement” projects for cash and medical support for refugees “as needed.” The metes and bounds of the programs are up to executive discretion—hardly a congressional mandate. In my view, Section 1522 authorizes the executive branch to craft programs under its discretion so long as appropriations flow. It does not require that those programs operate. As the law does not demand the executive branch provide these services, our court is in no position to mandate them. I thus respectfully dissent in part. Case: 25-1313, 09/12/2025, DktEntry: 149.1, Page 12 of 12",0.030777,9.935589,4,0.716557,6
1,Discusses CAM and child parole pathways but not director-level custodial release authorization,director-level authorization custodial releases unaccompanied minors,5,"EO 14165 § 7(b) directs termination of ""categorical parole programs"" including CHNV Parole Processes","54635, 54637 (Aug. 11, 2023) (CBP “will determine, on a case-by-case basis, whether to exercise discretion to grant parole to the beneficiary at an interior [port of entry] upon their arrival.”). 6. Central American Minors Program The Central American Minors Program (“CAM”) permits individuals from El Salvador, Honduras, and Guatemala who are lawfully present in the United States to request that their qualifying children and relatives not present in the United States be granted access to the U.S. Refugee Admissions Program (“USRAP”).8 See Central American Minors Program, 88 Fed. Reg. 21694 (Apr. 11, 2023). Qualifying children and eligible family members granted access to the USRAP via the CAM program are interviewed by USCIS Refugee Officers and are either granted refugee status or, upon a failure to establish refugee status, considered on a case-by-case basis for parole. See id. at 21696;9 cf. 8 U.S.C. § 1182(d)(5)(B) (“The [Secretary] . . . may not parole into the United States an alien who is a refugee unless the [Secretary] . . . determines that compelling reasons in the public interest with respect to that particular alien require that the alien 8 The USRAP is an interagency effort involving governmental and non-governmental partners overseas and in the United States that addresses processing priorities for the United States’ participation in resettling refugees. See The United States Refugee Admissions Program (USRAP) Consultation and Worldwide Processing Priorities, https://www.uscis.gov/humanitarian/refugees-and-asylum/usrap (Nov.",0.029206,7.446072,15,0.756371,3
