label,label_reason,query,rank,rrf_score,title,agencies_affected,subject_matter,full_chunk_text
,,DHS and DOS coordination policies for consular processing during COVID,4,0.029710,"EO 14165 § 7(b) directs termination of ""categorical parole programs"" including CHNV Parole Processes","[""Customs and Border Protection"", ""U.S. Citizenship and Immigration Services"", ""Unspecified/Other""]","[""Unspecified/Other""]","8 The Federal Register Notice stated that parolees may apply for re-parole, which would be adjudicated and may be approved on a case-by-case basis, by filing Form I-131 and “must demonstrate urgent humanitarian reasons or significant public benefit specific to his or her case and that he or she merits a favorable exercise of discretion for parole[.]” Termination of Family Reunification Parole Processes, 90 Fed. Reg. at 58043. Case 1:25-cv-10495-IT Document 258 Filed 01/25/26 Page 6 of 42 7 Id. The Federal Register Notice acknowledged further that the programs sought to promote family unity by providing a faster pathway for United States citizens and lawful permanent residents to reunite with family members while awaiting availability of their immigrant visas. Id. DHS acknowledged “that aliens paroled into the United States under the FRP programs may have been able to reunite with family members in the United States.” Id. DHS concluded, however, that “that national security and fraud concerns, and the current Administration’s priorities outweigh[ed] those interests” and supported termination. Id. As to national security, the Federal Register Notice compared the FRP Programs’ vetting process to that of individuals pursuing lawful permanent resident status through consular processing. Id. In the latter case, applicants’ consular processing requires “an in-person interview outside the United States, and submission of various documents to establish the necessary family relationship with the petitioner[,]” while still outside of the United States."
,,DHS and DOS coordination policies for consular processing during COVID,5,0.029670,DOL proposes new collection form for employers seeking to employ H-2B nonimmigrant workers,"[""Unspecified/Other""]","[""Unspecified/Other""]","The Secretary determined that limiting returning workers to those who were issued an H-2B visa or granted H-2B status in the past 3 fiscal years was appropriate, as it mirrored the standard that Congress designated in previous returning worker provisions. Although Congress provided the Secretary of Homeland Security with the discretionary authority to increase the H-2B cap in FY 2020, the Secretary did not exercise that authority. DHS initially intended to exercise its authority and, on March 4, 2020, announced that it would make available 35,000 supplemental H-2B visas for the second half of the fiscal year. On March 13, 2020, President Trump declared a National Emergency concerning COVID-19, a communicable disease caused by the coronavirus SARS-CoV-2. On April 2, 2020, DHS announced that the rule to increase the H-2B cap was on hold due to economic circumstances, and that DHS would not release additional H-2B visas until further notice. DHS also noted that the Department of State had suspended routine visa services. In FY 2021, DHS in consultation with DOL determined it was appropriate to increase the H-2B cap for FY 2021 coupled with additional protections (for example, post-adjudication audits, investigations, and compliance checks), based on the demand for H-2B workers in the second half of FY 2021, continuing economic growth, the improving job market, and increased visa processing capacity by the Department of State. Accordingly, on May 25, 2021, DHS and DOL jointly published a TFR authorizing an increase of up to 22,000 additional H-2B visas for the remainder of FY 2021."
,,changes to H1B wage level rule and subsequent court vacatur,1,0.032787,DOL issues interim final rule on Adverse Effect Wage Rate for H-2A agricultural laborers,"[""Unspecified/Other""]","[""Unspecified/Other""]","99. The IFR—which governs the wages of H-2A workers—and its tiered system will significantly reduce the wages of H-2A workers, which in turn will likely result in similarly employed U.S. workers being paid materially less than they would have been under the regulatory regime preceding the IFR. For example, a job order with SOC 45-2092 for Farmworkers and Laborers, Crop, Nursery, and Greenhouse Occupational Title has an OEWS mean of $16.39 in North Carolina, a major H-2A user state. But the Skill Level I wage rate would be $12.78, a 22.03% drop. As another example, a shuttle driver in the Fort Myers area of Florida would have an average wage of $16.16 based on May 2024 OEWS data.88 However, the average wage decreases to $12.55 if the shuttle driver is designated Skill 1. If the majority of time is spent performing basic farm labor—which, under the primary duty rule, would result in a different SOC classification—the rate would be $12.47 if designated Skill Level I and $15.06 if designated Skill Level II. 87 Farm Labor, U.S. Dep’t of Agric. (Sept. 12, 2025), https://perma.cc/HSP4-Y3HC. 88 Occupational Employment and Wage Statistics Query System, U.S. Bureau of Lab. Stat. (Apr. 3, 2024), https://perma.cc/L2X2-35TZ. Case 1:25-cv-01614-KES-CDB Document 1 Filed 11/21/25 Page 31 of 46 32 COMPLAINT 1 2 3 4 5 6 7 8 9 10 11 12 13 14 15 16 17 18 19 20 21 22 23 24 25 26 27 28 100. These changes are exemplified by the chart below, reflecting information compiled by Cornell University, which shows how sweeping the decreases will be89: State Previous AEWR New AEWR for Domestic Employees in Corresponding Employment Adverse Compensation Adjustment New AEWR w/ Adverse Compensation Adjustment for H‐2A Skill Level I Skill Level II Skill Level I Skill Level II New York $18.83 $15.68* $18.75 ($2.40) $13.28* $16.35* (NYS minimum wage will apply in 2026: $16.00 in upstate and $17.00 in NYC/Long Island) (NYS minimum will apply in 2026: $16.00 in upstate and $17.00 in NYC/Long Island) (This wage will apply in upstate, NYC/Long Island will be required to pay the regional minimum wage of $17.00 in 2026) California $19.97 $16.45* $18.71 ($3.00) $13.45* $15.71* (CA minimum of $16.90 will apply effective Jan."
,,changes to H1B wage level rule and subsequent court vacatur,2,0.031258,USCIS issues final rule on public charge inadmissibility grounds,"[""U.S. Citizenship and Immigration Services""]","[""Unspecified/Other"", ""Unspecified/Other""]","In other words, Texas argues that aliens who would have been eligible for a status adjustment under the 1999 Guidance may have learned of the stricter 2019 Rule and chose not to apply, believing their applications would be denied. (See Dkt. No. 64 at 8). The Court is unpersuaded. First, this is speculative at best. Texas provides no evidence that the 2019 Rule resulted in fewer status changes. Rather, the evidence shows only the number of annual applications for status adjustment each year—not the total granted. Second, only “a subset of these individuals (i.e., those who are not exempt from the public charge ground of inadmissibility) [would have undergone] review for determination of inadmissibility based on public charge grounds.” Public Charge Ground of Inadmissibility, 87 Fed. Reg. at 55602. In other words, this data set includes an unspecified number of individuals who are not subject to a public charge determination. Since individuals who are not subject to public charge determinations can seek a change in status, an increase in the number of applications for status adjustment after the 2019 Rule vacatur—assuming those applications were granted—does not necessarily mean that the number of applicants subject to a public charge determination increased or will likely increase. Beyond the 2019 Rule vacatur, this data does not reflect the impact of the 2022 Rule change. In fact, the data Texas relies on covers the period before and after the 2019 Rule, Case 6:23-cv-00001 Document 70 Filed on 09/30/24 in TXSD Page 12 of 15"
,,changes to H1B wage level rule and subsequent court vacatur,3,0.030118,COVID-19: OFLC announces issuance of electronic PERM labor certifications,"[""U.S. Citizenship and Immigration Services"", ""Unspecified/Other""]","[""Unspecified/Other""]","Implementation Schedule: On October 8, 2020, employers and their authorized attorneys or agents will be able to: Access revised OES prevailing wage data for each SOC and area of intended employment at https://www.flcdatacenter.com/; Use the Foreign Labor Application Gateway (FLAG) system to submit LCAs at https://flag.dol.gov/; and Continue to submit requests for prevailing wage determinations using the FLAG system. On October 13, 2020, the NPWC will begin issuing prevailing wage determinations using the revised OES prevailing wage data computed for the Interim Final Rule. This brief delay in issuing wage determinations is necessary to complete the required technical changes to the FLAG system's internal prevailing wage determination module and reduce the risk of unintended system problems or errors that may impact customers and OFLC staff. OFLC will continue to issue non-OES based prevailing wages (e.g. employer-provided surveys or collective bargaining agreements) without delay. September 30, 2020. OFLC Publishes Updated Wage Data for the Commonwealth of Northern Mariana Islands. The Office of Foreign Labor Certification (OFLC) received an updated wage survey from the Governor of the Commonwealth of Northern Mariana Islands (CNMI) for the CW-1 program. OFLC has approved the Governor’s survey for 402 occupations and will issue updated CW-1 prevailing wages using this data from September 30, 2020, through June 30, 2021. The updated wage table includes prevailing wage data for a total of 820 occupations."
,,changes to H1B wage level rule and subsequent court vacatur,4,0.029857,"EOIR issues guidance on Pereira v. Sessions, announcing changes in NTA filings and case scheduling","[""Customs and Border Protection"", ""Immigration and Customs Enforcement"", ""U.S. Citizenship and Immigration Services"", ""Executive Office for Immigration Review""]","[""Unspecified/Other""]","2021), that the Immigration Court’s jurisdiction “vests upon the filing of an NTA, even one that does not at that time inform the alien of the time, date, and location of the hearing.” While this appeal was pending, the Supreme Court issued Niz-Chavez v. Garland, 141 S. Ct. 1474 (2021). Several of the amici contend that, in light of Niz-Chavez, our decisions in Matter of Bermudez-Cota and Matter of Rosales Vargas and Rosales Rosales can no longer stand. We disagree. Nothing in Niz-Chavez requires a different result. That case addressed whether an NTA that is deficient under Pereira for purposes of the stop-time rule can be cured by the subsequent service of a hearing notice that provides the required information. Niz-Chavez, 141 S. Ct. at 1479 (addressing “[w]hat qualifies as a notice to appear sufficient to trigger the stop-time rule?”). But neither Pereira nor Niz-Chavez purport to require termination of removal proceedings for lack of jurisdiction based on the absence of information required under section 239(a) of the Act. Like Pereira, Niz-Chavez addresses only the applicability of the stop-time rule—it is “the next chapter in the same story.” Id. at 1479 (addressing whether “the government must issue a single and comprehensive notice before it can trigger the stop-time rule.”) (emphasis added). The only question addressed by Niz-Chavez—whether an NTA that is statutorily deficient for purposes of the stop-time rule can be cured by the subsequent service of a notice containing the required information—is immaterial to jurisdiction."
,,changes to H1B wage level rule and subsequent court vacatur,5,0.029469,"AG Barr issues Matter of Thomas and Thompson, ruling on the immigration effect of modified criminal convictions","[""Attorney General"", ""Executive Office for Immigration Review""]","[""Unspecified/Other""]","§ 1101(a)(48) (emphasis added). An alien plainly has been convicted under the INA when a court has entered “a formal judgment of guilt,” and he has received a sentence when the court orders a “period of incarceration or confinement,” no matter whether that sentence is executed. The question then is whether the state court’s subsequent alteration of a “conviction” or a “sentence” changes those facts under the INA. Neither the INA nor the associated regulations provide further guidance on this point, but the statute’s history helps illuminate the meaning of the phrase. Congress amended the INA to define “conviction” following the Board’s decision in Matter of Ozkok, 19 I&N Dec. 546 (BIA 1988). There, the Board established a rule that “a conviction will be found for immigration purposes” where: (1) a judge or jury has found the alien guilty or he has entered a plea of guilty or nolo contendere or has admitted sufficient facts to warrant a finding of guilty; (2) the judge has ordered some form of punishment, penalty, or restraint on the person’s liberty to be imposed (including but not limited to incarceration, probation, a fine or restitution, or community-based sanctions such as a rehabilitation program, a work-release or study- release program, revocation or suspension of a driver’s license, deprivation of nonessential activities or privileges, or community service); and (3) a judgment or adjudication of guilt may be entered if the person violates the terms of his probation or fails to comply with the requirements of the court’s order, without availability of further proceedings regarding the person’s guilt or innocence of the original charge."
,,policy shifts in administrative closure authority EOIR and Attorney General decisions,1,0.031754,"EO 14165 § 7(b) directs termination of ""categorical parole programs"" including CHNV Parole Processes","[""Customs and Border Protection"", ""U.S. Citizenship and Immigration Services"", ""Unspecified/Other""]","[""Unspecified/Other""]","218] (“Pls.’ Mem.”). Relatedly, Plaintiffs allege that the Secretary exceeded her authority by failing to adhere to statutory requirements. Id. at 14–16. Plaintiffs also challenge how the decision was communicated, alleging that notice to parolees was deficient. Id. at 17–18. And finally, Plaintiffs challenge the approach taken to promulgate the decision itself, claiming that such a decision could only be issued following a notice-andcomment period. Id. at 18–19. None of these challenges go to the Secretary’s ultimate decision to terminate parole. Instead, they speak to whether the steps taken to do so were proper. The statute is silent on whether the procedures employed by Secretary to terminate grants of parole are likewise left to the discretion of the Secretary. In Kucana v. Holder, 558 U.S. 233 (2010), in considering whether Section 1252(a)(2)(B)(ii) barred judicial review of an Case 1:25-cv-10495-IT Document 258 Filed 01/25/26 Page 13 of 42 14 administrative determination, the Supreme Court emphasized “a familiar principle of statutory construction: the presumption favoring judicial review of administrative action.” Id. at 251. “When a statute is ‘reasonably susceptible to divergent interpretation, [the Court] adopt[s] the reading that accords with traditional understandings and basic principles: that executive determinations generally are subject to judicial review.” Id. (internal quotations omitted). Pursuant to Kucana, the First Circuit has further held that “a statutory provision must expressly and specifically vest discretion in the Attorney General (for example, by explicitly using the words ‘in the discretion of the Attorney General’) rather than simply leave to the executive branch certain decisions and determinations that happen to be discretionary in nature.” ValerioRamirez v."
,,policy shifts in administrative closure authority EOIR and Attorney General decisions,2,0.030622,"EOIR issues guidance on Pereira v. Sessions, announcing changes in NTA filings and case scheduling","[""Customs and Border Protection"", ""Immigration and Customs Enforcement"", ""U.S. Citizenship and Immigration Services"", ""Executive Office for Immigration Review""]","[""Unspecified/Other""]","The Seventh Circuit concluded that the Government fulfilled its obligations to provide the alien with notice because the notice to appear and the notice of hearing together vested the Immigration Judge with jurisdiction over his removal proceedings. With respect to the “stop-time” rule, the court determined that the rule was triggered “through receipt of both” forms of notice. Id. at 810. We agree with the Fifth, Seventh, Eighth, and Ninth Circuits that a two-step notice process is sufficient to meet the statutory notice requirements in section 239(a) of the Act. Accordingly, a notice to appear that does not specify the time and place of an alien’s initial removal hearing vests an Immigration Judge with jurisdiction over the removal proceedings and meets the requirements of section 239(a) of the Act, so long as a notice of hearing specifying this information is later sent to the alien. As noted, Pereira is distinguishable and did not address this issue. Because the respondent received proper notice of the time and place of his proceeding when he received the notice of hearing, his notice to appear was not defective. We will therefore deny his motion to terminate his proceedings. With regard to his appeal, the respondent challenges the Immigration Judge’s decision to deny his requests for administrative closure and a continuance. However, his arguments regarding administrative closure are foreclosed by the Attorney General’s decision in Matter of Castro-Tum, 27 I&N Dec. 271, 272 (A.G."
,,policy shifts in administrative closure authority EOIR and Attorney General decisions,3,0.030478,EOIR Director issues guidance to restrict continuances,"[""Executive Office for Immigration Review""]","[""Unspecified/Other""]","• EOIR has no policy mandating or requiring Immigration Judges to grant a continuance for any reason in any particular case or circumstance, except where a continuance is required by binding law. See PM 20-07, Case Management and Docketing Practices at 5 (Jan. 31, 2020). EOIR management does not possess authority to direct the result of an adjudication by an Immigration Judge by directing the Judge to grant or deny a continuance request in specific cases. • Consistent with former OPPM 17-01, continuances based on requests made by the U.S. Department of Homeland Security (DHS) should be comparatively rare. o Consistent with OPPM 05-03, Background and Security Investigations in proceedings Before Immigration Judges and the Board of Immigration Appeals (Mar. 28, 2005) and PM 21-06, Asylum Processing (Dec. 4, 2020), a failure by DHS to report on the completion and results of relevant investigations and examinations does not require a continuance of the hearing, though Immigration Judges may not grant certain applications until the results of those investigations and examinations have been reported. 8 C.F.R. § 1003.47.2 o Consistent with PM 20-07, EOIR has no policy requiring an Immigration Judge to grant a continuance if a DHS attorney does not appear for a hearing or does not possess that agency’s administrative file at the hearing. • The general standard for a continuance is good cause, 8 C.F.R. § 1003.29. By statute, however, “[i]n the absence of exceptional circumstances, final administrative adjudication of [an] asylum application, not including administrative appeal, shall be completed within 180 days after the date an application is filed.” INA § 208(d)(5)(A)(iii)."
,,policy shifts in administrative closure authority EOIR and Attorney General decisions,4,0.030310,"OMB temporarily pauses agency grant, loan, and financial assistance programs","[""Unspecified/Other""]",[],"53. Defendant United States Department of Justice is an independent agency within the executive branch of the United States government. 28 U.S.C. § 501. 54. Defendant James R. McHenry III is the Acting Attorney General for the United States Department of Justice, and that agency’s highest ranking official. He is charged with the supervision and management of all decisions and actions of that agency. He is sued in his official capacity. 28 U.S.C. § 503, https://www.whitehouse.gov/presidential-actions/2025/01/designationof-acting-leaders/. Case 1:25-cv-00039 Document 1 Filed 01/28/25 Page 11 of 44 PageID #: 11 12 55. Defendant the National Science Foundation is an independent agency within the executive branch of the United States government. 56. Defendant Dr. Sethuraman Panchanathan is the Director of the National Science Foundation, and that agency’s highest ranking official. He is charged with the supervision and management of all decisions and actions of that agency. He is sued in his official capacity. ALLEGATIONS A. Background i. Executive Orders 57. On January 20, 2025, and in the days following, President Trump issued a series of executive orders announcing widespread policy changes and indicating, in a non-specific and unclear manner, that a number of funding commitments to various federal funding recipients would be rescinded. The OMB Directive purports to implement these executive orders. None of these orders lawfully or reasonably provides authority for the OMB Directive’s disruption of all federal financial assistance, nor could they."
,,policy shifts in administrative closure authority EOIR and Attorney General decisions,5,0.029412,"AG Bondi issues Matter of S-S-F-M-, restricting asylum claims based on domestic violence","[""Immigration and Customs Enforcement"", ""U.S. Citizenship and Immigration Services"", ""Attorney General"", ""Executive Office for Immigration Review""]","[""Asylum, Withholding and CAT"", ""Unspecified/Other""]","2021). A-B- II, moreover, explained that A-B- I “reiterated and did not change the legal standard for determining when ‘persecution’ by third parties may be attributed to the government.” See 28 I&N Dec. at 213; see also id. at 202 (“No matter whether Matter of A-B- is viewed as changing the existing standard for persecution, I conclude . . . that Matter of A-B-’s formulation appropriately clarifies the requisite governmental role in relation to persecution by private actors for purposes of establishing refugee status.”). A-B- II then clarified the application of that standard. See id. at 203–07. If anything, it is Attorney General Garland’s decision to vacate that clarification without replacing it with anything himself that has contributed to confusion over the applicable standards in this field. Third, A-B- III was wrong to suggest that the issues addressed in A-B- I and A-B- II are best left to rulemaking. “[W]hether A-B- I had changed the ‘unable or unwilling’ standard, the proper application of that standard, and the meaning of the statutory ‘one central reason’ test,” A-B- III, 28 I&N Dec. at 309, are legal questions appropriately resolved as part of the Attorney General’s authority to issue “controlling” decisions “with respect to all questions of law” “relating to the immigration and naturalization of aliens,” 8 U.S.C. § 1103(a)(1). And as Attorney General Barr explained in a different opinion that I am reinstituting as precedent today, what constitutes a cognizable social group is “defined with sufficient particularity and is socially distinct in [an applicant’s] society” is inherently a “fact-based"
,,USCIS deference policy to prior approvals H1B adjudications changes,1,0.032787,USCIS updates policy on applying discretion in adjudications,[],[],"U.S. Department of Homeland Security U.S. Citizenship and Immigration Services Office of the Director (MS 2000) Washington, DC 20529-2000 U.S. Citizenship and Immigration Services www.uscis.gov July 15, 2020 PA-2020-10 Policy Alert SUBJECT: Applying Discretion in USCIS Adjudications Purpose U.S. Citizenship and Immigration Services (USCIS) is consolidating existing policy guidance in the USCIS Policy Manual regarding officers’ application of discretion in adjudications. Background On June 22, 2020, the President issued a Proclamation that addresses, among other things, the Department of Homeland Security’s (DHS’s) administration of employment authorization benefits.1 In addition to relying on statutory and regulatory provisions on employment authorization, USCIS reminds officers to refer to existing guidance, now consolidated in the USCIS Policy Manual, on the exercise of discretion in adjudications. For many immigration benefits, such as certain applications for lawful permanent residence and employment authorization documents, the benefit requestor has the burden of demonstrating eligibility for the benefit sought, including that a favorable exercise of discretion is warranted.2 If the requestor otherwise establishes eligibility, which may require a showing that the alien is not inadmissible under the law, and positive discretionary factors present in the particular case outweigh any negative factors, USCIS should favorably exercise discretion. For benefits involving discretion, a discretionary analysis is a separate component of the adjudication of the benefit request; it is typically assessed at the end of the review, after an officer has determined that the requestor meets all other applicable eligibility requirements.3 This guidance, contained in Volumes 1 and 10 of the Policy Manual, incorporates and replaces Chapter 10.15 of the Adjudicator’s Field Manual (AFM), as well as the AFM’s related appendices, and related policy memoranda.4 The guidance contained in the Policy Manual is controlling and supersedes any related prior guidance on the topic."
,,USCIS deference policy to prior approvals H1B adjudications changes,2,0.031025,"EO 14165 § 7(b) directs termination of ""categorical parole programs"" including CHNV Parole Processes","[""Customs and Border Protection"", ""U.S. Citizenship and Immigration Services"", ""Unspecified/Other""]","[""Unspecified/Other""]","And the Davidson Memorandum stated that the “pause” on benefits adjudications would remain in place at least until “USCIS completes a comprehensive review and evaluation of the in-country population of aliens who are or were paroled into the United States under these categorical parole programs[.]” Davidson Memorandum 3 [Doc. No. 41-3]. Nothing in the Davidson Memorandum, or the executive orders cited therein, explains the agency’s decision to suspend benefits adjudications for any individual who received parole through one of the relevant programs until every single such person has been screened and vetted. Nor did the Davidson Memorandum even consider the reasonable alternative of performing screening and vetting, through application of a “uniform baseline,” as part of the adjudication of an application for immigration benefits, rather than pausing adjudications altogether for vetting to be performed separately. Beyond the inadequate justification for the indefinite suspension of all applications, the Davidson Memorandum gave no consideration of the reliance interests of individuals already present in the United States seeking immigration benefits. While such reliance interests of course 38 To be certain, the purported evidence of fraud in the Davidson Memorandum lacked specificity and, arguably, relevance to the agency action taken. The Memorandum’s details and numbers of incidents regarding fraud primarily concerned supporters, and no details or numbers were included as to the “instances identified where certain beneficiaries were not fully vetted by CBP and were the subject of national security or public safety information that was not properly assessed prior to parole by CBP.” See Davidson Memorandum 2 [Doc."
,,USCIS deference policy to prior approvals H1B adjudications changes,3,0.031010,Asylum seekers given less time to prepare for credible fear interviews,"[""U.S. Citizenship and Immigration Services""]","[""Asylum, Withholding and CAT""]","17-2 at 12 (Johnson Decl., Ex. 1 at D-1). That same day, acting Secretary McAleenan also revised USCIS’s order of succession, designating the newly created position of Principal Deputy Director as “the First Assistant and most senior successor to the Director of USCIS.” Dkt. 17-4 at 7 (Blackwell Decl., Ex. 2). These two changes—both of which occurred after the vacancy arose—allowed Cuccinelli to leapfrog Koumans to become USCIS’s acting Director. But neither of these changes was designed to endure. Acting Secretary McAleenan specified that Cuccinelli’s appointment as Principal Deputy Director “will remain in effect until the earlier to occur of (1) the appointment of a Director of USCIS by the President of the United States, or (2) the express revocation of this appointment.” Id. at 5 (Blackwell Decl., Ex. 1). And acting Secretary McAleenan specified that the revised order of succession, which re-designated the Principal Deputy Director position as the “first assistant” to the Director, “will terminate automatically, without further action, upon the appointment of a new Director of USCIS by the President.” Id. at 7 (Blackwell Decl., Ex.2). In other words, as soon as the vacant office is filled, the status quo will be restored. On July 2, 2019, three weeks after assuming his new office, Cuccinelli issued a memorandum announcing a revised policy for scheduling credible-fear interviews in expedited removal proceedings. AR 113. Under the revised policy, USCIS (1) reduced the time allotted for asylum seekers to consult with others prior to their credible-fear interviews from 72 or 48 hours to “one full calendar day from the date of arrival at a detention facility,” AR 113 (“reduced-time-to-consult directive”), and (2) prohibited asylum officers from granting asylum Case 1:19-cv-02676-RDM Document 34 Filed 03/01/20 Page 3 of 55"
,,USCIS deference policy to prior approvals H1B adjudications changes,4,0.030835,"USCIS proposes changes to Form G-325A, Biographic Information (for Deferred Action)","[""U.S. Citizenship and Immigration Services""]","[""Unspecified/Other""]","1 TABLE OF CHANGES – FORM Form G-325A, Biographic Information (for Deferred Action) OMB Number: 1615-0008 05/15/2025 Reason for Revision: REV Project Phase: 60-Day Legend for Proposed Text: • Black font = Current text • Red font = Changes Expires xx/xx/2029 (10/30/2027) Edition Date xx/xx/2026 (01/20/2025) Current Page Number and Section Current Text Proposed Text Pages 1-3, Part 1. Information About You [Page 1] … 5. Sex Male Female [new] 6. USCIS Online Account Number (if any) 7. Alien Registration Number (A-Number) (if any) 8. All Other Names Used (include names by previous marriages) NOTE: Provide all other names you have ever used, including family name at birth, other legal names, nicknames, aliases, and assumed names. If extra space is needed to complete this section, use the space provided in Part 8. Additional Information. 9. City or Town of Birth 10. Country of Birth 11. Country of Citizenship or Nationality [Page 2] Your Prior Residences 12. Please list your previous addresses for the last five years excluding your current physical address. [Table 4 entries] Street Name and Number City [Page 1] … 5. Sex Male Female 6. U.S. Social Security Number (SSN) (if any) 7. USCIS Online Account Number (if any) 8. Alien Registration Number (A-Number) (if any) 9. All Other Names Used (include names by previous marriages) NOTE: Provide all other names you have ever used, including family name at birth, other legal names, nicknames, aliases, and assumed names. If extra space is needed to complete this section, use the space provided in Part 6."
,,USCIS deference policy to prior approvals H1B adjudications changes,5,0.029958,USCIS issues final rule on public charge inadmissibility grounds,"[""U.S. Citizenship and Immigration Services""]","[""Unspecified/Other"", ""Unspecified/Other""]","Additional information about the public charge ground of inadmissibility also remains available on the USCIS Public Charge Resources webpage. This guidance, contained in Volume 8 of the Policy Manual, is controlling and supersedes any related prior guidance on the topic. Policy Highlights • Incorporates information from the related appendices addressing applicability of the public charge ground of inadmissibility to help applicants for adjustment of status more easily identify the immigration categories to which the public charge ground of inadmissibility applies. Summary of Changes Affected Section: Volume 8 > Part G > Chapter 3 > Section B, Applicants for Adjustment of Status 1 The related appendices remain unchanged. To provide feedback on this update, email USCIS at policyfeedback@uscis.dhs.gov. PA-2023-20: Incorporating Guidance on Applicability of the Public Charge Ground of Inadmissibility Page: 2 • Revises section in its entirety, to include the addition of various tables listing the categories of adjustment of status applicants subject to the public charge ground of inadmissibility. USCIS may also make other minor technical, stylistic, and conforming changes consistent with this update. Citation Volume 8: Admissibility, Part G, Public Charge Ground of Inadmissibility, Chapter 3, Applicability [8 USCIS-PM G.3]."
,,evolution of SIJS eligibility interpretations and state court dependency requirements,1,0.032522,HHS issues notice excluding undocumented immigrants from additional federal benefits,"[""Unspecified/Other""]","[""Unspecified/Other""]","PRWORA is limited to programs with “eligibility units”; Defendants now say it applies to programs Congress wanted to be open to all. PRWORA governs access to “benefits”; Defendants now claim it applies to “programs” in their entirety, even where many of their benefits fall outside the statute. These new interpretations are not “unambiguously” correct; they are quite simply wrong. 10. The Constitution itself also forbids Defendants’ effort to reimagine PRWORA. Plaintiff States accepted federal funding for dozens of programs against the backdrop of Defendants’ settled interpretation of this statute. The Spending Clause does not permit Defendants to dramatically change that bargain and “surpris[e]” the States with “post acceptance,” “retroactive” conditions in the middle of their grant terms. Pennhurst State Sch. & Hosp. v. Halderman, 451 U.S. 1, 25 (1981). Nor may Defendants coerce states into restricting critical community programs—particularly in areas of traditional state power like public health and safety—or else face the loss of billions of dollars in federal funding. 11. Three of the notices are also inconsistent with the requirements of the Administrative Procedure Act. HHS, ED, and DOL failed to follow the requisite notice-andcomment procedures before announcing major, substantive changes to the way they implement PRWORA that would take effect immediately. Their explanations also lack the basic elements of reasoned decision-making: Defendants did not consider the massive reliance that had built up around their settled interpretations, nor even explain why they deemed many programs newly within PRWORA’s scope."
,,evolution of SIJS eligibility interpretations and state court dependency requirements,2,0.031754,"DOJ sues Illinois over ""Right to Privacy in the Workplace Act"" amendments","[""Unspecified/Other""]","[""Employment Verification""]","art. VI, cl. 2. 52. Express preemption occurs when Congress, through statutory language, explicitly supersedes all state enactments in a particular area. P. Gas and Elec. Co. v. State Energy Resources Conserv. & Develop. Comm’n, 461 U.S. 190, 203–04 (1983). 53. Implied “field preemption” occurs when a “scheme of federal regulation [is] so pervasive as to make reasonable the inference that Congress left no room to supplement it,” or where the “federal interest is so dominant that the federal system will be assumed to preclude enforcement of state laws on the same subject.” Rice v. Santa Fe Elevator Corp., 331 U.S. 218, 230 (1947). 54. Conflicts can also arise when a state law forms an “obstacle to the accomplishment and execution of the full purposes and objectives of Congress.” Hines, 312 U.S. at 67. 55. The goals of the INA’s employment eligibility verification provisions are clear— to compel employers to verify employment eligibility and encourage the use of E-Verify to help ensure that all aliens who are working in the United States are authorized to do so. 56. By imposing confusing rules during the employment verification process and threatening employers with penalties if they do not comply, SB0508 discourages and obfuscates the use of E-Verify and Form I-9 inspection requirements. Specifically, SB0508 imposes additional notification requirements on employers (at times delineating the time, place, and way notification must be provided) and prohibitions that go beyond federal law."
,,evolution of SIJS eligibility interpretations and state court dependency requirements,3,0.030769,"AG Barr issues Matter of Thomas and Thompson, ruling on the immigration effect of modified criminal convictions","[""Attorney General"", ""Executive Office for Immigration Review""]","[""Unspecified/Other""]","Holder, 595 F.3d 549, 556 (4th Cir. 2010) (“[I]t is a basic principle of administrative law that ‘the choice made between proceeding by general rule or by individual, ad hoc litigation is one that lies primarily in the informed discretion of the administrative agency.’” (quoting SEC v. Chenery Corp., 332 U.S. 194, 203 (1947)). Indeed, in the decades since Bell Aerospace, the Supreme Court “has not even suggested that a court can constrain an agency’s choice between rulemaking and adjudication.’” Velasco-Giron, 773 F.3d at 779 (emphasis added) (quoting Richard J. Pierce, Jr., I Administrative Law Treatise § 6.9 at 510 (5th ed. 2010)). And agencies retain their discretion even when announcing interpretations that may conflict with prior decisions. See Chisholm v. F.C.C., 538 F.2d 349, 364 (D.C. Cir. 1976) (“[A]n administrative agency is permitted to change its interpretation of a statute, especially where the prior interpretation is based on error, no matter how longstanding.”); see also id. at 365 (“The original interpretation of the [statute] was . . . established by adjudication; thus reversal by adjudication seems particularly appropriate here.”). I accordingly conclude that it is appropriate to address these Board precedents in the context of an administrative adjudication, and there is no legal requirement to do so by regulation. C. Finally, although I did not request briefing on the subject, the parties to this case have addressed which side should carry the burden of proof when it comes to establishing the state court’s reason for altering a sentence under the Pickering test."
,,evolution of SIJS eligibility interpretations and state court dependency requirements,4,0.030579,USCIS updates policy on applying discretion in adjudications,[],[],"In cases where negative factors are present, the oﬀicer may ask the requestor directly why he or she warrants a favorable exercise of discretion. The oﬀicer should document any response, or lack thereof, in the record. Determining Whether Requestor First Meets Threshold Eligibility Requirements The discretionary analysis is the final step in the adjudication. Generally, the oﬀicer should first determine whether the requestor meets all threshold eligibility requirements before beginning the discretionary analysis. If the oﬀicer determines the requestor has not met the eligibility requirements for the benefit sought, the oﬀicer may deny the request without completing a discretionary analysis. However, an oﬀicer may include a discretionary analysis if a discretionary denial would be warranted even if the requestor had met the threshold statutory and regulatory requirements. In the process of determining whether the requestor has met the eligibility requirements for the benefit sought, the oﬀicer might find that certain facts related to threshold eligibility for the specific benefit may also be relevant to the discretionary determination. For example, if an oﬀicer finds that an adjustment applicant was convicted of a crime, the applicant might be inadmissible. The criminal conviction may also aﬀect the discretionary analysis. Conducting Discretionary Analysis The act of exercising discretion involves the weighing of positive and negative factors and considering the totality of the circumstances in the specific case."
,,evolution of SIJS eligibility interpretations and state court dependency requirements,5,0.028986,"EO 14165 § 7(b) directs termination of ""categorical parole programs"" including CHNV Parole Processes","[""Customs and Border Protection"", ""U.S. Citizenship and Immigration Services"", ""Unspecified/Other""]","[""Unspecified/Other""]","Id. However, it does not impose a categorical ban on the use of expedited removal proceedings for those whose past parole has since been terminated. Both readings are plausible because, as Plaintiffs point out, ""parole"" can refer to both a manner of entry and a status. See Sanchez v. Mayorkas, 593 U.S. 409, 415 (2021) (""Lawful status and admission . . . are distinct concepts in immigration law.""). Similarly, the present perfect tense (e.g., ""ha[ve] been . . . paroled"") can be used both to ""denot[e] an act that has been completed,"" Barrett v. United States, 423 U.S. 212, 216 (1976), and to denote an event that continues to be true into the present, Case: 25-1384 Document: 00118339877 Page: 30 Date Filed: 09/12/2025 Entry ID: 6750605 - 31 - Hewitt v. United States, 145 S. Ct. 2165, 2172 (2025). And although both sides offer regulations in support of their proffered interpretations, the fact that different regulations appear to support both interpretations does not shed light on which interpretation Congress intended. Compare 8 C.F.R. § 212.5(e)(2)(i) (instructing that further proceedings may occur after the termination of parole under Section 235 of the INA, which includes expedited removal proceedings), with id. § 235.3(b)(6) (giving a person an opportunity to establish that they were ""admitted or paroled into the United States following inspection at a port-of-entry"" before being subject to expedited removal). But since the Government's interpretation of the statute is persuasive enough, we cannot discern a ""clear legal error,"" as the district court put it, in DHS's reasoning proffered in the Termination Notice."
,,policy changes governing employment authorization for pending adjustment applicants,1,0.032002,EOIR issues guidance on adjustment of status eligibility for certain Liberians under the NDAA,"[""Unspecified/Other"", ""Executive Office for Immigration Review""]","[""Unspecified/Other""]","Through Policy Memo 20-06, EOIR provides guidance on how the National Defense Authorization Act -- which contains a new eligibility program for adjustment of status for certain Liberian nationals and their immediate family members -- impacts on applicants' removability and other issues that may arise in immigration proceedings. [ID #232]"
,,policy changes governing employment authorization for pending adjustment applicants,2,0.031754,USCIS updates policy on applying discretion in adjudications,[],[],"Home > Policy Manual Chapter 5 - Discretion Guidance Resources (8) Appendices (0) Updates (3) ! Alert On September 11, 2020, the U.S. District Court for the District of Maryland in Casa de Maryland et al v. Chad Wolf provided limited injunctive relief to members of two organizations, CASA de Maryland (CASA) and the Asylum Seeker Advocacy Project (ASAP), in the application of the Asylum Application, Interview, and Employment Authorization for Applicants Rule to Form I-589s and Form I-765s filed by asylum applicants who are also members of CASA or ASAP. Therefore, while the rule is preliminarily enjoined, we will continue to apply the prior regulatory language and exempt from discretion CASA and ASAP members who file a Form I-765 based on an asylum application. A. Discretionary Authority and Applicability While employment authorization for certain aliens is automatic or non-discretionary by virtue of their immigration status, other aliens must aﬀirmatively apply for employment authorization and USCIS may grant employment authorization as a matter of discretion. The regulations outlined at 8 CFR 274a.12(c) specify categories of aliens who must apply for employment authorization and may be granted employment authorization as a matter of discretion; these aliens are referred to in this chapter as Category C applicants. For those Category C applicants seeking both employment authorization and an employment authorization document (EAD), the applicant must generally file an Application for Employment Authorization (Form I-765) with USCIS with the appropriate fee (unless waived), and in accordance with the form instructions."
,,policy changes governing employment authorization for pending adjustment applicants,3,0.031498,HUD orders immediate citizenship-verification for tenants in HUD-funded housing,"[""Unspecified/Other""]","[""Interior""]","PHAs should consult the guidance and manuals SAVE provides on understanding SAVE verification responses. 3 HUD assistance is defined as rental assistance in the public housing or housing choice voucher programs. 8 SAVE Response Section 214 Eligibility Status Republic of the Marshall Islands, or Palau.  Cuban/Haitian Entrant;  No Status – Granted Withholding of Removal – Employment Authorized Indefinitely;  Violence Against Women Act (VAWA) – Self-Petitioner – Temporary Employment Authorized;  VAWA Self-Petitioner; and  VAWA Self-Petitioner – Not Employment Authorized.  Non-Immigrant  Non-Immigrant – Temporary Employment Authorized;  Non-Immigrant – Temporary Employment Authorized – Indefinite;  Non-Immigrant – Not Employment Authorized;  Non-Immigrant – Employment Authorized CNMI Only;  Student Status Temporary Authorized;  If Principal – Temporary Employment Authorized;  If Principal or Spouse – Temporary Employment Authorized;  Temporary Resident – Temporary Employment Authorized;  Deferred Action for Childhood Arrivals (DACA) – Employment Authorized;  Temporary Protected Status (TPS) – Employment Authorized;  Application Pending (Form I-589 Asylum);  Application Pending (Form I-485 Adjustment of Status) – Temporary Employment Authorized;  Application Pending; Ineligible for HUD Assistance 9 SAVE Response Section 214 Eligibility Status  Application Pending – Temporary Employment Authorization;  Application Pending – Not Temporary Employment Authorization;  Deferred Action Status (DAS);  Deferred Action Status (DAS) – Not Employment Authorized;  Deferred Enforced Departure (DED); and  No Status;  No Status – Released on an Order of Supervision – Temporary Employment Authorized;  No Status – Employment Authorized Indefinitely; and  No Status Temporary Employment Authorized."
,,policy changes governing employment authorization for pending adjustment applicants,4,0.030536,"EO 14165 § 7(b) directs termination of ""categorical parole programs"" including CHNV Parole Processes","[""Customs and Border Protection"", ""U.S. Citizenship and Immigration Services"", ""Unspecified/Other""]","[""Unspecified/Other""]","Garland, 596 U.S. 328 (2022), that “the statutory bar applie[s] to every decision in the chain leading to [a] particular decision.” Opp. to Second Mot. for PI 8 [Doc. No. 89]; First Order on Motion to Stay 23 [Doc. No. 97]. Review of the indefinite suspension of initial parole and re-parole applications is not precluded by Section 1252(a)(2)(B)(ii) for reasons explained in the First Order on Motion to Stay [Doc. No. 97], including that challenges to policies and processes governing grants and revocations of parole are generally reviewable. marginally related” to the purposes of the immigration statutes as to foreclose them from bringing suit. 27 Section 1158(a) pertains to the granting of asylum. See 8 U.S.C. § 1158(a). Case 1:25-cv-10495-IT Document 107 Filed 05/28/25 Page 26 of 49 27 As to the Davidson Memorandum’s suspension of other adjudications, Defendants state that “asylum and most applications for adjustment of status are discretionary.” Opp. to Mot. for PI 10 [Doc. No. 42]. Asylum adjudications are expressly exempted from Section 1252(a)(2)(B)(ii), so that Section does not bar review of the Davidson Memorandum’s suspension of asylum adjudications. See 8 U.S.C. § 1252(a)(2)(B)(ii) (“other than the granting of relief under section 1158(a) of this title”). Other courts have found that Section 1252(a)(2)(B)(ii) bars review of DHS’s policy requiring an immigrant visa number to be available before approving or denying pending adjustment of status (“AOS”) applications. See Thigulla v."
,,policy changes governing employment authorization for pending adjustment applicants,5,0.030478,USCIS issues final rule on public charge inadmissibility grounds,"[""U.S. Citizenship and Immigration Services""]","[""Unspecified/Other"", ""Unspecified/Other""]","Additional information about the public charge ground of inadmissibility also remains available on the USCIS Public Charge Resources webpage. This guidance, contained in Volume 8 of the Policy Manual, is controlling and supersedes any related prior guidance on the topic. Policy Highlights • Incorporates information from the related appendices addressing applicability of the public charge ground of inadmissibility to help applicants for adjustment of status more easily identify the immigration categories to which the public charge ground of inadmissibility applies. Summary of Changes Affected Section: Volume 8 > Part G > Chapter 3 > Section B, Applicants for Adjustment of Status 1 The related appendices remain unchanged. To provide feedback on this update, email USCIS at policyfeedback@uscis.dhs.gov. PA-2023-20: Incorporating Guidance on Applicability of the Public Charge Ground of Inadmissibility Page: 2 • Revises section in its entirety, to include the addition of various tables listing the categories of adjustment of status applicants subject to the public charge ground of inadmissibility. USCIS may also make other minor technical, stylistic, and conforming changes consistent with this update. Citation Volume 8: Admissibility, Part G, Public Charge Ground of Inadmissibility, Chapter 3, Applicability [8 USCIS-PM G.3]."
,,CBP expedited inspection and secondary inspection policy guidance updates,1,0.032002,DHS Secretary ratifies interim final rule on Asylum Cooperative Agreements,"[""U.S. Citizenship and Immigration Services"", ""Unspecified/Other"", ""Executive Office for Immigration Review"", ""Unspecified/Other""]","[""Unspecified/Other"", ""Asylum, Withholding and CAT"", ""Unspecified/Other""]","Defendant Noem has issued the new DHS Designations in connection with ACAs signed by the current administration. Case 1:20-cv-00116-EGS Document 157-1 Filed 09/08/25 Page 14 of 52 12 31. Defendant DHS is a cabinet-level department of the United States federal government. Its components include U.S. Citizenship and Immigration Services (“USCIS”), Customs and Border Protection (“CBP”), and Immigration and Customs Enforcement (“ICE”). DHS and its components have issued challenged Guidance implementing the Rule. 32. Defendant Joseph Edlow is the Acting Director of USCIS. He is sued in his official capacity. 33. Defendant USCIS is the sub-agency of DHS that, through its asylum officers, adjudicates the applications of noncitizens who apply for asylum affirmatively and conducts credible fear screening interviews in expedited removal proceedings. Pursuant to the Rule and Guidance, USCIS asylum officers conduct “threshold screening interviews” to determine whether noncitizens can be removed to an ACA signatory country. 34. Defendant Rodney Scott is the Commissioner of CBP. He is sued in his official capacity. 35. Defendant CBP is the sub-agency of DHS that is responsible for the initial processing and detention of noncitizens who are apprehended near the U.S. border or who present themselves at ports of entry. CBP makes the initial determination whether an individual in expedited removal is “amenable” to removal pursuant to an ACA and, if so, refers the individual to USCIS for a “threshold screening interview.” 36."
,,CBP expedited inspection and secondary inspection policy guidance updates,2,0.031754,"EO 14165 § 6 directs DHS, DOS, and DOJ to resume the Migrant Protection Protocols","[""Unspecified/Other"", ""Unspecified/Other"", ""Unspecified/Other""]","[""Border"", ""Asylum, Withholding and CAT""]","if: (1) the alien cannot demonstrate eligibility for the exercise of parole discretion; (2) the alien has valid immigration status in Canada or Mexico; (3) Canadian or Mexican border officials express a willingness to accept the returning alien; and (4) the alien’s claim of fear of persecution or torture does not relate to Canada or Mexico.” Mem. from Jayson P. Ahern, Asst. Comm’r, Office of Field Ops., CBP, Treatment of Cuban Asylum Seekers at Land Border Ports of Entry 2-3 (June 10, 2005). The INS also issued guidance in 1997 and 1998 contemplating the use of Section 235(b)(2)(C) only as a “last resort” and only when the individual does not claim a fear of persecution related to Canada or Mexico. Mem. from Michael A. Pearson, Executive Assoc. Comm’r, Office of Field Ops., INS, Detention Guidelines Effective October 9, 1998 3 (Oct. 7, 1998); Mem. from Chris Sale, Deputy Comm’r, INS, Implementation of Expedited Removal 4 (Mar. 31, 1997) (same). 13 Secretaría de Relaciones Exteriores, Position of Mexico on the Decision of the U.S. Government to Invoke Section 235(b)(2)(C) of its Immigration and Nationality Act (Dec. 20, 2018). 14 Press Release, DHS, “Secretary Kirstjen M. Nielsen Announces Historic Action to Confront Illegal Immigration,” Dec. 20, 2018, https://www.dhs.gov/news/2018/12/20/secretary-nielsen-announces-historic-action-confront-illegal­ immigration [hereinafter Nielsen Release]. 5 On January 25, 2019, DHS issued policy guidance for implementing MPP,15 which was augmented a few days later by operational guidance from U.S."
,,CBP expedited inspection and secondary inspection policy guidance updates,3,0.030679,DHS deports DACA recipient returning with advance parole,"[""Customs and Border Protection"", ""Unspecified/Other""]","[""Border"", ""DACA""]","33. Upon returning to the United States, Mr. Cortez Martinez appeared for inspection at the port of entry at the airport in Dallas Fort Worth and tendered his documents to officers. He was then placed in secondary inspection and questioned. Mr. Cortez Martinez cooperated and truthfully answered all the officer’s questions. 34. At the conclusion of the interview, a CBP officer denied Mr. Cortez Martinez entry indicating that he was “inadmissible to the United States pursuant to section 212(a)(7)(A)(i)(I) of the INA as an immigrant without an immigrant visa based on the Case 3:25-cv-00801-X Document 1 Filed 04/02/25 Page 10 of 19 PageID 10 11 fact that [he had been] ordered removed in absentia on June 11, 20242.” They further determined that Mr. Cortez Martinez’s advance parole document “was issued in error,” and therefore he was subject to an expedited removal order for failing to be in possession of a valid entry document. 35. The sole basis for denying Mr. Cortez-Martinez entry into the US was based on CBP’s incorrect determination that the existence of a removal order in and of itself abated the ability of USCIS to issue a valid advance parole document. 36. Plaintiff was afforded no hearing, and no opportunity to contest CBP’s improper finding that his advance parole document was valid for entry. 37. Plaintiff’s lawfully obtained advance parole document, which was valid on it’s face, was then confiscated from Plaintiff by Defendants. No receipts were provided to Plaintiff to show that his property-one which he applied for, paid for and obtained from USCISwas being confiscated and kept by CBP officers."
,,CBP expedited inspection and secondary inspection policy guidance updates,4,0.029857,ORR requires Director-level authorization of custodial releases of certain unaccompanied children,"[""Office of Refugee Resettlement""]","[""Detention"", ""Interior"", ""Minors""]","3.4.1 Health Care Eligibility & General Standards 5/11/15 Posted Date: 1/8/2024; Effective Date: 1/15/2024 - Updates to address Medicaid and CHIP eligibility for classes of children, and the process by which care providers should enroll eligible children for Medicaid and CHIP benefits. 3.4.2 Initial Medical and Dental Examinations and Follow-up Care 1/24/16 1/24/16 - Updates to reflect current practices; no changes to actual services Posted Date: 1/8/2024; Effective Date: 1/15/2024 - Updates to dental policies to align with UC MAP provisions. 3.4.3 Requests for Healthcare Services, including Serious 8/4/21 8/4/2021 — Added reference to the Policy Memorandum: Medical Services Requiring Heightened ORR Involvement. Medical Services Requiring Heightened ORR Involvement Posted Date: 1/8/2024; Effective Date: 1/15/2024 - Updates regarding response times for non-emergency medical concerns from 24-48 hours to conducting triage within two hours and steps for completing te Serious Medical Procedure Request form. 3.4.4 Medication Administration & Management 5/11/15 9/12/15 - Removed requirement that care providers must report all medication errors to ORR. 3.4.5 Responding to Medical Emergencies 5/11/15 8/4/2021 — Added reference to the Policy Memorandum: Medical Services Requiring Heightened ORR Involvement. 08/02/23 - Updated definition of Medical Emergency 3.4.6 Management of Communicable Diseases 5/11/15 Not Applicable 3.4.7 Maintaining Health Care Records & Confidentiality 5/11/15 8/4/2021 — Added reference to the Policy Memorandum: Medical Services Requiring Heightened ORR Involvement."
,,CBP expedited inspection and secondary inspection policy guidance updates,5,0.029236,USCIS updates policy on applying discretion in adjudications,[],[],"For benefits involving discretion, a discretionary analysis is a separate component of the adjudication of the benefit request; it is typically assessed at the end of the review, after an officer has determined that the requestor meets all other applicable eligibility requirements.3 This guidance, contained in Volumes 1 and 10 of the Policy Manual, incorporates and replaces Chapter 10.15 of the Adjudicator’s Field Manual (AFM), as well as the AFM’s related appendices, and related policy memoranda.4 The guidance contained in the Policy Manual is controlling and supersedes any related prior guidance on the topic. 1 See “Proclamation Suspending Entry of Aliens Who Present a Risk to the U.S. Labor Market Following the Coronavirus Outbreak.” 2 See INA 291. 3 See, for example, INA 245(a): “The status of an alien who was inspected and admitted or paroled into the United States . . . may be adjusted by the Attorney General, in his discretion and under such regulations as he may prescribe, to that of an alien lawfully admitted for permanent residence if . . . .” 4 USCIS is also making minor technical updates in other Policy Manual parts consistent with this update. AILA Doc. No. 20071531. (Posted 7/15/20) www.uscis.gov PA-2020-10: Applying Discretion in USCIS Adjudications Page: 2 Policy Highlights • Provides an overview and general goals of the discretionary analysis, including the appropriate scope of discretion. • Provides non-exhaustive lists of discretionary factors that officers should consider on a case­ by-case basis."
,,changes to cancellation of removal hardship standard interpretations,1,0.032787,HHS issues notice excluding undocumented immigrants from additional federal benefits,"[""Unspecified/Other""]","[""Unspecified/Other""]","Plaintiff States have, continuously since the statute was enacted, accepted funds from Defendants pursuant to the understanding of PRWORA and the DOJ-promulgated exemptions that Defendants had adhered to for decades. Those interpretations and exemptions were set forth in formal, authoritative notices. Prior to distributing federal funds, Defendants never hinted that they might revisit those interpretations, much less in such dramatic and immediate ways. These novel interpretations are riddled with legal errors and are plainly not unambiguously correct interpretations of the statute. Because the Spending Clause does not permit the federal government to “surpris[e] participating States with post acceptance or ‘retroactive’ conditions,” id. at 25, the application of Defendants’ new conditions to the Plaintiff States is unconstitutional. Case 1:25-cv-00345 Document 1 Filed 07/21/25 Page 43 of 50 PageID #: 43 44 212. Each of the PRWORA notices has suddenly and dramatically upended Defendants’ bargains with the Plaintiff States. Defendants now read PRWORA to impose substantially more burdens on the states than they could possibly have foreseen when they accepted funds and committed their own resources to establishing safety net programs in reliance on that settled understanding. And DOJ has rescinded exemptions that have been in place since one day after the statute’s enactment. These changes will impose immediate, massive, and unforeseeable compliance costs on states, and require them to either dramatically restructure their programs or forgo federal funding."
,,changes to cancellation of removal hardship standard interpretations,2,0.031746,"EOIR issues guidance on Pereira v. Sessions, announcing changes in NTA filings and case scheduling","[""Customs and Border Protection"", ""Immigration and Customs Enforcement"", ""U.S. Citizenship and Immigration Services"", ""Executive Office for Immigration Review""]","[""Unspecified/Other""]","The Immigration Judge held that the respondent’s parole terminated upon service of the NTA, rendering her removable as charged under section 212(a)(6)(A)(i) of the Act, 8 U.S.C. § 1182(a)(6)(A)(i) (2018), as a noncitizen present in the United States without being admitted or paroled, or who arrived in the United States at any time or place other than as designated by the Attorney General. The Immigration Judge then concluded that the respondent’s criminal conviction was an aggravated felony, which rendered her ineligible for cancellation of removal and voluntary departure. See sections 240A(b)(1)(C), 240B(b)(1)(C) of the Act, 8 U.S.C. §§ 1229b(b)(1)(C), 1229c(b)(1)(C) (2018); see also section 237(a)(2)(A)(iii) of the Act, 8 U.S.C. § 1227(a)(2)(A)(iii). The Immigration Judge also determined that she was ineligible for adjustment of status because she was inadmissible to the United States. See section 245(a)(2) of the Act, 8 U.S.C. § 1255(a)(2) (2018). This appeal followed. Relying on Pereira v. Sessions, 138 S. Ct. 2105 (2018), the respondent contends that because her NTA did not designate the time and place of her initial removal hearing, it was insufficient to vest the Immigration Court with jurisdiction. She also submits that because, under Pereira, the NTA could not trigger the “stop-time” rule under section 240A(d)(1) of the Act for the purposes of cancellation of removal, it likewise could not terminate her parole. The respondent, therefore, maintains that she is not inadmissible as charged under section 212(a)(6)(A)(i) of the Act and that she is eligible for cancellation of removal, adjustment of status, and voluntary departure."
,,changes to cancellation of removal hardship standard interpretations,3,0.030777,DHS Secretary ratifies interim final rule on Asylum Cooperative Agreements,"[""U.S. Citizenship and Immigration Services"", ""Unspecified/Other"", ""Executive Office for Immigration Review"", ""Unspecified/Other""]","[""Unspecified/Other"", ""Asylum, Withholding and CAT"", ""Unspecified/Other""]","63. In that interview, the Rule provides that the officer will “determine whether it is more likely than not that the [noncitizen] would be persecuted on account of a protected ground or tortured in that country,” 84 Fed. Reg. at 64,009—which is the ultimate standard for receiving withholding or CAT relief in a full removal hearing before an immigration judge, not the lower screening standard used in credible fear or reasonable fear interviews, in which noncitizens must show only a possibility of ultimately establishing eligibility after a full hearing. Only if the noncitizen meets that ultimate standard as to every ACA country to which they are susceptible to removal, see id., will the noncitizen then receive a normal credible fear interview regarding their fear of removal to their home country. 64. It is often impossible for asylum seekers to make this showing while detained and within days of being placed into an expedited removal process. That is because an asylum seeker who may have spent little or no time in the third country would have to explain why they feared being returned there. Doing so might require substantial country conditions evidence, an explanation of the relationship between that country and the applicant’s country of origin, or details as to why the same form of harm that the person fled in their home country is likely in the third country too. For instance, an applicant like U.T. or J.C.—both of whom are gay men— would have to provide substantial country conditions evidence to show why the harm they experienced on account of their sexual orientation in one country would persist in another."
,,changes to cancellation of removal hardship standard interpretations,4,0.030769,EOIR Director issues guidance to restrict continuances,"[""Executive Office for Immigration Review""]","[""Unspecified/Other""]",". .Given that Maldonado-Guzman’s right to be heard was not prejudiced by the denial of a continuance on removal proceedings, he has failed to establish a violation of the Due Process Clause.” (cleaned up)). • Category (2) status-docket cases generally warrant continuances until they can be resolved. See generally PM 19-13, Use of Status Dockets at (Aug. 16, 2019) at 2. o Cases in which an Immigration Judge intends to grant cancellation of removal for certain nonpermanent residents pursuant to INA § 240A(b), which are subject to an annual statutory cap of 4000, should be continued if the cap has been reached for the year and that application is the only one the alien has filed. 8 C.F.R. § 1240.21(c)(1); see also OPPM 17-04, Applications for Cancellation of Removal or Suspension of Deportation that are Subject to the Cap (Dec. 20, 2017). o Cases in which an alien otherwise prima facie eligible for adjustment of status before an Immigration Judge in the United States had an immediately-available visa at the time the adjustment of status application was filed with the immigration court but the visa category subsequently retrogressed by the time of the hearing, should be held in abeyance. Matter of Briones, 24 I&N Dec. 355, 357 n.3 (BIA 2007). 4The Board did not address visa availability—or the remoteness of such availability—in Matter of Sanchez Sosa, as it appears that the annual statutory cap on U visas had not been reached at the time the decision was issued. 5 • By statute, “[i]n order that an alien be permitted the opportunity to secure counsel before the first hearing date in proceedings under section 240 of the Act, the hearing date shall not be scheduled earlier than 10 days after the service of the notice to appear, unless the alien requests in writing an earlier hearing date.” INA § 239(b)(1)."
,,changes to cancellation of removal hardship standard interpretations,5,0.030622,"AG Barr issues Matter of Thomas and Thompson, ruling on the immigration effect of modified criminal convictions","[""Attorney General"", ""Executive Office for Immigration Review""]","[""Unspecified/Other""]","C. Finally, although I did not request briefing on the subject, the parties to this case have addressed which side should carry the burden of proof when it comes to establishing the state court’s reason for altering a sentence under the Pickering test. The Board and the courts of appeals have considered this issue in applying Matter of Pickering to vacaturs of convictions, and they have allocated the burden in different ways, depending on the procedural posture of the case at hand. See, e.g., Andrade-Zamora v. Lynch, 814 F.3d 945, 949 (8th Cir. 2016) (the alien bears the burden to prove that a conviction was vacated because of a procedural or substantive defect when applying for cancellation of removal); Barakat v. Holder, 621 F.3d 398, 403–04 (6th Cir. 2010) (the government bears the burden to prove that a conviction was vacated for reasons other than a procedural or substantive defect when seeking to establish that an alien is removable); Rumierz v. Gonzales, 456 F.3d 31, 37 (1st Cir. 2006) (the alien bears the burden to prove that a conviction was vacated because of a procedural or substantive defect when seeking to reopen removal proceedings). Cite as 27 I&N Dec. 674 (A.G. 2019) Interim Decision #3966 690 The courts of appeals have sometimes invoked a burden-shifting framework to describe the burden of proof, e.g., Barakat, 621 F.3d at 403 (describing how “the burden of production may shift during removal proceedings”), but regardless of how the issue is described, the bottom line remains the same: When the government alleges that an alien is deportable, the government bears the burden of proving deportability by clear and convincing evidence."
,,USCIS and EOIR policy conflicts regarding continuances and case management,1,0.032787,EOIR Director issues guidance to restrict continuances,"[""Executive Office for Immigration Review""]","[""Unspecified/Other""]","OOD DM 22-05 Issued: Apr. 18, 2022 Effective: Immediately CANCELLATION OF POLICY MEMORANDA 19-05, 21-06, AND 21-13 PURPOSE: Rescind and cancel Policy Memoranda 19-05, 21-06, and 2113 OWNER: David L. Neal, Director AUTHORITY: 8 C.F.R. § 1003.0(b) CANCELLATION: Policy Memorandum 19-05 Policy Memorandum 21-06 Policy Memorandum 21-13 As EOIR continues to review existing agency policies and practices, the following Policy Memoranda (PM) are rescinded: 1. PM 19-05, Guidance Regarding the Adjudication of Asylum Applications Consistent with INA § 208(d)(5)(A)(iii) 2. PM 21-06, Asylum Processing 3. PM 21-13, Continuances Please contact your supervisor if you have any questions."
,,USCIS and EOIR policy conflicts regarding continuances and case management,2,0.031025,"EOIR issues guidance on Pereira v. Sessions, announcing changes in NTA filings and case scheduling","[""Customs and Border Protection"", ""Immigration and Customs Enforcement"", ""U.S. Citizenship and Immigration Services"", ""Executive Office for Immigration Review""]","[""Unspecified/Other""]","OOD PM 24-01 To: All of EOIR From: Mary Cheng, Acting Director Date: August 22, 2024 Digitally signed by MARY MARY CHENG Date: 2024.08.22 CHENG 08:33:32 -04'00' UPDATED GUIDANCE FOR RECEIPT OF NOTICES TO APPEAR FILED BY THE DEPARTMENT OF HOMELAND SECURITY PURPOSE: Provide updated standards regarding receipt of Notices to Appear filed by the Department of Homeland Security. OWNER: Office of the Director. AUTHORITY: 8 C.F.R. § 1003.0(b)(1); 8 C.F.R. § 1003.14(a). CANCELLATION: Policy Memorandum 19-08, Acceptance of Notices to Appear and Use of the Interactive Scheduling System. This Policy Memorandum provides updated standards to Executive Office for Immigration Review (EOIR) adjudicators and personnel regarding the receipt of Notices to Appear (NTAs) filed by the Department of Homeland Security (DHS). This Policy Memorandum supersedes and rescinds Policy Memorandum 19-08, Acceptance of Notices to Appear and Use of the Interactive Scheduling System. I. Failure to Prosecute and Filing of Notices to Appear To initiate removal proceedings, a component of the Department of Homeland Security (DHS) (e.g., U.S. Customs and Border Protection (CBP), U.S. Citizenship and Immigration Services (USCIS), or U.S. Immigration and Customs Enforcement (ICE)) must first prepare and serve an individual with an NTA alleging that person’s removability from the United States. After the Supreme Court’s decision in Pereira v. Sessions, 585 U.S. 198 (2018), this first step has involved obtaining a time and date of the initial hearing and recording that information on the NTA."
,,USCIS and EOIR policy conflicts regarding continuances and case management,3,0.030415,"DOJ requests comments on Form EOIR-27, Notice of Entry of Appearance before BIA","[""Executive Office for Immigration Review""]","[""Unspecified/Other"", ""Unspecified/Other""]","This language provides additional notice to practitioners regarding their obligations 4 as representatives before EOIR and the potential consequences of any misconduct and is consistent with comments and suggestions received from the public, as discussed further below. This language mirrors that found on the Form EOIR-28, Notice of Entry of Appearance as Attorney or Representative Before the Immigration Court. Corresponding Changes to Electronic Form EOIR-27. As part of EOIR’s eRegistry, which is part of a long-term agency initiative to create an electronic case access and filing system for the Immigration Court and the Board, attorneys and accredited representatives may electronically file the Form EOIR-27. The changes to the Form EOIR-27 proposed herein will need to be implemented in eRegistry before the revised form – both hard copy and electronic versions – can be made available for use. The development and implementation of these changes in eRegistry will take several months to complete. In the event that the proposed changes are not ready in eRegistry upon OMB approval of the revisions proposed herein, EOIR will continue to use the current Form EOIR-27 until those changes are finalized. This is necessary to prevent the use of two versions of the same form (i.e., a hard copy form different from an electronic form), avoid confusion as to which form may be used, and to avoid any conflicts the two versions may present. For these reasons, EOIR seeks OMB approval of both the new Form EOIR-27 (with the revisions proposed herein) and the old form until both the hard copy and electronic versions of the new form are ready for use."
,,USCIS and EOIR policy conflicts regarding continuances and case management,4,0.029324,Asylum seekers given less time to prepare for credible fear interviews,"[""U.S. Citizenship and Immigration Services""]","[""Asylum, Withholding and CAT""]","It further states that “[i]f USCIS is prepared to proceed with the interview after the consultation period has passed, asylum offices normally will deny requests for extensions of the consultation period, . . . except in extraordinary Case 1:19-cv-02676-RDM Document 34 Filed 03/01/20 Page 10 of 55 11 circumstances.” Id. Finally, the updated manual notes that “[e]xtraordinary circumstances may include, but are not limited to, serious illness or mental or physical disability of the alien, a member of the alien’s immediate family, or the alien’s consultant, and facility issues that prevent the alien from contacting a consultant.” AR 117. Although not memorialized in the memorandum, or in any other written policy produced in this litigation, Plaintiffs offer evidence that Cuccinelli adopted a third, significant change in policy relating to the ability of asylum seekers to prepare for their credible-fear interviews. Prior to issuance of the memorandum, “USCIS officials at [the Dilley Detention Center in South Texas] would provide an oral, in-person legal orientation, which allowed asylum seekers to ask questions about their legal rights.” Dkt. 12-2 at 3 (Fluharty Decl. ¶ 6). As part of that process: [M]others and their minor children watched a video that explained the nature and purpose of the credible[-]fear interview . . . and sat down individually with an asylum officer who: (1) provided them with a written copy of Form M-444, (2) asked them if they had any questions regarding the interview process, (3) confirmed which language they speak and understand best, (4) confirmed whether the family prefers to speak with a male or female officer, and (5) provided the family with two copies of Form G-56, which indicated the day and time their interview would take place."
,,USCIS and EOIR policy conflicts regarding continuances and case management,5,0.029236,USCIS updates policy on applying discretion in adjudications,[],[],"USCIS issues policy guidance in the USCIS Policy Manual regarding the discretionary analysis required in the adjudication of certain benefit requests, including certain applications for employment authorization. [ID #1142]"
,,regulatory changes to premium processing scope and statutory authority expansion,1,0.032002,HHS issues notice excluding undocumented immigrants from additional federal benefits,"[""Unspecified/Other""]","[""Unspecified/Other""]","18. Both the July 14 Immigrant Exclusion Directive and HHS’s accompanying Regulatory Impact Analysis focus exclusively on Head Start in analyzing the effects of its new interpretation of “federal public benefit.” See 90 Fed. Reg. at 31236 (addressing only Head Start in its discussion of “[t]he application of this interpretation to specific HHS programs”); U.S. Dep’t of Health and Human Servs., Personal Responsibility and Work Opportunity Reconciliation Act of 1996 (PRWORA); Interpretation of “Federal Public Benefit”; Final Regulatory Impact Analysis, Final Regulatory Flexibility Analysis, Unfunded Mandates Reform Act Analysis, Docket No. AHRQ-2025-002 at 5 (“Specifically, in assessing expenditure changes and ongoing costs of checking eligibility, we adopt a scope of analysis that covers the Head Start program, administered by the Office of Head Start within the Administration for Children and Families.”). 19. Defendants’ unyielding stream of attacks are unlawful acts in service of an unlawful goal: to eliminate Head Start in blatant contravention of Congressional directives. They violate the core principles of Separation of Powers and the Spending Clause under the Constitution. Defendants’ March 14 DEI Letter and the April 16 DEIA Certification are also unconstitutionally vague and impermissibly suppress protected speech. 20. Defendants’ actions are additionally unlawful under the Administrative Procedure Act because they are contrary to the Constitution and federal statutes, including the Head Start Act and the Rehabilitation Act; ultra vires, and arbitrary and capricious."
,,regulatory changes to premium processing scope and statutory authority expansion,2,0.031778,"EO 14165 § 7(b) directs termination of ""categorical parole programs"" including CHNV Parole Processes","[""Customs and Border Protection"", ""U.S. Citizenship and Immigration Services"", ""Unspecified/Other""]","[""Unspecified/Other""]","For Wilhen, those individuals are family members of hers who deal with routine violence in Haiti. The termination of the CHNV parole processes means that these beneficiaries have lost their opportunity to come to the United States and potentially seek further protection here. The U4U, CHNV, and OAW parole processes were and remain authorized by the statutory parole authority, codified at 8 U.S.C. § 1182(d)(5). 216. As set forth above, Defendants have ordered and authorized the termination of the U4U, CHNV, and OAW parole processes based on the legal conclusion that they are not authorized by the parole statute. Case 1:25-cv-10495 Document 1 Filed 02/28/25 Page 57 of 65 58 217. Defendants’ legal conclusion regarding the scope of the parole authority and the legality of these specific parole processes is contrary to law. 218. Even Defendants’ allegedly discretionary decisions are based on an erroneous understanding of their discretionary legal authority. For example, the January 20 Huffman memorandum’s assertion that the Secretary of Homeland Security has absolute discretion to deny parole for any reason and in any circumstance is wrong; not only is the Secretary’s exercise of that discretion subject to constitutional constraints and self-imposed regulatory constraints, it is also currently restricted by numerous injunctions and other court orders. 219. Defendants’ termination of these parole processes must therefore be held unlawful, set aside, and/or otherwise vacated. SECOND CLAIM FOR RELIEF Violation of the Administrative Procedure Act – Contrary to Law & Ultra Vires (Suspension of benefits adjudication for parolees) (Against Defendants Noem, Vitello, Flores, and Davidson) 220."
,,regulatory changes to premium processing scope and statutory authority expansion,3,0.030835,Asylum seekers given less time to prepare for credible fear interviews,"[""U.S. Citizenship and Immigration Services""]","[""Asylum, Withholding and CAT""]","Taken together, Plaintiffs refer to these revised policies as the “Asylum Directives.” Plaintiffs, five individual native Honduran asylum seekers (two adults and three of their minor children) and the Refugee and Immigrant Center for Education and Legal Services (“RAICES”), a nonprofit organization that provides legal services to refugees, challenge the lawfulness of the Asylum Directives on multiple grounds. First, they allege that Cuccinelli was not lawfully appointed to serve as the acting Director of USCIS and that, as a result, the Asylum Directives must be set aside under the Appointments Clause, the FVRA, 5 U.S.C. § 3348(d)(1), the Administrative Procedure Act (“APA”), 5 U.S.C. §706(2)(A), and as ultra vires. Dkt. 1 at 63–68 (Compl. ¶¶ 225–36). Second, they allege that the Asylum Directives themselves are inconsistent with various statutory and regulatory requirements, including an asylum applicant’s statutory right to “consult with a person or persons of the alien’s choosing prior to the [crediblefear] interview,” 8 U.S.C. § 1225(b)(1)(B)(iv), and the regulatory authority of asylum officers freely to reschedule credible-fear interviews whenever the asylum seeker “is unable to participate Case 1:19-cv-02676-RDM Document 34 Filed 03/01/20 Page 4 of 55 5 effectively . . . because of illness, fatigue, or other impediments,” 8 C.F.R. § 208.30(d)(1). Dkt. 1 at 57–58 (Compl. ¶¶ 194–97). Third, they contend that the Asylum Directives are arbitrary and capricious because USCIS failed to consider how the Directives harm asylum seekers, acted based on “animus toward immigrants” and failed to provide an adequate justification for the policy changes."
,,regulatory changes to premium processing scope and statutory authority expansion,4,0.029631,USCIS updates policy on applying discretion in adjudications,[],[],"For complex or diﬀicult cases, oﬀicers should consult with supervisors and local counsel. A. Applicability Congress generally provides discretionary authority explicitly in the statutory language that governs an immigration benefit. In some instances, however, discretionary authority is less explicit and must be inferred from the statutory language. Executive agencies may also outline their discretionary authority explicitly in regulations. Many immigration benefit requests are filed under provisions of law that require the favorable exercise of discretion to administer the benefit. In these cases, the benefit requestor has the burden of demonstrating eligibility for the benefit sought and that USCIS should favorably exercise discretion. [1] [2] [3] [4] [5] [6] USCIS Response to Coronavirus 2019 (COVID-19) Chapter 8 - Discretionary Analysis | USCIS https://www.uscis.gov/policy-manual/volume-1-part-e-chapter-8 1 of 18 11/13/20, 11:20 AM Where an immigration benefit is discretionary, meeting the statutory and regulatory requirements alone does not entitle the requestor to the benefit sought. Certain immigration benefits are not discretionary. In these cases, if the requestor properly filed and meets the eligibility requirements then USCIS must approve the benefit request. There is no discretionary analysis as part of the adjudication, and these requests cannot be denied as a matter of discretion. The following table provides a non-exhaustive overview of immigration benefits and whether discretion is involved in the adjudication of such benefits."
,,regulatory changes to premium processing scope and statutory authority expansion,5,0.029514,DHS terminates Temporary Protected Status for Honduras,"[""U.S. Citizenship and Immigration Services""]","[""TPS""]","The results of this endeavor were devastating and one study found that removal to Liberia resulted in the “highest mortality rates in accurately recorded human history.” Antonio McDaniel, Extreme Mortality in Nineteenth-Century Africa: The Case of Liberian Immigrants, 29 Demography 581, 581 (Nov. 1992). 2 Acceptance of immigrants has ebbed and flowed over the centuries of U.S. history. In the late 1700s, immigration was largely unregulated except that naturalization as a path to citizenship was explicitly limited to “free white persons” in one of the first laws adopted in the nascent nation. See Naturalization Act of 1790, ch. 3, § 1, 1 Stat. 103, 103–04 (repealed 1795). During this Case 3:25-cv-05687-TLT Document 73 Filed 07/31/25 Page 18 of 37 19 1 2 3 4 5 6 7 8 9 10 11 12 13 14 15 16 17 18 19 20 21 22 23 24 25 26 27 28 United States District Court Northern District of California However, Congress has not delegated Defendants’ requested “[e]xtraordinary grant[] of regulatory authority” by using “any” in the TPS statute. West Virginia v. EPA, 597 U.S. 697, 723 (2022); see also Nixon v. Missouri Municipal League, 541 U.S. 125, 132, (2004) (“‘any’ means different things depending upon the setting”) (cleaned up). “Extraordinary grants of regulatory authority are rarely accomplished through modest words, vague terms, or subtle devices . . . Nor does Congress typically use oblique or elliptical language to empower an agency to make a radical or fundamental change to a statutory scheme.” West Virginia, at 723."
,,policy developments affecting immigrant visa backlogs and per country limits,1,0.032266,"POTUS issues Presidential Proclamation 9983, adding six new countries to Travel Ban","[""Customs and Border Protection"", ""U.S. Citizenship and Immigration Services"", ""Bureau of Consular Affairs""]","[""Unspecified/Other""]","the sole ground of ineligibility was based on P.P. 9645 or P.P. 9983; and 3. the applicant is applying again for an IV. This amendment is not retroactive and no refunds will be distributed based on this change to the regulations. This provision provides for a one-time exemption of the applicable fees per applicant. Immigrant Visa Fee Exemption for Applicants Previously Refused under... https://travel.state.gov/content/travel/en/News/visas-news/iv-fee-exempti... 2 of 4 1/31/22, 10:26 AM overcomes the ineligibility on which the visa was denied. Individuals who were refused on or after January 20, 2020, may beneﬁt under that regulation and fee exemption, because they are presumed to have sought reconsideration of their prior refusals on January 20, 2021, when the President issued P.P. 10141. FAQS I already paid a second immigrant visa application fee. Can I get a refund based on this new regulation? This amended regulation took effect on January 19, 2022, and only applies to applicants who applied for their IV for the second time on or after the effective date of the new regulation. No refunds will be distributed based on this change to the regulations. My visa application was refused pursuant to Presidential Proclamation 9645 or 9983, but I was also refused on additional grounds. Am I still eligible for the fee exemption? Some applicants may have been initially denied IVs under P.P. 9645 or 9983 and additional refusal grounds. These applicants are not eligible for the fee exemption, unless a consular ofﬁcer had previously determined that the refusal on other grounds had been overcome and the only impediment to issuance of an IV on January 20, 2021, was due to P.P."
,,policy developments affecting immigrant visa backlogs and per country limits,2,0.031778,"POTUS issues Presidential Proclamation, removing Chad from Travel Ban","[""Bureau of Consular Affairs""]","[""Visitor"", ""Unspecified/Other""]","(b) The initial report required under subsection (a) of this section shall be submitted within 180 days of the date of this proclamation; the second report shall be submitted within 270 days of the first report; and reports shall be submitted annually thereaxer. (c) The agency heads identified in subsection (a) of this section shall coordinate any policy developments associated with the reports described in subsection (a) of this section through the appropriate Assistants to the President. Sec. 6. Enforcement. (a) The Secretary of State and the Secretary of Homeland Security shall consult with appropriate domestic and international partners, including countries and organizations, to ensure ewicient, ewective, and appropriate implementation of this proclamation. (b) In implementing this proclamation, the Secretary of State and the Secretary of Homeland Security shall comply with all applicable laws and regulations, including those that provide an opportunity for individuals to enter the United States on the basis of a credible claim of fear of persecution or torture. (c) No immigrant or nonimmigrant visa issued before the applicable ewective date under section 7 of this proclamation shall be revoked pursuant to this proclamation. (d) Any individual whose visa was marked revoked or marked canceled as a result of Executive Order 13769 of January 27, 2017 (Protecting the Nation from Foreign Terrorist Entry into the United States), shall be entitled to a travel document confirming that the individual is permitted to travel to the United States and seek entry under the terms and conditions of the"
,,policy developments affecting immigrant visa backlogs and per country limits,3,0.030077,"POTUS issues EO 13780, extending travel ban and instructing agencies to enhance screening of certain foreign nationals","[""Customs and Border Protection"", ""U.S. Citizenship and Immigration Services"", ""Bureau of Consular Affairs""]","[""Unspecified/Other""]","2. Resumption of Visa Processing and Clearing the Backlog of Cases in Waiver Processing. (a) The Secretary of State shall direct all Embassies and Consulates, consistent with applicable law and visa processing procedures, including any related to coronavirus disease 2019 (COVID-19), to resume visa processing in a manner consistent with the revocation of the Executive Order and Proclamations speciﬁed in section 1 of this proclamation. (b) Within 45 days of the date of this proclamation, the Secretary of State shall provide to the President a report that includes the following elements: (i) The number of visa applicants who were being considered for a waiver of restrictions under Proclamation 9645 or 9983 on the date of this proclamation and a plan for expeditiously adjudicating their pending visa applications. (ii) A proposal to ensure that individuals whose immigrant visa applications were denied on the basis of the suspension and restriction on entry imposed by Proclamation 9645 or 9983 may have their applications reconsidered. This proposal shall consider whether to reopen immigrant visa applications that were denied due to the suspension and restriction on entry imposed by Proclamation 9645 or 9983, whether it is necessary to charge an additional fee to process those visa applications, and development of a plan for the Department of State to expedite consideration of those visa applications. (iii) A plan to ensure that visa applicants are not prejudiced as a result of a previous visa denial due to the suspension and restriction on entry imposed by Proclamation 9645 or 9983 if they choose to re-apply for a visa."
,,policy developments affecting immigrant visa backlogs and per country limits,4,0.029877,State Department orders resettlement agencies to stop funded work supporting refugees currently in the U.S.,"[""Unspecified/Other""]","[""Refugees"", ""Unspecified/Other""]","§§ 1157(c)(1), 1181(c). The President determines the maximum number of refugees to be admitted each fiscal year. Id. § 1157(a)(2), (3). Since 1990, around 65,000 refugees have been admitted per year on average. Off. of Homeland Sec. Stat., Dep’t of Homeland Sec., Refugees: 2023, at 4 (Nov. 2024), https://perma.cc/8NAF-ST46. 29. A core component of the U.S. Refugee Admissions Program is federal funding for “domestic assistance” for the resettlement of newly arrived refugees, in partnership with private non-profit organizations. 8 U.S.C. § 1522. Rather than rely entirely on private charitable organizations to provide resettlement assistance, Congress made it the “policy of the United States” to commit federal funds in order to “promote opportunities for [refugee] resettlement.” Refugee Act of 1980, § 101, 94 Stat. at 102. Case 1:25-cv-00465 Document 1 Filed 02/18/25 Page 10 of 35 11 30. Although refugee resettlement is multifaceted, the resettlement program at issue here is the “[p]rogram of initial resettlement.” 8 U.S.C. § 1522(b). Under that program, the Secretary of State has been designated by the President to “make grants to, and contracts with, public or private nonprofit agencies for initial resettlement . . . of refugees in the United States.” Id. § 1522(b)(1)(A), (B); see also HIAS, Inc. v. Trump, 985 F.3d 309, 319 n.5 (4th Cir. 2021) (“Since 1981, the Department of State has overseen the program.”). Congress has made the same funding available for special immigrant visa holders from Afghanistan—i.e., those who assisted the U.S."
,,policy developments affecting immigrant visa backlogs and per country limits,5,0.029206,"EO 14165 § 6 directs DHS, DOS, and DOJ to resume the Migrant Protection Protocols","[""Unspecified/Other"", ""Unspecified/Other"", ""Unspecified/Other""]","[""Border"", ""Asylum, Withholding and CAT""]","For example, dangerous conditions in Mexico would impede ImmDef’s attorneys’ ability to provide representation; ImmDef will have to expend additional resources to reach individuals located in Mexico to adequately and ethically represent them; ImmDef will once again have to hire additional staff, purchase international phone plans, and rent confidential meetings spaces in Mexico; and ImmDef will have to contend with the time limits and restrictions on when and how its staff can communicate with its clients prior to court hearings pursuant to the Remain in Mexico policy guidance. The 2019 directive establishing the one-hour time limit before a court hearing is a component of Remain in Mexico that the government has confirmed is part of the “current operative guidance” for its reimplementation. Immigrant Defs. L. Ctr., 2025 WL 1172442, at *24. As the district court concluded, the fact that Remain in Mexico was reinstated using the same operative guidance from January 2019 is sufficient to find “that a Case: 25-2581, 07/18/2025, DktEntry: 46.1, Page 23 of 79 (23 of 79), Page 23 of 79 24 25-2581 threat to ImmDef’s concrete interest is imminent.” Id., at *23. Accordingly, we hold that ImmDef has standing to challenge the Reimplementation Order. ii. Section 1252(f)(1)’s Bar on Injunctive Relief The government also argues that the district court’s § 705 Stay is impermissible under 8 U.S.C. § 1252(f)(1) because the § 705 Stay restrains how DHS will implement its discretionary authority under 8 U.S.C."
,,DHS rulemaking and litigation regarding visa overstay tracking enforcement,1,0.032018,"EO 14165 § 7(b) directs termination of ""categorical parole programs"" including CHNV Parole Processes","[""Customs and Border Protection"", ""U.S. Citizenship and Immigration Services"", ""Unspecified/Other""]","[""Unspecified/Other""]","At the same time, the Federal Register Notice acknowledged that “processing of applications that were pending under legacy CFRP continued according to the process established in December 2014.” Id. at 58033 n.2. And the Notice reported “USCIS continued to interview pending legacy CFRP beneficiaries at the USCIS Field Office in Havana, Cuba through January 2025 when processing was paused.” Id. at 58035 n.14.11 Despite recognizing that the concerns raised regarding the modernized 11 The Legacy Haitian Family Reunification Parole program also required interviews. See Termination of Family Reunification Parole Processes, 90 Fed. Reg. at 58035 (“In the legacy Case 1:25-cv-10495-IT Document 258 Filed 01/25/26 Page 26 of 42 27 programs did not apply to the legacy programs, the Federal Register Notice nonetheless announced termination for legacy parolees in their initial grant of parole. Id. at 58033. In sum, Plaintiffs have demonstrated a strong likelihood that they will prevail on their claim that the termination of existing awards of parole was arbitrary and capricious because DHS both improperly weighed Plaintiffs’ reliance interests and used unsupported allegations regarding insufficient vetting and fraud of current parolees as countervailing factors. C. Notice-and-Comment Rulemaking Plaintiffs argue further that the “mass truncation” of existing FRP grants was a legislative rule that required notice-and-comment rulemaking under the APA. Pls.’ Mem. 18 [Doc. No. 218] (citing 5 U.S.C."
,,DHS rulemaking and litigation regarding visa overstay tracking enforcement,2,0.030579,EOIR Acting Deputy Director issues guidance on the handling of classified information in EOIR proceedings,"[""Executive Office for Immigration Review""]","[""Unspecified/Other""]","2. When an immigration court sends classified information at the Confidential or Secret level to the BIA, the mailing will be sent through the U.S. Postal Service (USPS) via Registered Mail, Return Receipt Requested; USPS Express Mail, Return Receipt 5 The Office of the Principal Legal Advisor (OPLA) within the U.S. Immigration and Customs Enforcement (ICE) of DHS is usually the U.S. Government’s representative in immigration proceedings before the immigration court and the BIA, if an appeal is filed. Also, attorneys within DHS from the U.S. Citizenship and Immigration Services in visa petition proceedings or attorneys from U.S. Customs and Border Protections in fine proceedings or advance permission proceedings may appear before the BIA. 6 OCIJ has issued an OPPM for Classified Information in Immigration Court Proceedings (OPPM 24-01). That memorandum is available on the EOIR website at www.justice.gov/eoir. 13 Requested; or through Federal Express (FedEx). The immigration court should provide the tracking number of the package to the BIA in advance of its arrival, so that the Chief Clerk, Classified Case Coordinator(s) or other designated BIA personnel can monitor the package. 3. After arrival at the BIA’s Clerk’s Office, the package will be picked up by designated and cleared BIA personnel, and that person shall immediately hand-carry the package to the Chief Clerk, Classified Case Coordinator(s) or other designated BIA personnel. The package may never be left on a desk or otherwise unattended."
,,DHS rulemaking and litigation regarding visa overstay tracking enforcement,3,0.030550,"POTUS issues Presidential Proclamation 9983, adding six new countries to Travel Ban","[""Customs and Border Protection"", ""U.S. Citizenship and Immigration Services"", ""Bureau of Consular Affairs""]","[""Unspecified/Other""]","1/16/2020 DHS Announces Implementation Of Travel Restriction Provisions | Homeland Security https://www.dhs.gov/news/2017/06/29/dhs-announces-implementation-travel-restriction-provisions 1/3 U.S. Department of Homeland Security DHS Announces Implementation Of Travel Restriction Provisions Release Date: June 29, 2017 For Immediate Release Office of the Press Secretary Contact: 202-282-8010 WASHINGTON – The Department of Homeland Security, in coordination with the Departments of State and Justice, will begin the implementation of certain travel restriction provisions in the President’s Executive Order: Protecting the Nation from Foreign Terrorist Entry into the United States at 8 pm EDT today. Per the Executive Order and the associated June 14 Presidential Memorandum, the temporary suspension of entry applies, with limited exceptions, only to foreign nationals from Sudan, Syria, Iran, Libya, Somalia, and Yemen, who are outside the United States as of June 26, who did not have a valid visa at 5 p.m. EST on January 27, and who do not have a valid visa as of 8 p.m. EDT on June 29. For purposes of enforcement of Executive Order No. 13780, visas that have been issued by the Department of State prior to the effective date of the Executive Order -June 29 at 8 p.m. EDTare to be considered as valid for travel and seeking entry into the United States unless revoked on a basis unrelated to EO 13780. Persons from the six countries presenting themselves for entry with a valid previously issued visa and who meet other universally applied entry requirements will be admitted."
,,DHS rulemaking and litigation regarding visa overstay tracking enforcement,4,0.028850,EOIR and USCIS issue communicable-disease security bars to asylum and withholding eligibility,"[""Customs and Border Protection"", ""U.S. Citizenship and Immigration Services"", ""Unspecified/Other"", ""Executive Office for Immigration Review""]","[""Asylum, Withholding and CAT""]","DEPARTMENT OF HOMELAND SECURITY 8 CFR Part 208 RIN 1615–AC57 [Docket No: USCIS 2020–0013] DEPARTMENT OF JUSTICE Executive Office for Immigration Review 8 CFR Part 1208 [Dir. Order No. 11–2021] RIN 1125–AB08 Security Bars and Processing AGENCY: U.S. Citizenship and Immigration Services, Department of Homeland Security (‘‘DHS’’); Executive Office for Immigration Review, Department of Justice (‘‘DOJ’’) ACTION: Final rule. SUMMARY: On July 9, 2020, DHS and DOJ (collectively, ‘‘the Departments’’) published a notice of proposed rulemaking (‘‘NPRM’’) clarifying that the danger to the security of the United States statutory bar to eligibility for asylum and withholding of removal may encompass emergency public health concerns. This final rule responds to comments received in response to the NPRM and reflects (and in some instances, modifies) intervening changes made to the regulatory framework by Procedures for Asylum and Withholding of Removal; Credible Fear and Reasonable Fear Review, published December 11, 2020 (‘‘Global Asylum Final Rule’’). Namely, it amends existing regulations to clarify that in certain circumstances there are ‘‘reasonable grounds for regarding [an] alien as a danger to the security of the United States’’ or ‘‘reasonable grounds to believe that [an] alien is a danger to the security of the United States’’ based on emergency public health concerns generated by a communicable disease, making the alien ineligible to be granted asylum in the United States under section 208 of the Immigration and Nationality Act (‘‘INA’’) or the protection of withholding of removal under the INA (‘‘statutory withholding of removal’’) or subsequent regulations (because of the threat of torture)."
,,DHS rulemaking and litigation regarding visa overstay tracking enforcement,5,0.028370,"EO 14165 § 6 directs DHS, DOS, and DOJ to resume the Migrant Protection Protocols","[""Unspecified/Other"", ""Unspecified/Other"", ""Unspecified/Other""]","[""Border"", ""Asylum, Withholding and CAT""]","8 screening protocols in place were appropriately assessing noncitizens’ fear of persecution or torture in Mexico. The public October 2019 Assessment presented MPP as a resounding success, whereas the internal Red Team Report raised serious concerns with the program. Notably, the October 2019 Assessment did not acknowledge or address any of the shortcomings identified by the Red Team Report, despite the fact that the Assessment was released after the Red Team Report was completed. C. Litigation Regarding the Prior Implementation of MPP MPP was challenged many times on multiple grounds in federal court and remains the subject of ongoing litigation in several jurisdictions. Among other claims, litigants challenged the program as an impermissible exercise of the underlying statutory authority; argued that MPP caused DHS to return noncitizens to Mexico to face persecution, abuse, and other harms and that its procedures inadequately implemented non-refoulement protections; argued that their right to access counsel before and during non-refoulement interviews had been violated; contested the return to Mexico pursuant to MPP of noncitizens with mental and physical disabilities; asserted that the program had been implemented in violation of the APA; and contended that MPP’s expansion across the SWB was unlawful because it led to the return of migrants to places that were particularly dangerous.33 Both in the course of litigation and otherwise, litigants described, and some courts credited, extreme violence and substantial hardships faced by those returned to Mexico to await their immigration court proceedings, as well as substantial danger traveling to and from ports of entry to those hearings."
