label,label_reason,query,rank,rrf_score,title,agencies_affected,subject_matter,full_chunk_text
,,h1b visa rule changes,1,0.030579,"POTUS issues Presidential Proclamation 9983, adding six new countries to Travel Ban","[""Customs and Border Protection"", ""U.S. Citizenship and Immigration Services"", ""Bureau of Consular Affairs""]","[""Unspecified/Other""]","9645 or 9983 and additional refusal grounds. These applicants are not eligible for the fee exemption, unless a consular ofﬁcer had previously determined that the refusal on other grounds had been overcome and the only impediment to issuance of an IV on January 20, 2021, was due to P.P. 9645 or 9983. My visa application was refused based solely on Presidential Proclamation 9645 or 9983, but my visa application was refused after January 20, 2020. Am I still eligible for the fee exemption? Although this ﬁnal rule does not apply to IV applicants who were refused on or after January 20, 2020, Department regulations at 22 C.F.R. Immigrant Visa Fee Exemption for Applicants Previously Refused under... https://travel.state.gov/content/travel/en/News/visas-news/iv-fee-exempti... 3 of 4 1/31/22, 10:26 AM within the prior year to be reconsidered under 22 C.F.R. 42.81(e) without a new application fee. My DV-2020 application was refused pursuant to Presidential Proclamation 9645 or 9983. Am I exempted from paying a new fee? Generally, U.S. law requires diversity visa (DV) selectees to obtain a DV before the end of the ﬁscal year (i.e. September 30) for which they were selected. For that reason, DV selectees from the 2017, 2018, and 2019 program years are not eligible to make a new application and cannot beneﬁt from this rule. However, the Department of State is aware of a court order in Gomez v. Trump regarding the reservation and adjudication of DV-2020 diversity visas by September 30, 2022. A DV-2020 applicant who was refused solely under Presidential Proclamation 9645 or 9983 may beneﬁt from the fee exception provision discussed here. We will publish additional public guidance regarding the Department’s compliance with the Gomez court order as it becomes available here: https://travel.state.gov/content/travel /en/News/visas-news/diversity-visa-2020-and-2021updates.html. DV applicants from the 2021 program year cannot beneﬁt as they would have been refused after January 20, 2020; the fee exemption only applies to those refused on January 19, 2020, or earlier."
,,h1b visa rule changes,2,0.029643,DOL proposes new collection form for employers seeking to employ H-2B nonimmigrant workers,"[""Unspecified/Other""]","[""Unspecified/Other""]","The Secretary determined that limiting returning workers to those who were issued an H-2B visa or granted H-2B status in the past 3 fiscal years was appropriate, as it mirrored the standard that Congress designated in previous returning worker provisions. Although Congress provided the Secretary of Homeland Security with the discretionary authority to increase the H-2B cap in FY 2020, the Secretary did not exercise that authority. DHS initially intended to exercise its authority and, on March 4, 2020, announced that it would make available 35,000 supplemental H-2B visas for the second half of the fiscal year. On March 13, 2020, President Trump declared a National Emergency concerning COVID-19, a communicable disease caused by the coronavirus SARS-CoV-2. On April 2, 2020, DHS announced that the rule to increase the H-2B cap was on hold due to economic circumstances, and that DHS would not release additional H-2B visas until further notice. DHS also noted that the Department of State had suspended routine visa services. In FY 2021, DHS in consultation with DOL determined it was appropriate to increase the H-2B cap for FY 2021 coupled with additional protections (for example, post-adjudication audits, investigations, and compliance checks), based on the demand for H-2B workers in the second half of FY 2021, continuing economic growth, the improving job market, and increased visa processing capacity by the Department of State. Accordingly, on May 25, 2021, DHS and DOL jointly published a TFR authorizing an increase of up to 22,000 additional H-2B visas for the remainder of FY 2021."
,,h1b visa rule changes,3,0.029274,COVID-19: OFLC announces issuance of electronic PERM labor certifications,"[""U.S. Citizenship and Immigration Services"", ""Unspecified/Other""]","[""Unspecified/Other""]","Once the new website is launched, the old URLs for webpages and files on https://www.foreignlaborcert.doleta.gov/ will be redirected to the corresponding links at https://www.dol.gov/agencies/eta/foreign-labor-certification. Users with bookmarked webpages or who use a search engine will be seamlessly redirected to the new website location. We encourage users to update their bookmarks and documentation with the new URLs to ensure that they can continue to access information on OFLC's website. Important Note: The migration to the new OFLC website domain will not impact the Foreign Labor Application Gateway (https://flag.dol.gov), Permanent Online Filing (https://www.plc.doleta.gov/), and SeasonalJobs.dol.gov (https://seasonaljobs.dol.gov) websites. Users of these websites should encounter no service disruptions. May 22 May 22, 2020. Final Rule: Rules Concerning Discretionary Review by the Secretary On May 20, 2020, the Office of the Secretary issued a final rule, Rules Concerning Discretionary Review by the Secretary to establish a system of discretionary secretarial review over cases pending before or decided by the Board of Alien Labor Certification Appeals (BALCA) and to make technical changes to regulations governing the timing and finality of decisions of the Administrative Review Board and BALCA. The effective date of the rule is June 19, 2020. The rule also provides that the Secretary will not exercise his new review authority until at least 30 days after the rule goes into effect."
,,h1b visa rule changes,4,0.028992,USCIS issues final rule on public charge inadmissibility grounds,"[""U.S. Citizenship and Immigration Services""]","[""Unspecified/Other"", ""Unspecified/Other""]","Public Charge USCIS is no longer applying the August 2019 Public Charge Final Rule. As a consequence, among other changes, USCIS will apply the public charge inadmissibility statute consistent with the 1999 Interim Field Guidance. In other words, USCIS is not considering an applicant’s receipt of Medicaid (except for long-term institutionalization at the government’s expense), public housing, or Supplemental Nutrition Assistance Program (SNAP) benefits as part of the public charge inadmissibility determination. Background On Nov. 2, 2020, the U.S. District Court for the Northern District of Illinois vacated the Inadmissibility on Public Charge Grounds final rule (84 Fed. Reg. 41,292 (Aug. 14, 2019)), as amended by Inadmissibility on Public Charge Grounds; Correction, 84 Fed. Reg. 52,357 (Oct. 2, 2019) (Public Charge Final Rule) nationwide. That decision was stayed by the U.S. Court of Appeals for the Seventh Circuit. On March 9, 2021, the Seventh Circuit lifted its stay and the U.S. District Court for the Northern District of Illinois’ order vacating the Public Charge Final Rule went into effect. When the vacatur went into effect, USCIS immediately stopped applying the Public Charge Final Rule to all pending applications and petitions that would have been subject to the rule. USCIS continues to apply the public charge inadmissibility statute, including consideration of the statutory minimum factors in the totality of the circumstances, in accordance with the 1999 Interim Field Guidance that was in place before the Public Charge Final Rule was implemented."
,,h1b visa rule changes,5,0.028986,DOL issues interim final rule on Adverse Effect Wage Rate for H-2A agricultural laborers,"[""Unspecified/Other""]","[""Unspecified/Other""]","Case 1:25-cv-01614-KES-CDB Document 1 Filed 11/21/25 Page 43 of 46 44 COMPLAINT 1 2 3 4 5 6 7 8 9 10 11 12 13 14 15 16 17 18 19 20 21 22 23 24 25 26 27 28 143. Second, DOL claims that, since USDA has ceased the FLS survey, there was a regulatory void that required DOL to institute an imminent replacement regulation. But this purported “regulatory void” argument would at most justify a narrow interim final rule that allows DOL to rely on another data source; it does not justify all of the provisions found in the IFR. Indeed, most of the methodological changes in the IFR—e.g., the Skill Level tiers and the housing deduction—are entirely unrelated to the cessation of the FLS, and thus any “regulatory void” would not justify implementing those changes without the use of notice and comment. 144. Since DOL suspended the notice-and-comment requirement without “good cause” for doing so, the agency violated the APA’s requirement to provide additional notice of its proposed rule and an opportunity for public comment, see 5 U.S.C. § 553(b), (c). 145. Absent satisfaction of the “good cause” exception, the IFR is unlawful. 146. The IFR must be vacated because DOL promulgated it without additional notice and comment, and fails to satisfy the “good cause” exemption. PRAYER FOR RELIEF Wherefore, Plaintiffs respectfully seek the following relief: 147. Preliminary and permanent injunctive relief preventing Defendants from implementing or otherwise taking any action to enforce the challenged regulation in the IFR; 148."
,,student visa policy updates,1,0.032787,DOS opens new investigation into Harvard’s use of international visas,"[""Unspecified/Other""]","[""Unspecified/Other""]",The New York Times reports that the Department of State has opened a new investigation into Harvard University’s compliance with the Student and Exchange Visitor Program (SEVP). Secretary of State Marco Rubio informed Harvard of the investigation in a letter. Rubio did not refer to any specific allegation of wrongdoing but claimed that the investigation was necessary “to assist the department in meeting its policy objectives.” Rubio gave Harvard a one-week deadline to produce university records related to the student visa program and stated that the Department of State plans to interview university staff and visa holders. A State Department press release confirmed initiation of the investigation. Trump 2.0 [ID #1877]
,,student visa policy updates,2,0.031010,ORR requires Director-level authorization of custodial releases of certain unaccompanied children,"[""Office of Refugee Resettlement""]","[""Detention"", ""Interior"", ""Minors""]","3.4.1 Health Care Eligibility & General Standards 5/11/15 Posted Date: 1/8/2024; Effective Date: 1/15/2024 - Updates to address Medicaid and CHIP eligibility for classes of children, and the process by which care providers should enroll eligible children for Medicaid and CHIP benefits. 3.4.2 Initial Medical and Dental Examinations and Follow-up Care 1/24/16 1/24/16 - Updates to reflect current practices; no changes to actual services Posted Date: 1/8/2024; Effective Date: 1/15/2024 - Updates to dental policies to align with UC MAP provisions. 3.4.3 Requests for Healthcare Services, including Serious 8/4/21 8/4/2021 — Added reference to the Policy Memorandum: Medical Services Requiring Heightened ORR Involvement. Medical Services Requiring Heightened ORR Involvement Posted Date: 1/8/2024; Effective Date: 1/15/2024 - Updates regarding response times for non-emergency medical concerns from 24-48 hours to conducting triage within two hours and steps for completing te Serious Medical Procedure Request form. 3.4.4 Medication Administration & Management 5/11/15 9/12/15 - Removed requirement that care providers must report all medication errors to ORR. 3.4.5 Responding to Medical Emergencies 5/11/15 8/4/2021 — Added reference to the Policy Memorandum: Medical Services Requiring Heightened ORR Involvement. 08/02/23 - Updated definition of Medical Emergency 3.4.6 Management of Communicable Diseases 5/11/15 Not Applicable 3.4.7 Maintaining Health Care Records & Confidentiality 5/11/15 8/4/2021 — Added reference to the Policy Memorandum: Medical Services Requiring Heightened ORR Involvement."
,,student visa policy updates,3,0.030835,"USCIS provides new edition of Form N-644, Application for Posthumous Citizenship","[""U.S. Citizenship and Immigration Services""]","[""Naturalization""]","12/1/2020 Forms Updates | USCIS https://www.uscis.gov/forms/forms-updates 1/3 Home > Forms > Forms Updates Forms Updates This page lists updates to forms as we publish them, along with a brief explanation of the nature of the update. For forms updates older than five years, see our Archive. Subscribe to get notifications of forms updates: Get Updates by Email Email Address Enter your email address e.g. name@email.com Submit Update to Form I-905, Application for Authorization to Issue Certification for Health Care Workers. New Edition Dated 11/10/20. November 30, 2020 Edition Date: 11/10/20. We will also accept the 10/30/11 and 02/11/14 editions. You can find the edition date at the bottom of the page on the form and instructions. Update to Form N-644, Application for Posthumous Citizenship. New Edition Dated 11/10/20. November 30, 2020 Edition Date: 11/10/20. We will also accept the 08/05/15 edition. You can find the edition date at the bottom of the page on the form and instructions. Search by content Search USCIS Response to Coronavirus 2019 (COVID-19) AILA Doc. No. 20011661. (Posted 12/1/20) 12/1/2020 Forms Updates | USCIS https://www.uscis.gov/forms/forms-updates 2/3 Update to Form I-865, Sponsor's Notice of Change of Address. New Edition Dated 11/10/20. November 30, 2020 Edition Date: 11/10/20. We will also accept the 07/17/15 edition. You can find the edition date at the bottom of the page on the form and instructions. Update to Form I-360, Petition for Amerasian, Widow(er), or Special Immigrant."
,,student visa policy updates,4,0.029710,"State Department Announces Visa Restrictions for Foreign Officials and Others ""Facilitating Illegal Migration""","[""Bureau of Consular Affairs"", ""Unspecified/Other""]","[""Unspecified/Other"", ""Unspecified/Other""]","This visa restriction policy is pursuant to Section 212(a)(3)(C) of the Immigration and Nationality Act, which Home > O!ce of the Spokesperson > Press Releases > Announcement of a Visa Restriction Policy Targeting Foreign O""cials and Others Facilitating Illegal Migration into the United States PRESS STATEMENT MARCO RUBIO, SECRETARY OF STATE MARCH 5, 2025 Announcement of a Visa Restriction Policy Targeting Foreign Officials and Others Facilitating Illegal Migration into the United States An o""cial website of the United States Government Here's how you know      ✉ POLICY ISSUES COUNTRIES & AREAS BUREAUS & OFFICES ABOUT search Newsroom Business Employees Job Seekers Students Travelers Visas White House USA.govO!ce of the Inspector General ArchivesContact Us FOLLOW US Privacy Policy Accessibility Statement Copyright Information FOIA No FEAR Act      ✉ authorizes the Secretary of State to render inadmissible any alien whose entry into the Unites States “would have potentially serious adverse foreign policy consequences for the United States.” Certain family members may also be covered by these restrictions. Bureau of Consular A!airs O""ce of the Spokesperson The Secretary of State TAGS"
,,student visa policy updates,5,0.029643,COVID-19: OFLC announces issuance of electronic PERM labor certifications,"[""U.S. Citizenship and Immigration Services"", ""Unspecified/Other""]","[""Unspecified/Other""]","August 12, 2020. Department of State Determination on National Interest Exceptions to Presidential Proclamation 10052 as it Relates to H-1B, H-2B, L-1A, L-1B, and Certain J-1 Visa Programs On August 11, 2020, the Assistant Secretary of Consular Affairs for the U.S. Department of State (DOS), in consultation with the Secretaries of Labor and Homeland Security, determined additional types of travel that may qualify for a national interest exception to Presidential Proclamation 10052 for H-1B, H-2B, L-1A, L-1B and certain J-1 visa programs. The announcement regarding this determination can be accessed here. The announcement updates a notice from July 30, 2020, and discusses expanded categories of visa applicants who may qualify for a national interest exception to Presidential Proclamation 10052."
,,naturalization processing delays policy,1,0.032522,USCIS redesigns processing times webpage and tests new way of calculating processing times,"[""U.S. Citizenship and Immigration Services""]","[""Unspecified/Other"", ""Unspecified/Other"", ""Naturalization""]","USCIS launches a website pilot to display processing time data in an easier-to-read format and also tests a new way of collecting data and calculating the processing times for Form N-400 (Naturalization), Form I-90 (Replace Permanent Resident Card), Form I-485 (Register Permanent Residence or Adjust Status), and Form I-751 (Remove Conditions on Residence). The updated website shows the time it takes to complete 50 percent of cases, and the time it takes to complete 93 percent of cases. [ID #875]"
,,naturalization processing delays policy,2,0.030679,Reports that U.S. Army is discharging immigrant recruits,"[""Department of Defense""]","[""Unspecified/Other""]","108–136, div. A, title XVII, §1701(a), (b)(1), (c)(1)(A), (f), Nov. 24, 2003, 117 Stat. 1691 , 1692; Pub. L. 110– 382,§3(a), Oct. 9, 2008, 122 Stat. 4088 .) AMENDMENTS 2008­Subsecs. (g), (h). Pub. L. 110–382, §§3(a), 4, temporarily added subsecs. (g) and (h) which related to processing and adjudication of applications for naturalization and required annual reports to Congress on failures to process and adjudicate certain applications within 1 year of filing due to delays in conducting required background checks. See Termination Date of 2008 Amendment note below. 2003­Subsec. (a). Pub. L. 108–136, §1701(a), substituted ""one year,"" for ""three years,"". Subsec. (b)(3). Pub. L. 108–136, §1701(f), substituted ""Secretary of Homeland Security"" for ""Attorney General"". Pub. L. 108–136, §1701(b)(1)(A), substituted ""honorable (the"" for ""honorable. The"" and ""discharge); and"" for ""discharge."" Subsec. (b)(4). Pub. L. 108–136, §1701(b)(1)(B), added par. (4). Subsec. (f). Pub. L. 108–136, §1701(c)(1)(A), added subsec. (f). 1991­Subsecs. (b), (c). Pub. L. 102–232 amended directory language of Pub. L. 101–649, §407(d)(8). See 1990 Amendment notes below. 1990­Subsec. (a). Pub. L. 101–649, §407(b)(4)(A), (c)(10), substituted ""State or district of the Service in the United States"" for ""State"", ""for at least three months"" for ""for at least six months"", and references to applicant and application for references to petitioner and petition wherever appearing. Subsec. (b). Pub. L. 101–649, §407(b)(4)(B), (c)(10), (d)(8), as amended by Pub. L. 102–232, substituted ""within a State or district of the Service in the United States"" for ""within the jurisdiction of the court"" in par. (1), ""any hearing"" for ""the final hearing"" in par. (3), and references to applicant and application for references to petitioner and petition wherever appearing."
,,naturalization processing delays policy,3,0.030090,Asylum seekers given less time to prepare for credible fear interviews,"[""U.S. Citizenship and Immigration Services""]","[""Asylum, Withholding and CAT""]","The memorandum’s concluding paragraph, repeated both rationales, stating: Given the critical need [at the Southwestern border], coupled with the improvements made to the M-444[,] which makes the [credible-fear] process easier for aliens to understand, [the acting USCIS Director has] decided to reduce the timeframe for consultation to one full calendar day at both the FRCs and all other facilities. In practice, this means individuals will have longer than 24 hours to consult depending on when they arrive at the facility. Reducing the time period for consultation could lead to longer delays at a later point in the process for some cases, as USCIS may receive more frequent requests to reschedule interviews. However, USCIS is also establishing a new policy of requiring extraordinary circumstances warranting approval of a request to reschedule so that USCIS can ensure, consistent with the statute, that the consultation period does not unreasonably delay the overall process. AR 114. On July 8, 2019, USCIS updated its “Credible Fear Procedures Manual” to reflect the policy changes announced in the memorandum. AR 115–17. The updated manual notes that it is now the policy of “the Asylum Program to allow a minimum of one full calendar day to transpire between the arrival of an alien at a detention site or receipt of initial M-444 (whichever is later) and any credible[-]fear interview.” AR 117. It further states that “[i]f USCIS is prepared to proceed with the interview after the consultation period has passed, asylum offices normally will deny requests for extensions of the consultation period, ."
,,naturalization processing delays policy,4,0.029762,EOIR Acting Deputy Director rescinds prior guidance on naturalization oath ceremonies,"[""Executive Office for Immigration Review""]","[""Naturalization"", ""Unspecified/Other""]","EOIR Acting Deputy Director Roman Chaban issued Policy Memorandum (PM) 25-52, rescinding and canceling Operating Policies and Procedures Memorandum (OPPM) 97-8, Naturalization Oath Ceremonies. The OPPM, issued under the Clinton administration, provided procedures for immigration judges administering the Oath of Allegiance in administrative naturalization ceremonies. The PM claims that, as the OPPM is over twenty-five years old, it contains several procedures and references that are outdated. It also notes that the guidance has become unnecessary, as Immigration Courts are not performing naturalization ceremonies. To the extent that an Immigration Court wishes to conduct a naturalization ceremony in conjunction with DHS, it states that EOIR “will address those situations on a case-by-case basis going forward.” Trump 2.0 [ID #2026]"
,,naturalization processing delays policy,5,0.029418,EOIR Director issues guidance to restrict continuances,"[""Executive Office for Immigration Review""]","[""Unspecified/Other""]","OOD DM 22-05 Issued: Apr. 18, 2022 Effective: Immediately CANCELLATION OF POLICY MEMORANDA 19-05, 21-06, AND 21-13 PURPOSE: Rescind and cancel Policy Memoranda 19-05, 21-06, and 2113 OWNER: David L. Neal, Director AUTHORITY: 8 C.F.R. § 1003.0(b) CANCELLATION: Policy Memorandum 19-05 Policy Memorandum 21-06 Policy Memorandum 21-13 As EOIR continues to review existing agency policies and practices, the following Policy Memoranda (PM) are rescinded: 1. PM 19-05, Guidance Regarding the Adjudication of Asylum Applications Consistent with INA § 208(d)(5)(A)(iii) 2. PM 21-06, Asylum Processing 3. PM 21-13, Continuances Please contact your supervisor if you have any questions."
,,USCIS fee rule changes,1,0.031498,DOS implements $1 fee for Diversity Visa Lottery,"[""Bureau of Consular Affairs"", ""Unspecified/Other""]","[""Diversity""]","The Department of State (DOS) issued a final rule establishing a $1 fee to enter the Diversity Visa Lottery. Previously, there was no cost. The new fee will take effect on October 16, 2025, and will be payable at registration. The $1 fee is in addition to a $330 application fee paid by lottery winners who apply for a Diversity Visa. DOS predicts that the new fee will bring in $25 million annually. Trump 2.0 [#1988]"
,,USCIS fee rule changes,2,0.031498,USCIS issues final rule on public charge inadmissibility grounds,"[""U.S. Citizenship and Immigration Services""]","[""Unspecified/Other"", ""Unspecified/Other""]","Public Charge USCIS is no longer applying the August 2019 Public Charge Final Rule. As a consequence, among other changes, USCIS will apply the public charge inadmissibility statute consistent with the 1999 Interim Field Guidance. In other words, USCIS is not considering an applicant’s receipt of Medicaid (except for long-term institutionalization at the government’s expense), public housing, or Supplemental Nutrition Assistance Program (SNAP) benefits as part of the public charge inadmissibility determination. Background On Nov. 2, 2020, the U.S. District Court for the Northern District of Illinois vacated the Inadmissibility on Public Charge Grounds final rule (84 Fed. Reg. 41,292 (Aug. 14, 2019)), as amended by Inadmissibility on Public Charge Grounds; Correction, 84 Fed. Reg. 52,357 (Oct. 2, 2019) (Public Charge Final Rule) nationwide. That decision was stayed by the U.S. Court of Appeals for the Seventh Circuit. On March 9, 2021, the Seventh Circuit lifted its stay and the U.S. District Court for the Northern District of Illinois’ order vacating the Public Charge Final Rule went into effect. When the vacatur went into effect, USCIS immediately stopped applying the Public Charge Final Rule to all pending applications and petitions that would have been subject to the rule. USCIS continues to apply the public charge inadmissibility statute, including consideration of the statutory minimum factors in the totality of the circumstances, in accordance with the 1999 Interim Field Guidance that was in place before the Public Charge Final Rule was implemented."
,,USCIS fee rule changes,3,0.031319,"POTUS issues Presidential Proclamation 9983, adding six new countries to Travel Ban","[""Customs and Border Protection"", ""U.S. Citizenship and Immigration Services"", ""Bureau of Consular Affairs""]","[""Unspecified/Other""]","9645 or 9983 and additional refusal grounds. These applicants are not eligible for the fee exemption, unless a consular ofﬁcer had previously determined that the refusal on other grounds had been overcome and the only impediment to issuance of an IV on January 20, 2021, was due to P.P. 9645 or 9983. My visa application was refused based solely on Presidential Proclamation 9645 or 9983, but my visa application was refused after January 20, 2020. Am I still eligible for the fee exemption? Although this ﬁnal rule does not apply to IV applicants who were refused on or after January 20, 2020, Department regulations at 22 C.F.R. Immigrant Visa Fee Exemption for Applicants Previously Refused under... https://travel.state.gov/content/travel/en/News/visas-news/iv-fee-exempti... 3 of 4 1/31/22, 10:26 AM within the prior year to be reconsidered under 22 C.F.R. 42.81(e) without a new application fee. My DV-2020 application was refused pursuant to Presidential Proclamation 9645 or 9983. Am I exempted from paying a new fee? Generally, U.S. law requires diversity visa (DV) selectees to obtain a DV before the end of the ﬁscal year (i.e. September 30) for which they were selected. For that reason, DV selectees from the 2017, 2018, and 2019 program years are not eligible to make a new application and cannot beneﬁt from this rule. However, the Department of State is aware of a court order in Gomez v. Trump regarding the reservation and adjudication of DV-2020 diversity visas by September 30, 2022. A DV-2020 applicant who was refused solely under Presidential Proclamation 9645 or 9983 may beneﬁt from the fee exception provision discussed here. We will publish additional public guidance regarding the Department’s compliance with the Gomez court order as it becomes available here: https://travel.state.gov/content/travel /en/News/visas-news/diversity-visa-2020-and-2021updates.html. DV applicants from the 2021 program year cannot beneﬁt as they would have been refused after January 20, 2020; the fee exemption only applies to those refused on January 19, 2020, or earlier."
,,USCIS fee rule changes,4,0.031281,USCIS updates policy on applying discretion in adjudications,[],[],"Home > Policy Manual Chapter 5 - Discretion Guidance Resources (8) Appendices (0) Updates (3) ! Alert On September 11, 2020, the U.S. District Court for the District of Maryland in Casa de Maryland et al v. Chad Wolf provided limited injunctive relief to members of two organizations, CASA de Maryland (CASA) and the Asylum Seeker Advocacy Project (ASAP), in the application of the Asylum Application, Interview, and Employment Authorization for Applicants Rule to Form I-589s and Form I-765s filed by asylum applicants who are also members of CASA or ASAP. Therefore, while the rule is preliminarily enjoined, we will continue to apply the prior regulatory language and exempt from discretion CASA and ASAP members who file a Form I-765 based on an asylum application. A. Discretionary Authority and Applicability While employment authorization for certain aliens is automatic or non-discretionary by virtue of their immigration status, other aliens must aﬀirmatively apply for employment authorization and USCIS may grant employment authorization as a matter of discretion. The regulations outlined at 8 CFR 274a.12(c) specify categories of aliens who must apply for employment authorization and may be granted employment authorization as a matter of discretion; these aliens are referred to in this chapter as Category C applicants. For those Category C applicants seeking both employment authorization and an employment authorization document (EAD), the applicant must generally file an Application for Employment Authorization (Form I-765) with USCIS with the appropriate fee (unless waived), and in accordance with the form instructions."
,,USCIS fee rule changes,5,0.031054,"USCIS proposes changes to Form G-325A, Biographic Information (for Deferred Action)","[""U.S. Citizenship and Immigration Services""]","[""Unspecified/Other""]","Supporting evidence is not required, but USCIS will accept and review any documentation submitted. You do not need to include other household members’ financial information to establish economic necessity. NOTE: You are also required to provide the applicable filing fee when requesting employment authorization, with the exception of those requesting employment authorization based on a grant of SIJ deferred action. A request for employment authorization for those with SIJ deferred action is fee exempt. Requesting employment authorization upon a grant of deferred action using the Form G-325A is an alternative to submitting a separate Form I-765, Application for Employment Authorization, under the (c)(14) employment authorization category and subject to the General Filing fee category. If you would like to submit a fee waiver request for the employment authorization, you may file Form I-912, Request for Fee Waiver, with this application. Instructions are available at: www.uscis.gov/i-912. Failure to submit the appropriate fee or a fee waiver request could result in USCIS denying your request for employment authorization. Part 4. Social Security Card If you select “Yes” in Part 3. Employment Authorization, Item Number 1., you must complete Item Numbers 1. – 3. You must have a Social Security Number (SSN) properly assigned in your name to work in the United States. However, you are not 7 required to request a social security card using this request. If you want a Social Security Card, follow the instructions below."
,,diversity visa lottery policy changes,1,0.032787,DOS implements $1 fee for Diversity Visa Lottery,"[""Bureau of Consular Affairs"", ""Unspecified/Other""]","[""Diversity""]","The Department of State (DOS) issued a final rule establishing a $1 fee to enter the Diversity Visa Lottery. Previously, there was no cost. The new fee will take effect on October 16, 2025, and will be payable at registration. The $1 fee is in addition to a $330 application fee paid by lottery winners who apply for a Diversity Visa. DOS predicts that the new fee will bring in $25 million annually. Trump 2.0 [#1988]"
,,diversity visa lottery policy changes,2,0.031754,"POTUS issues Presidential Proclamation 9983, adding six new countries to Travel Ban","[""Customs and Border Protection"", ""U.S. Citizenship and Immigration Services"", ""Bureau of Consular Affairs""]","[""Unspecified/Other""]","1153(c). Such a suspension represents a less severe limit compared to a general restriction on immigrant visas, given the significantly fewer number of aliens awected. The Acting Secretary of Homeland Security considers foreign-government-supplied information especially important for screening and vetting the Diversity Visa population in comparison to other immigrant visa 2/2/2020 Proclamation on Improving Enhanced Vetting Capabilities and Processes for Detecting Attempted Entry | The White House https://www.whitehouse.gov/presidential-actions/proclamation-improving-enhanced-vetting-capabilities-processes-detecting-attempted-entry/ 7/14 applicants, and I agree with that assessment. In many cases, the United States Government may not have the same amount of information about Diversity Visa applicants compared with other categories of immigrant visa applicants because Diversity Visa applicants, with limited exceptions, do not have the burden to show certain family ties to or employment in the United States, or particular service to the United States Government, as required for other immigrant visa categories. Consistent with the January 2020 proposal, I have decided not to impose any restrictions on certain Special Immigrant Visas for nationals of the six newly identified countries. Applicants under Special Immigrant programs generally do not need to demonstrate the same work or familial ties as other immigrant visas, but do need to show other unique qualifications. This exception is intended to cover those Special Immigrants who have advanced United States interests (and their eligible family members), such as foreign nationals who have worked for a United States Embassy for 15 years or more and are especially deserving of a visa."
,,diversity visa lottery policy changes,3,0.030777,HHS issues notice excluding undocumented immigrants from additional federal benefits,"[""Unspecified/Other""]","[""Unspecified/Other""]","Unlike the January 21 Anti-DEI Order and the April 16 DEIA Certification, the March 14 DEI Letter does not limit the prohibition to diversity, equity, and inclusion initiatives that are purportedly “illegal.” 259. Indeed, agencies have been given conflicting information by HHS about what is covered by the March 14 DEI Letter on “diversity, equity, and inclusion initiatives.” For example, while Wisconsin HSA members were generally not provided guidance on how to amend their grant applications to remove references to “DEI” from their grant applications, 58 HHS Grants Policy Statement, DEP’T. OF HEALTH AND HUM. SERV’S., at 18, (Apr. 16, 2025), https://www.hhs.gov/sites/default/files/hhs-grants-policy-statement-april-2025.pdf (reflecting HHS policies based on 45 C.F.R. part 75 and 2 C.F.R. part 200). Case 2:25-cv-00781-RSM Document 78 Filed 07/15/25 Page 72 of 261 Case 2:25-cv-00781-RSM Document 103 Filed 08/19/25 Page 66 of 122 1 2 3 4 5 6 7 8 9 10 11 12 13 14 15 16 17 18 19 20 21 22 23 24 25 26 27 SECOND AMENDED COMPLAINT - 67 A.C.L.U. OF WASHINGTON 2:25-CV-00781-RSM PO BOX 2728 SEATTLE, WA 98111-2728 (206) 624-2184 at least one member received a list of words from their Program Specialist containing words President Trump “is making disappear.” The agency expressed the impossibility of being able to remove all of the listed words while still maintaining the content of their mandated programming, so they removed only a handful of the listed words. Their application has yet to be approved, and they remain in fear that that they will have to do additional edits and changes that may affect the substance of their programming or be punished for not having their grant renewed."
,,diversity visa lottery policy changes,4,0.030159,"EO 14165 § 6 directs DHS, DOS, and DOJ to resume the Migrant Protection Protocols","[""Unspecified/Other"", ""Unspecified/Other"", ""Unspecified/Other""]","[""Border"", ""Asylum, Withholding and CAT""]","Moreover, the Secretary has his own independent and significant concerns about the prior implementation of MPP, including concerns about the safety and security of those returned to Mexico, deficiencies in the non-refoulement interview process, barriers to access to counsel, and the ways in which reimplementation of MPP would divert from other Administration goals and result in significant burdens for the Department that would limit DHS’s opportunities to make other needed reforms consistent with this Administration’s policy priorities. In light of these concerns, the Secretary has decided not to resume MPP in precisely the same form as it previously existed, even if were a viable option. As an alternative, the Secretary considered a modified implementation and enforcement plan, in the manner that the Administration is planning to start doing in the coming weeks— pending an independent decision by the GOM to facilitate returns—in order to comply with the district court’s order. As the Department moves to reimplement, it is making changes to account for GOM’s concerns—changes which are designed to better protect individuals returned to Mexico and ensure, among other things, timely and accurate notice about court hearings. In addition, the Department is evaluating what changes could be made to address the issues raised in the Red Team Report, to include changes announced by the December 2020 supplementary guidance to better ensure family unity, access to counsel during non-refoulement interviews, and assessment of vulnerability."
,,diversity visa lottery policy changes,5,0.029116,President Trump proposes cutting funding to E-Verify program,"[""U.S. Citizenship and Immigration Services""]","[""Employment Verification""]","5/31/2019 White House may include mandatory E-Verify in immigration proposal - POLITICO https://www.politico.com/story/2019/05/09/white-house-mandatory-e-verify-employees-immigration-1421542 3/5 One of the people briefed on the plan said E-Verify may become part of a separate legislative effort, but that it's been part of the talks. “This seems to be still somewhat of a living, breathing document,” the person said, adding that it seemed E-Verify was “still up in the air.” McClatchy first reported Thursday that the administration had weighed adding E-Verify to its legislation, which is still being drafted. The White House plan may also tackle a number of Trump priorities, according to the people briefed on it. IMMIGRATION Kushner briefs senators on immigration plan By ANDREW RESTUCCIA and BURGESS EVERETT On the legal immigration front, it would end the diversity visa lottery, which offers 50,000 visas annually to people from countries with low rates of immigration to the U.S. Family and diversity visas would be reallocated to employment-based applicants. The U.S. admits more than 1 million lawful permanent residents each year, but only 140,000 come through employment categories. The rest are relatives, refugees, or immigrants who arrive through the diversity visa lottery. The White House proposal may also address reforms to asylum and detention laws to discourage migrants from traveling to the border to seek refuge, according to those briefed on it. The plan would override a federal court settlement to allow children to be detained for longer than 20 days, and raise the standard to pass a “credible fear” interview, the first stage in certain asylum claims."
,,employment authorization document renewal rules,1,0.032018,DOL issues guidance requiring work-authorization verification for Employment and Training Administration (ETA) grant programs,"[""Unspecified/Other""]","[""Employment Verification""]","Therefore, grantees must verify work authorization for all participants served by WIOA and related programs named above prior to delivering participant-level services.1 This change aligns with PRWORA and WIOA. This guidance uses the more commonly understood and better-defined category of participant-level services2, and clearly states that all participant-level services are “federal public benefits” under PRWORA, because 1 Programs such as YouthBuild, REO Youth, and NFJP youth services generally include assisting young people in obtaining their high school equivalency or other secondary-level education services. These youth programs provide these secondary-level education services along with other participant-level services that constitute federal public benefits. Because at least some services provided to youth participants are federal public benefits, recipients must verify participants’ work authorization. This policy is consistent with the overall goal of these youth programs to prepare participants for employment, as discussed in this guidance. 2 Participant level services are defined in Attachment II in TEGL 19-16, Guidance on Services through the Adult and Dislocated Worker Programs under the Workforce Innovation and Opportunity Act (WIOA) and the WagnerPeyser Employment Service (ES), as amended by title III of WIOA, and for Implementation of the WIOA Final Rules. 3 they are the same or similar as benefits listed in PRWORA at 8 USC 1611(c).3 While WIOA programs provide a range of services to jobseekers, the overall goal is to move participants into gainful employment."
,,employment authorization document renewal rules,2,0.031099,DHS Ends Automatic Extension of Employment Authorization Documents,"[""U.S. Citizenship and Immigration Services""]","[""Employment Verification"", ""Unspecified/Other""]","U.S. Citizenship and Immigration Services (USCIS) issued an interim final rule (IFR) to end the automatic 540-day extension under 8 C.F.R § 274a.13 of Form I-766 employment authorization documents (EADs) that were timely filed. Applications filed before October 30, 2025, will still receive the automatic extension. This policy applies to refugees, asylees, green-card applicants, and noncitizens applying for or granted withholding of removal, among others. The IFR does not affect automatic extension of EADs for Temporary Protected Status (TPS) beneficiaries under Immigration and Nationality Act (INA) § 244 or the validity of EADs that were automatically extended prior to October 30 or which are otherwise automatically extended by law or Federal Register notice. USCIS states the change aims to strengthen vetting and security checks, including more background checks and biometric data collection. USCIS acknowledges that this change could leave some individuals temporarily out of work. USCIS asserts that this action is consistent with EO 14159 § 16's directive to DHS to take all appropriate action to ensure EADs are issued consistent with Immigration and Nationality Act (INA) § 274A and EADs are not issued to unauthorized noncitizens. Public comments must be received on or before December 1, 2025. Trump 2.0 [ID #2037]"
,,employment authorization document renewal rules,3,0.031054,"EOIR proposes revisions to Form EOIR-31A, Request for Accreditation of Non-Attorney Representative","[""Executive Office for Immigration Review""]","[""Unspecified/Other""]","If you have comments regarding the accuracy of this estimate, or suggestions for making this form simpler, you can write to the Executive Office for Immigration Review, Office of the General Counsel, 5107 Leesburg Pike, Suite 2600, Falls Church, Virginia 22041. Privacy Act Notice The collection of this information is authorized by 8 U.S.C. §§ 1103, 1229a, 1362 and 8 C.F.R. §§ 1292.11-19 in order to request recognition of a non-profit religious, charitable, social service or similar organization. The information you provide is voluntary and will be used by EOIR employees to assess your organization’s eligibility for recognition; however, failure to provide the requested information may preclude consideration of your request. Pursuant to the Privacy Act, EOIR may share the information provided with this form with others in accordance with approved routine uses. Furthermore, the submission of this form acknowledges that an approved applicant will be subject to the disciplinary rules and procedures at 8 C.F.R. 1003.101et seq., including, pursuant to 8 C.F.R. §§ 292.3(h)(3), 1003.108(c), publication of the approved applicant’s name and findings of misconduct should the applicant be subject to public discipline. Form EOIR-31A Rev. Feb. 2020 Page 1 of 3 U.S. Department of Justice Executive Office for Immigration Review Office of Policy Office of Legal Access Programs OMB#1125-0013 Request by Organization for Accreditation or Renewal of Accreditation of Non-Attorney Representative Name: First ____________________ Middle _____________________ Last ____________________________ Other name(s) used __________________________________________________________________________ Daytime phone number __________________ Email _______________________________________________ Initial _____ Partial (to practice before DHS only) _____ Full (to practice before DHS, immigration courts, and BIA) Renewal _____ Partial Accreditation expiration date __________ _____ Full Change of accreditation type _____ Partial to full _____ Full to partial Name of organization requesting accreditation _____________________________________________________ Organization website _________________________________________________________________________ Is organization recognized?"
,,employment authorization document renewal rules,4,0.030331,"DOJ sues Illinois over ""Right to Privacy in the Workplace Act"" amendments","[""Unspecified/Other""]","[""Employment Verification""]","If a worksite inspection must occur, the inspection is done by Homeland Security Investigations (“HSI”), the investigative branch of ICE. The U.S. Department of Justice’s Immigrant and Employee Rights Section within the Civil Rights Division enforces the antidiscrimination provisions of IRCA. 24. E-Verify compares the information from an employee’s Form I-9, Employment Eligibility Verification, with official government records to verify the identity and employment authorization of each newly hired employee, and in some special cases existing employees. Id. 25. Employers must agree to and follow the requirements set forth in the E-Verify Memorandum of Understanding for Employers (“MOU”).6 26. In addition to requirements listed in the MOU, employers who choose to participate in E-Verify must follow the guidelines specified in the Rules and Responsibilities Overview of the E-Verify User Manual, which include, inter alia: (1) notifying the prospective employees and all employees, including those hired to work in a remote setting, of the employer’s E-Verify participation by clearly displaying the Notice of E-Verify Participation and the U.S. Department 5 E-Verify User Manual (June 11, 2024), https://www.e-verify.gov/book/export/html/2113 (“E-Verify Manual”) (last visited Apr. 29, 2025). 6 E-Verify Memorandum of Understanding for Employers (revised June 1, 2013), https://www.everify.gov/sites/default/files/everify/memos/MOUforEVerifyEmployer.pdf (last visited Apr. 29, 2025). Case: 1:25-cv-04811 Document #: 1 Filed: 05/01/25 Page 8 of 23 PageID #:8"
,,employment authorization document renewal rules,5,0.030303,"EO 14165 § 7(b) directs termination of ""categorical parole programs"" including CHNV Parole Processes","[""Customs and Border Protection"", ""U.S. Citizenship and Immigration Services"", ""Unspecified/Other""]","[""Unspecified/Other""]","¶¶ 18–19. Defendants have represented to this court their intent, once this court’s stay is lifted, “to issue new notices to all impacted FRP parolees providing notice that their parole will terminate 30 days from the date of the notice.” Id. ¶ 22. The new notices “will also provide that any associated [employment authorization documents] will be revoked no sooner than 30 days from the date of the notice, unless the FRP recipient submits countervailing evidence demonstrating 9 The notices stated that both parole and parole-based employment authorization would be terminated on January 14, 2026. Kernochan Decl. at ECF 7 [Doc. No. 250-1]. Defendants report that the notices “included a typo, indicating that the [employment authorization documents] would be revoked as of January 14, 2026, the date of parole termination, rather than January 20.” Id. ¶ 20. Case 1:25-cv-10495-IT Document 258 Filed 01/25/26 Page 11 of 42 12 their continued eligibility for parole-based employment authorization before that date.” Id. Defendants state further that “notices will be transmitted electronically to parolees who were granted parole through an electronic application process, and sent in paper form to the current address of record to parolees who were granted parole by filing a paper request.” Id. ¶ 23. III. Jurisdiction Defendants contend that 8 U.S.C. § 1252(a)(2)(B)(ii) bars the court from exercising jurisdiction here. Defs.’ Opp’n 6 [Doc. No. 251] This argument is incorrect. Section 1252(a)(2)(B)(ii) establishes that no court shall have jurisdiction to review: [A]ny ."
,,advance parole policy changes,1,0.032522,"EO 14165 § 7(b) directs termination of ""categorical parole programs"" including CHNV Parole Processes","[""Customs and Border Protection"", ""U.S. Citizenship and Immigration Services"", ""Unspecified/Other""]","[""Unspecified/Other""]","On January 20, 2025, the President issued Executive Order (EO) 14165, Securing our Borders͕ requiring DHS to terminate all categorical parole programs that are contrary to law or policy, including the parole program known as CHNV.3 The President also issued EO 14161, Protecting the United States from Foreign Terrorists and Other National Security and Public Safety Threats͕ 2023); Implementation of a Change to the Parole Process for Haitians, 88 FR 26327 (Apr. 28, 2023). Implementation of a Parole Process for Nicaraguans, 88 FR 1255 (Jan. 9, 2023). Implementation of a Parole Process for Venezuelans, 87 FR 63507 (Oct. 19, 2022); Implementation of Changes to the Parole Process for Venezuelans, 88 FR 1279 (Jan. 9, 2023)). Implementation of a Family Reunification Parole Process for Colombians, 88 FR 43591 (July 10, 2023); Implementation of a Family Reunification Parole Process for Ecuadorians, 88 FR 78762 (Nov. 16, 2023); Implementation of a Family Reunification Parole Process for Salvadorans, 88 FR 43611 (July 10, 2023); Implementation of a Family Reunification Parole Process for Guatemalans, 88 FR 43581 (July 10, 2023); Implementation of a Family Reunification Parole Process for Hondurans, 88 FR 43601 (July 10, 2023); Implementation of Changes to the Cuban Family Reunification Parole Process, 88 FR 54639 (Aug. 11, 2023); Implementation of Changes to the Haitian Family Reunification Parole Process, 88 FR 54635 (Aug. 11, 2023); Implementation of the Uniting for Ukraine Parole Process (Apr."
,,advance parole policy changes,2,0.032522,DHS deports DACA recipient returning with advance parole,"[""Customs and Border Protection"", ""Unspecified/Other""]","[""Border"", ""DACA""]","Tex. May 15, 2019)(“Even assuming that the court has jurisdiction, Santa Maria's argument that her departure from the United States on advance parole executed her removal order has no merit” citing In re Arrabally/Yerrabelly1, 25 I. & N. Dec. 771, (BIA 2012) (""[I]t is well-settled that an alien who leaves the United States and returns under a grant of advance parole is subject to the grounds of inadmissibility once parole is terminated, even if he had been 'deportable' rather than 'inadmissible' before the trip's commencement.""). 24. Advance parole by definition is “treated as a distinct benefit for which the alien must demonstrate his eligibility and worthiness.” Arrabally/Yerrabelly at 778. This distinction comes with certain guarantees, the Seventh Circuit explained: “the Board of Immigration Appeals, in In re G-A-C-, supra, described advance parole as ""a mechanism by which a district director can, as a humanitarian measure, advise an alien who is in this country, but who knows or fears that he will be inadmissible if he leaves and tries to return, that he can leave with assurance that he will be paroled back into the United States upon return, under prescribed conditions, if he cannot establish that he is admissible at that time"" (emphasis added in the original)(internal cite omitted). The Board went on to say that ""the term 'advance parole' is something of a misnomer""—that really it means “advance authorization of parole…the alien is advised in advance of a departure that, if he meets certain conditions, he will be paroled into the United States when he returns."" Id."
,,advance parole policy changes,3,0.031010,ORR requires Director-level authorization of custodial releases of certain unaccompanied children,"[""Office of Refugee Resettlement""]","[""Detention"", ""Interior"", ""Minors""]","1/17/16 - Summary of changes: - All individuals undergoing a public records check will also undergo a sex offender registry check. - All non-sponsor adult household members and adult care givers identified in a sponsor care plan will undergo a public records check and a sex offender registry check. - A revised Family Reunification Application will collect the date of birth of household members and contact and biographic information of adult care givers identified in the sponsor care plan. This information is needed to perform the public records check and sex offender registry check. 3/31/16 - Clarified home study policies. 4/11/16 — Clarification that table represents minimum standards. 6/7/18 - Updates with changes to background checks by DHS and fingerprint and background check requirements 12/18/18 - Revised criteria and table to reflect changes to fingerprint submission requirements for some household members. 6/18/19 - Added a brief description of the transmission process for background checks, including identification of Federal and state agencies involved in the process. Removed requirement of DHS immigration status checks and criminal history checks. Revised/added fingerprint check criteria for category 1, 2A, and 2B sponsors. Revised CA/N check criteria for category 3 sponsors. 2.5.2 Results of Background Checks on Release Decisions 1/27/15 6/7/18 - Added information sharing policy to results of background checks 6/18/19 - Revised information sharing policy for results of background checks."
,,advance parole policy changes,4,0.031010,"EO 14165 § 6 directs DHS, DOS, and DOJ to resume the Migrant Protection Protocols","[""Unspecified/Other"", ""Unspecified/Other"", ""Unspecified/Other""]","[""Border"", ""Asylum, Withholding and CAT""]","Moreover, the Secretary has his own independent and significant concerns about the prior implementation of MPP, including concerns about the safety and security of those returned to Mexico, deficiencies in the non-refoulement interview process, barriers to access to counsel, and the ways in which reimplementation of MPP would divert from other Administration goals and result in significant burdens for the Department that would limit DHS’s opportunities to make other needed reforms consistent with this Administration’s policy priorities. In light of these concerns, the Secretary has decided not to resume MPP in precisely the same form as it previously existed, even if were a viable option. As an alternative, the Secretary considered a modified implementation and enforcement plan, in the manner that the Administration is planning to start doing in the coming weeks— pending an independent decision by the GOM to facilitate returns—in order to comply with the district court’s order. As the Department moves to reimplement, it is making changes to account for GOM’s concerns—changes which are designed to better protect individuals returned to Mexico and ensure, among other things, timely and accurate notice about court hearings. In addition, the Department is evaluating what changes could be made to address the issues raised in the Red Team Report, to include changes announced by the December 2020 supplementary guidance to better ensure family unity, access to counsel during non-refoulement interviews, and assessment of vulnerability."
,,advance parole policy changes,5,0.029631,USCIS updates policy on applying discretion in adjudications,[],[],"There is no discretionary analysis as part of the adjudication, and these requests cannot be denied as a matter of discretion. The following table provides a non-exhaustive overview of immigration benefits and whether discretion is involved in the adjudication of such benefits. Immigration Benefits Involving Discretionary Review Benefit Type Discretion Involved (Yes or No) Petition to classify an alien as a nonimmigrant worker No (with some exceptions) Petition to classify an alien as a fiancé(e) of a U.S. citizen Yes Application to extend or change nonimmigrant status Yes Advance permission to enter as a nonimmigrant Yes Humanitarian parole Yes Temporary protected status Yes Refugee status Yes (with some exceptions) Asylum Yes Petition to classify an alien as a family-based immigrant No (with some exceptions) [7] [8] [9] [10] [11] [12] [13] [14] [15] [16] [17] Chapter 8 - Discretionary Analysis | USCIS https://www.uscis.gov/policy-manual/volume-1-part-e-chapter-8 2 of 18 11/13/20, 11:20 AM Benefit Type Discretion Involved (Yes or No) Petition to classify an alien as an employment-based immigrant Yes Petition to classify an alien as an immigrant investor Yes Adjustment of status Yes (with some exceptions) Registration No Recognition as an American Indian born in Canada No Waivers of inadmissibility Yes Consent to reapply for admission after deportation or removal Yes Employment authorization Yes (with some exceptions) Removal of conditions on permanent residence No (with some exceptions) Naturalization No Application for a Certificate of Citizenship No B."
,,consular processing suspension COVID policy,1,0.032787,"POTUS issues Presidential Proclamation, removing Chad from Travel Ban","[""Bureau of Consular Affairs""]","[""Visitor"", ""Unspecified/Other""]","2. Resumption of Visa Processing and Clearing the Backlog of Cases in Waiver Processing. (a) The Secretary of State shall direct all Embassies and Consulates, consistent with applicable law and visa processing procedures, including any related to coronavirus disease 2019 (COVID-19), to resume visa processing in a manner consistent with the revocation of the Executive Order and Proclamations speciﬁed in section 1 of this proclamation. (b) Within 45 days of the date of this proclamation, the Secretary of State shall provide to the President a report that includes the following elements: (i) The number of visa applicants who were being considered for a waiver of restrictions under Proclamation 9645 or 9983 on the date of this proclamation and a plan for expeditiously adjudicating their pending visa applications. (ii) A proposal to ensure that individuals whose immigrant visa applications were denied on the basis of the suspension and restriction on entry imposed by Proclamation 9645 or 9983 may have their applications reconsidered. This proposal shall consider whether to reopen immigrant visa applications that were denied due to the suspension and restriction on entry imposed by Proclamation 9645 or 9983, whether it is necessary to charge an additional fee to process those visa applications, and development of a plan for the Department of State to expedite consideration of those visa applications. (iii) A plan to ensure that visa applicants are not prejudiced as a result of a previous visa denial due to the suspension and restriction on entry imposed by Proclamation 9645 or 9983 if they choose to re-apply for a visa."
,,consular processing suspension COVID policy,2,0.032258,"POTUS issues Presidential Proclamation 9983, adding six new countries to Travel Ban","[""Customs and Border Protection"", ""U.S. Citizenship and Immigration Services"", ""Bureau of Consular Affairs""]","[""Unspecified/Other""]","2. Resumption of Visa Processing and Clearing the Backlog of Cases in Waiver Processing. (a) The Secretary of State shall direct all Embassies and Consulates, consistent with applicable law and visa processing procedures, including any related to coronavirus disease 2019 (COVID-19), to resume visa processing in a manner consistent with the revocation of the Executive Order and Proclamations speciﬁed in section 1 of this proclamation. (b) Within 45 days of the date of this proclamation, the Secretary of State shall provide to the President a report that includes the following elements: (i) The number of visa applicants who were being considered for a waiver of restrictions under Proclamation 9645 or 9983 on the date of this proclamation and a plan for expeditiously adjudicating their pending visa applications. (ii) A proposal to ensure that individuals whose immigrant visa applications were denied on the basis of the suspension and restriction on entry imposed by Proclamation 9645 or 9983 may have their applications reconsidered. This proposal shall consider whether to reopen immigrant visa applications that were denied due to the suspension and restriction on entry imposed by Proclamation 9645 or 9983, whether it is necessary to charge an additional fee to process those visa applications, and development of a plan for the Department of State to expedite consideration of those visa applications. (iii) A plan to ensure that visa applicants are not prejudiced as a result of a previous visa denial due to the suspension and restriction on entry imposed by Proclamation 9645 or 9983 if they choose to re-apply for a visa."
,,consular processing suspension COVID policy,3,0.031746,"POTUS issues EO 13780, extending travel ban and instructing agencies to enhance screening of certain foreign nationals","[""Customs and Border Protection"", ""U.S. Citizenship and Immigration Services"", ""Bureau of Consular Affairs""]","[""Unspecified/Other""]","2. Resumption of Visa Processing and Clearing the Backlog of Cases in Waiver Processing. (a) The Secretary of State shall direct all Embassies and Consulates, consistent with applicable law and visa processing procedures, including any related to coronavirus disease 2019 (COVID-19), to resume visa processing in a manner consistent with the revocation of the Executive Order and Proclamations speciﬁed in section 1 of this proclamation. (b) Within 45 days of the date of this proclamation, the Secretary of State shall provide to the President a report that includes the following elements: (i) The number of visa applicants who were being considered for a waiver of restrictions under Proclamation 9645 or 9983 on the date of this proclamation and a plan for expeditiously adjudicating their pending visa applications. (ii) A proposal to ensure that individuals whose immigrant visa applications were denied on the basis of the suspension and restriction on entry imposed by Proclamation 9645 or 9983 may have their applications reconsidered. This proposal shall consider whether to reopen immigrant visa applications that were denied due to the suspension and restriction on entry imposed by Proclamation 9645 or 9983, whether it is necessary to charge an additional fee to process those visa applications, and development of a plan for the Department of State to expedite consideration of those visa applications. (iii) A plan to ensure that visa applicants are not prejudiced as a result of a previous visa denial due to the suspension and restriction on entry imposed by Proclamation 9645 or 9983 if they choose to re-apply for a visa."
,,consular processing suspension COVID policy,4,0.030777,State Department orders resettlement agencies to stop funded work supporting refugees currently in the U.S.,"[""Unspecified/Other""]","[""Refugees"", ""Unspecified/Other""]","The “Refugee Funding Suspension” refers to the suspension of federal funding to USRAP nonprofit partners for their work processing refugee applications abroad and providing services to refugees domestically. USRAP nonprofit partners, including Plaintiff resettlement agencies, learned of the Refugee Funding Suspension on January 24, when PRM issued mass “Suspension Notices” directing resettlement agencies to immediately stop work, cancel obligations, and incur no new costs. Dkt. No. 31-3. Plaintiffs allege that, along with these Suspension Notices, the Refugee Funding Suspension also includes a sub silentio suspension, enacted without notice, of contractual reimbursements owed to USRAP partner nonprofits Case 2:25-cv-00255-JNW Document 45 Filed 02/28/25 Page 33 of 62 FINDINGS OF FACT, CONCLUSIONS OF LAW, AND ORDER ISSUING PRELIMINARY INJUNCTION - 34 1 2 3 4 5 6 7 8 9 10 11 12 13 14 15 16 17 18 19 20 21 22 23 for work already performed under cooperative agreements. See Dkt. No. 15-23 ¶¶ 46-47. The Court finds that these agency actions—the Agency Suspension and the Refugee Funding Suspension—are discrete enough to facilitate APA review. See Al Otro Lado, Inc. v. McAleenan, 394 F. Supp. 3d 1168, 1206–07 (S.D. Cal. 2019) (finding that unwritten, informal DHS policy limiting access to asylum at border was APA-reviewable); Washington v. U.S. DHS, 614 F. Supp. 3d 863, 872–73 (W.D. Wash. 2020) (same as to unwritten CBP policy of courthouse arrests of noncitizens). b. Agency Defendants cannot evade APA review merely by claiming they are implementing executive orders."
,,consular processing suspension COVID policy,5,0.030090,"State Department Announces Visa Restrictions for Foreign Officials and Others ""Facilitating Illegal Migration""","[""Bureau of Consular Affairs"", ""Unspecified/Other""]","[""Unspecified/Other"", ""Unspecified/Other""]","This visa restriction policy is pursuant to Section 212(a)(3)(C) of the Immigration and Nationality Act, which Home > O!ce of the Spokesperson > Press Releases > Announcement of a Visa Restriction Policy Targeting Foreign O""cials and Others Facilitating Illegal Migration into the United States PRESS STATEMENT MARCO RUBIO, SECRETARY OF STATE MARCH 5, 2025 Announcement of a Visa Restriction Policy Targeting Foreign Officials and Others Facilitating Illegal Migration into the United States An o""cial website of the United States Government Here's how you know      ✉ POLICY ISSUES COUNTRIES & AREAS BUREAUS & OFFICES ABOUT search Newsroom Business Employees Job Seekers Students Travelers Visas White House USA.govO!ce of the Inspector General ArchivesContact Us FOLLOW US Privacy Policy Accessibility Statement Copyright Information FOIA No FEAR Act      ✉ authorizes the Secretary of State to render inadmissible any alien whose entry into the Unites States “would have potentially serious adverse foreign policy consequences for the United States.” Certain family members may also be covered by these restrictions. Bureau of Consular A!airs O""ce of the Spokesperson The Secretary of State TAGS"
,,visa interview waiver policy changes,1,0.032522,"POTUS issues Presidential Proclamation 9983, adding six new countries to Travel Ban","[""Customs and Border Protection"", ""U.S. Citizenship and Immigration Services"", ""Bureau of Consular Affairs""]","[""Unspecified/Other""]","3/14/2021 Rescission of Presidential Proclamations 9645 and 9983 https://travel.state.gov/content/travel/en/News/visas-news/rescission-of-presidential-proclamations-9645-and-9983.html 1/2 Rescission of Presidential Proclamations 9645 and 9983 Last Updated: March 10, 2021 On January 20, 2021, President Biden signed a Presidential Proclamation titled “Ending Discriminatory Bans on Entry to the United States.” This proclamation ends the travel restrictions under Presidential Proclamations 9645 and 9983 that had suspended entry into the United States of certain nationals, based on visa type, from Burma, Eritrea, Iran, Kyrgyzstan, Libya, Nigeria, North Korea, Somalia, Sudan, Syria, Tanzania, Venezuela, and Yemen. Following the Department’s review, immigrant visa (IV) applicants who were previously refused due to either P.P. 9645 or 9983 and were determined not to qualify for a waiver before January 20, 2020, may reapply for a visa by submitting a new visa application (DS-260) and paying a new visa application processing fee. In the alternative, IV applicants refused due to either P.P. 9645 or 9983 who were determined not to qualify for a waiver on or after January 20, 2020, may request their local embassy or consulate to reconsider their case within one year of the date of their waiver refusal without submitting a new application or paying a new visa application processing fee, consistent with Department regulations. IV applicants who were refused due to either P.P. 9645 or 9983 and whose eligibility for a waiver was still being evaluated as of January 20, 2021, will continue to have their applications processed. Embassies and consulates are prioritizing the adjudication of applications for those individuals who, as of January 20, 2021, were awaiting an outcome from the P.P."
,,visa interview waiver policy changes,2,0.031498,"POTUS issues Presidential Proclamation, removing Chad from Travel Ban","[""Bureau of Consular Affairs""]","[""Visitor"", ""Unspecified/Other""]","2. Resumption of Visa Processing and Clearing the Backlog of Cases in Waiver Processing. (a) The Secretary of State shall direct all Embassies and Consulates, consistent with applicable law and visa processing procedures, including any related to coronavirus disease 2019 (COVID-19), to resume visa processing in a manner consistent with the revocation of the Executive Order and Proclamations speciﬁed in section 1 of this proclamation. (b) Within 45 days of the date of this proclamation, the Secretary of State shall provide to the President a report that includes the following elements: (i) The number of visa applicants who were being considered for a waiver of restrictions under Proclamation 9645 or 9983 on the date of this proclamation and a plan for expeditiously adjudicating their pending visa applications. (ii) A proposal to ensure that individuals whose immigrant visa applications were denied on the basis of the suspension and restriction on entry imposed by Proclamation 9645 or 9983 may have their applications reconsidered. This proposal shall consider whether to reopen immigrant visa applications that were denied due to the suspension and restriction on entry imposed by Proclamation 9645 or 9983, whether it is necessary to charge an additional fee to process those visa applications, and development of a plan for the Department of State to expedite consideration of those visa applications. (iii) A plan to ensure that visa applicants are not prejudiced as a result of a previous visa denial due to the suspension and restriction on entry imposed by Proclamation 9645 or 9983 if they choose to re-apply for a visa."
,,visa interview waiver policy changes,3,0.031025,Asylum seekers given less time to prepare for credible fear interviews,"[""U.S. Citizenship and Immigration Services""]","[""Asylum, Withholding and CAT""]","The memorandum’s concluding paragraph, repeated both rationales, stating: Given the critical need [at the Southwestern border], coupled with the improvements made to the M-444[,] which makes the [credible-fear] process easier for aliens to understand, [the acting USCIS Director has] decided to reduce the timeframe for consultation to one full calendar day at both the FRCs and all other facilities. In practice, this means individuals will have longer than 24 hours to consult depending on when they arrive at the facility. Reducing the time period for consultation could lead to longer delays at a later point in the process for some cases, as USCIS may receive more frequent requests to reschedule interviews. However, USCIS is also establishing a new policy of requiring extraordinary circumstances warranting approval of a request to reschedule so that USCIS can ensure, consistent with the statute, that the consultation period does not unreasonably delay the overall process. AR 114. On July 8, 2019, USCIS updated its “Credible Fear Procedures Manual” to reflect the policy changes announced in the memorandum. AR 115–17. The updated manual notes that it is now the policy of “the Asylum Program to allow a minimum of one full calendar day to transpire between the arrival of an alien at a detention site or receipt of initial M-444 (whichever is later) and any credible[-]fear interview.” AR 117. It further states that “[i]f USCIS is prepared to proceed with the interview after the consultation period has passed, asylum offices normally will deny requests for extensions of the consultation period, ."
,,visa interview waiver policy changes,4,0.031010,"POTUS issues EO 13780, extending travel ban and instructing agencies to enhance screening of certain foreign nationals","[""Customs and Border Protection"", ""U.S. Citizenship and Immigration Services"", ""Bureau of Consular Affairs""]","[""Unspecified/Other""]","2. Resumption of Visa Processing and Clearing the Backlog of Cases in Waiver Processing. (a) The Secretary of State shall direct all Embassies and Consulates, consistent with applicable law and visa processing procedures, including any related to coronavirus disease 2019 (COVID-19), to resume visa processing in a manner consistent with the revocation of the Executive Order and Proclamations speciﬁed in section 1 of this proclamation. (b) Within 45 days of the date of this proclamation, the Secretary of State shall provide to the President a report that includes the following elements: (i) The number of visa applicants who were being considered for a waiver of restrictions under Proclamation 9645 or 9983 on the date of this proclamation and a plan for expeditiously adjudicating their pending visa applications. (ii) A proposal to ensure that individuals whose immigrant visa applications were denied on the basis of the suspension and restriction on entry imposed by Proclamation 9645 or 9983 may have their applications reconsidered. This proposal shall consider whether to reopen immigrant visa applications that were denied due to the suspension and restriction on entry imposed by Proclamation 9645 or 9983, whether it is necessary to charge an additional fee to process those visa applications, and development of a plan for the Department of State to expedite consideration of those visa applications. (iii) A plan to ensure that visa applicants are not prejudiced as a result of a previous visa denial due to the suspension and restriction on entry imposed by Proclamation 9645 or 9983 if they choose to re-apply for a visa."
,,visa interview waiver policy changes,5,0.030090,"EO 14165 § 6 directs DHS, DOS, and DOJ to resume the Migrant Protection Protocols","[""Unspecified/Other"", ""Unspecified/Other"", ""Unspecified/Other""]","[""Border"", ""Asylum, Withholding and CAT""]","Moreover, the Secretary has his own independent and significant concerns about the prior implementation of MPP, including concerns about the safety and security of those returned to Mexico, deficiencies in the non-refoulement interview process, barriers to access to counsel, and the ways in which reimplementation of MPP would divert from other Administration goals and result in significant burdens for the Department that would limit DHS’s opportunities to make other needed reforms consistent with this Administration’s policy priorities. In light of these concerns, the Secretary has decided not to resume MPP in precisely the same form as it previously existed, even if were a viable option. As an alternative, the Secretary considered a modified implementation and enforcement plan, in the manner that the Administration is planning to start doing in the coming weeks— pending an independent decision by the GOM to facilitate returns—in order to comply with the district court’s order. As the Department moves to reimplement, it is making changes to account for GOM’s concerns—changes which are designed to better protect individuals returned to Mexico and ensure, among other things, timely and accurate notice about court hearings. In addition, the Department is evaluating what changes could be made to address the issues raised in the Red Team Report, to include changes announced by the December 2020 supplementary guidance to better ensure family unity, access to counsel during non-refoulement interviews, and assessment of vulnerability."
,,immigration medical exam requirements policy,1,0.032018,"OMB temporarily pauses agency grant, loan, and financial assistance programs","[""Unspecified/Other""]",[],"As described above, national refugee resettlement organizations often partner with a wide network of local affiliates that help newly-arrived individuals and families enroll children in school, find housing and cover rent, find employment, and sign up for health insurance, among other tasks. Case 1:25-cv-00605 Document 1 Filed 03/03/25 Page 16 of 28 17 45. Through the Texas Office for Refugees and partner agencies as Texas RD, as well as directly, CCFW currently supports more than 100,000 eligible individuals and families in Texas under the Refugee Support Services and Cash and Medical Assistance programs. 46. Cash and Medical Assistance (CMA) consists of two sub-programs: Refugee Cash Assistance (RCA) and Refugee Medical Assistance (RMA). a. The RCA program provides individuals and families from ORR-eligible populations, as authorized by Congress, who are ineligible for Temporary Assistance for Needy Families (TANF), up to twelve months of cash assistance and provides referrals to meet core needs while participants seek self-sufficiency. b. The RMA program provides up to twelve months of medical coverage to ORR-eligible populations who are ineligible for Medicaid. The benefits mirror Medicaid in each state. 47. Refugee Support Services (RSS) includes fourteen (14) sub-programs, including but not limited to English language instruction, job readiness and placement services, civics instruction to prepare for completion of the U.S. Citizenship and Immigration Service (USCIS) Naturalization Interview and Civics Test, pre-high school equivalency instruction to prepare for a standard General Educational Development (GED) course or to take the GED Exam, and vocational training."
,,immigration medical exam requirements policy,2,0.030886,USCIS waives COVID-19 vaccination requirement for Adjustment of Status applicants,"[""U.S. Citizenship and Immigration Services""]","[""Unspecified/Other""]","Home > Newsroom > All News > Alerts > USCIS Waives COVID-19 Vaccination Requirement for Adjustment of Status Applicants USCIS Waives COVID-19 Vaccination Requirement for Adjustment of Status Applicants Release Date : 01/22/2025 Effective Jan. 22, 2025, USCIS is waiving any and all requirements that applicants for adjustment of status to that of a lawful permanent resident present documentation on their Form I-693, Report of Immigration Medical Examination and Vaccination Record, that they received the COVID-19 vaccination. USCIS will not issue any Request for Evidence or Notice of Intent to Deny related to proving a COVID-19 vaccination. USCIS will not deny any adjustment of status application based on the applicant’s failure to present documentation that they received the COVID-19 vaccination. Last Reviewed/Updated: 01/22/2025 MENU 1/23/25, 5:41 PM USCIS Waives COVID-19 Vaccination Requirement for Adjustment of Status Applicants | USCIS https://www.uscis.gov/newsroom/alerts/uscis-waives-covid-19-vaccination-requirement-for-adjustment-of-status-applicants 1/1"
,,immigration medical exam requirements policy,3,0.030622,State Department orders resettlement agencies to stop funded work supporting refugees currently in the U.S.,"[""Unspecified/Other""]","[""Refugees"", ""Unspecified/Other""]","Identify the total number of Injunction-Protected Refugees. b. Provide a high-level overview of the countries or regions in which the Injunction-Protected Refugees are located, as well as the RSCs Case 2:25-cv-00255-JNW Document 119 Filed 05/05/25 Page 11 of 14 COMPLIANCE FRAMEWORK ORDER - 12 1 2 3 4 5 6 7 8 9 10 11 12 13 14 15 16 17 18 19 20 21 22 23 with which they worked to receive conditional approval status and travel documents. c. Identify the number of refugees admitted monthly to the United States through USRAP in August 2024, September 2024, October 2024, November 2024, December 2024, and January 2025. This data set will serve as a reference regarding feasible admission rates under the status quo ante litem. (3) After completing the 28-day compliance schedule outlined above and submitting the final report (on Day 31), Defendants must submit weekly reports to the Court detailing actions taken since the last report to comply with the Court’s injunctions. These reports must identify the number of Injunction-Protected Refugees (broken down by I-590 and I-730 refugees) who, in that week: a. Received independent travel documents, and of those refugees, the number admitted to the United States; b. Had travel facilitated by IOM, and of those refugees, the number admitted to the United States; c. Were scheduled for medical exams; d. For whom medical exam results were received; and e. Received renewed security authorizations. f. Additionally, the report must provide an overview of the cities and states in which Injunction-Protected Refugees have been resettled Case 2:25-cv-00255-JNW Document 119 Filed 05/05/25 Page 12 of 14"
,,immigration medical exam requirements policy,4,0.030077,EOIR Acting Deputy Director issues guidance on the handling of classified information in EOIR proceedings,"[""Executive Office for Immigration Review""]","[""Unspecified/Other""]","The purpose of the procedures set forth herein is to establish an updated framework governing the use and handling of classiﬁed information within the immigration court system, and to protect against the unauthorized disclosure of any such classiﬁed information, in accordance with applicable authority including Executive Order (E.O.) 13526 (2009) and 32 C.F.R. Part 2001. Other authority for this OPPM includes all relevant regulations under Title 8 of the C.F.R., executive orders, and Department of Justice (DOJ) orders, policy statements, and instructions, and all other applicable provisions of law. Nothing is this memorandum is intended to supplant or modify DOJ policies and procedures regarding the use of information obtained or derived from the Foreign Intelligence Surveillance Act, 50 U.S.C. § 1801 et seq. The use of, and litigation relating to, any such information, whether classiﬁed or unclassiﬁed, is subject to statutory requirements and DOJ policy memoranda and must be coordinated with DOJ’s National Security Division. The procedures set forth in this memorandum are intended to comply with all relevant DOJ and originating agency requirements regarding equipment, facilities, and protection of classiﬁed information. The Executive Ofﬁce for Immigration Review (EOIR) must comply with all U.S. Government requirements for safeguarding classiﬁed materials and for approving and maintaining the security of IT equipment and facilities used for such materials. Whenever circumstances appear to be beyond the scope of this OPPM, personnel of the Ofﬁce of the Chief Immigration Judge (OCIJ) shall request assistance and guidance from their Court Administrator, Assistant Chief Immigration Judge (ACIJ), and/or the EOIR Ofﬁce of Security (EOIR/OS)."
,,immigration medical exam requirements policy,5,0.029572,DHS terminates Temporary Protected Status for Honduras,"[""U.S. Citizenship and Immigration Services""]","[""TPS""]","¶¶ 5–6. After Hurricane Katrina in 2005, A.C. helped clean up and rebuild New Orleans. Id. ¶ 6. During the Covid-19 pandemic, A.C. was an essential worker for a company that constructed barges for the transportation of petroleum. Id. ¶ 6. Without TPS, A.C. would lose his ability to work, and not be able to take and pass a pilot exam after investing approximately $35,000 in pilot training. Id. ¶ 9. J.L. is 60 years old, a native of Nicaragua, and has lived in the United States for almost 30 years. Compl. ¶ 138(f). For the past 20 years, J.L. has worked as a manufacturing technician in a semiconductor factor. Id. He has a pacemaker and takes daily medication to manage for heart Case 3:25-cv-05687-TLT Document 73 Filed 07/31/25 Page 5 of 37 6 1 2 3 4 5 6 7 8 9 10 11 12 13 14 15 16 17 18 19 20 21 22 23 24 25 26 27 28 United States District Court Northern District of California failure. Id. Without TPS, he would lose his job, his driver’s license, and access to healthcare. Id. He worries that he would not receive adequate medical care and face political persecution in Nicaragua. Id. Defendants are the Secretary of Homeland Security Kristi Noem, the United States Department of Homeland Security (“DHS”), and the United States of America. Compl. ¶¶ 22 – 24. The termination notices imposed in connection with this proceeding began on June 6, 2025. On June 6, 2025, the Secretary published a federal registrar notice that terminated TPS for Nepal effective August 5, 2025. See 90 Fed. Reg."
,,special immigrant juvenile status SIJS policy,1,0.032522,USCIS updates policy on applying discretion in adjudications,[],[],"[^ 60] For definitions of public safety and national security concerns, see Updated Guidance for the Referral of Cases and Issuance of Notices to Appear (NTAs) in Cases Involving Inadmissible and Deportable Aliens (PDF), PM-602-0050.1, issued June 28, 2018. [^ 61] The oﬀicer should not go behind the record of conviction to reassess an alien’s ultimate guilt or innocence, but rather inquire into the circumstances surrounding the commission of the crime in order to determine whether a favorable exercise of discretion is warranted. See Matter of Edwards (PDF), 20 I&N Dec. 191, 197 (BIA 1990). [^ 62] USCIS considers findings of juvenile delinquency on a case-by-case basis, based on the totality of the evidence, to determine whether a favorable exercise of discretion is warranted. Therefore, an adjustment applicant must disclose all arrests and charges. If any arrest or charge was disposed of as a matter of juvenile delinquency, the applicant must include the court or other public record that establishes this disposition. See Volume 7, Adjustment of Status, Part A, Adjustment of Status Policies and Procedures, Chapter 4, Documentation, Section A, Initial Evidence, Subsection 7, Certified Copies of Arrest Records and Court Dispositions [7 USCIS-PM A.4(A)(7)]. For more information, see Volume 7, Adjustment of Status, Part B, 245(a) Adjustment [7 USCIS-PM B] and Part F, Special Immigrant-Based (EB-4) Adjustment, Chapter 7, Special Immigrant Juveniles, Section C, Eligibility Requirements, Subsection 4, Admissibility and Waiver Requirements [7 USCIS-PM F.7(C)(4)]."
,,special immigrant juvenile status SIJS policy,2,0.032522,"USCIS proposes changes to Form G-325A, Biographic Information (for Deferred Action)","[""U.S. Citizenship and Immigration Services""]","[""Unspecified/Other""]","USCIS issued a notice and request for comments on proposed changes to Form G-325A, “Biographic Information (for Deferred Action),” which is used to request deferred action (other than deferred action relating to DACA, VAWA self-petitions, and A-3, G-5, T, and U nonimmigrant status). Among other things, USCIS proposes eliminating the ""Labor Investigation-Based,"" (commonly known as Deferred Action for Labor Enforcement), ""Special Immigrant Juvenile,"" and ""Statelessness"" deferred action categories. The revisions would also remove the ability for applicants to request an employment authorization and Social Security card through the form. Comments are due July 28, 2025. Trump 2.0 [ID #1783]"
,,special immigrant juvenile status SIJS policy,3,0.031746,"EO 14165 § 6 directs DHS, DOS, and DOJ to resume the Migrant Protection Protocols","[""Unspecified/Other"", ""Unspecified/Other"", ""Unspecified/Other""]","[""Border"", ""Asylum, Withholding and CAT""]","Garland, No. 21-60065 (5th Cir. filed Feb. 1, 2021) (describing a family that was kidnapped en route to an MPP hearing and held for ransom); see also Hamed Aleaziz and Adolfo Flores, “They Missed Their US Asylum Hearings Fearing the Cartel Would Kill Them. Now They’re Stuck in Mexico,” Buzzfeed, May 18, 2021. 86 Relief or protection from removal is defined to include EOIR grants of asylum, grants of relief in non-asylum removal proceedings, withholding of removal, or conditional grants; DHS grants of Special Immigrant Juvenile (SIJ) status, lawful permanent residence, S, T, or U nonimmigrant status, and Temporary Protected Status (TPS); the exercise of DHS prosecutorial discretion; and findings by DHS that the subject is a U.S. citizen or lawfully present noncitizen not subject to removal. See FY 2020 Enforcement Lifecycle Report, supra, note 75. 87 As discussed in note 79, this figure includes cases that were terminated. For those located in the United States, termination ends removal proceedings and effectively allows the subject to remain in the United States until further action is taken. The low relief-granted rates for both the MPP and comparable non-MPP cases are likely the result of a number of different factors. During this period, a policy was implemented that barred asylum for individuals who transited through third countries and decisions were issued that limited humanitarian protection claims based on family membership and gender; these likely depressed grant rates."
,,special immigrant juvenile status SIJS policy,4,0.030550,USCIS issues final rule on public charge inadmissibility grounds,"[""U.S. Citizenship and Immigration Services""]","[""Unspecified/Other"", ""Unspecified/Other""]","The rule further defines the term “public benefit” to include any cash benefits for income maintenance, Supplemental Security Income (SSI), Temporary Assistance to Needy Families (TANF), Supplemental Nutritional Assistance Program (SNAP), most forms of Medicaid, and certain housing programs. The regulation also excludes from the public benefits definition: public benefits received by individuals who are serving in active duty or in the Ready Reserve component of the U.S. armed forces, and their spouses and children; public benefits received by certain international adoptees and children acquiring U.S. citizenship; Medicaid for aliens under 21 and pregnant women; Medicaid for school-based services (including services provided under the Individuals with Disabilities Education Act); and Medicaid benefits for emergency medical services. This rule also makes certain nonimmigrant aliens in the United States who have received designated public benefits above the designated threshold ineligible for change of status and extension of stay if they received the benefits aer obtaining the nonimmigrant status they seek to extend or from which they seek to change. U.S. Citizenship mdl Imnrigruion Services AILA Doc. No. 19081201. (Posted 8/12/19) 8/12/2019 USCIS Announces Final Rule Enforcing Long-Standing Public Charge Inadmissibility Law | USCIS https://www.uscis.gov/news/news-releases/uscis-announces-final-rule-enforcing-long-standing-public-charge-inadmissibility-law 2/2 Importantly, this regulation does not apply to humanitarian-based immigration programs for refugees, asylees, Special Immigrant Juveniles (SIJs), certain traﬀicking victims (T nonimmigrants), victims of qualifying criminal activity (U nonimmigrants), or victims of domestic violence (VAWA self-petitioners), among others. This rule also explains how USCIS will exercise its discretionary authority, in limited circumstances, to oﬀer an alien inadmissible only on the public charge ground the opportunity to post a public charge bond."
,,special immigrant juvenile status SIJS policy,5,0.029644,"DOS proposes revisions to Form DS-234, Special Immigrant Visa Biodata","[""Unspecified/Other""]","[""Special Immigrant""]","DOS announces proposed revisions to Form DS-234, Special Immigrant Visa Biodata Form and provides a 60-day comment period ending on July 29, 2025. Form DS–234 elicits information used to determine the eligibility of certain Iraqis and Afghan SIV recipients for refugee resettlement benefits. [Trump 2.0 ID #]"
,,TPS designation criteria policy,1,0.032787,DHS terminates Temporary Protected Status for Honduras,"[""U.S. Citizenship and Immigration Services""]","[""TPS""]",". for which a designation is in effect under this subsection and shall determine whether the conditions for such designation under this subsection continue to be met.” Id. at § 1254a(b)(3). If the Secretary finds that the conditions are no longer met, she “shall terminate the designation by publishing notice in the Federal Register of the determination.” Id. Termination is not effective “earlier than 60 days after the date the notice is published or, if later, the expiration of the most recent previous extension.” Id. If the conditions are still met, the Secretary may extend the designation “for an additional period of 6 months (or, in the discretion of the [Secretary], a period of 12 or 18 months).” Id. To qualify for TPS, an individual must meet certain criteria including having been “continuously physically present in the United States since the effective date of the most recent designation,” he or she must have “continuously resided in the United States since such date as the [Secretary] may designate,” he or she must timely register for TPS, and he or she must not have a disqualifying criminal record. Id. at § 1254a(c). An individual who has been convicted of any felony or 2 or more misdemeanors in the United States does not qualify for TPS. Id. at § Case 3:25-cv-05687-TLT Document 73 Filed 07/31/25 Page 8 of 37 9 1 2 3 4 5 6 7 8 9 10 11 12 13 14 15 16 17 18 19 20 21 22 23 24 25 26 27 28 United States District Court Northern District of California 1254a(c)(2)(B). Those who qualify for TPS are protected from removal and are granted work authorization."
,,TPS designation criteria policy,2,0.032258,ORR requires Director-level authorization of custodial releases of certain unaccompanied children,"[""Office of Refugee Resettlement""]","[""Detention"", ""Interior"", ""Minors""]","1.4.1 Least Restrictive Setting 1/27/15 Not Applicable 1.4.2 30 Day Restrictive Placement Case Review 1/27/15 6/12/17- Clarified use of the Placement Tool, and 30 day review process. Requires Supervisory FFS review of cases in secure placements for over 90 days. Clarified policy on how ORR investigates the veracity of criminal or violent history self-disclosed by a UAC. Revises criteria for stepups and step-downs. Allows for attorneys, LSPs, and child advocates to be given documents related to a UAC’s stepup/step-down without the need to file a case file request. 10/10/18 - Removed references to the FAST tool. Included language to specifically add RTCs to the 30 day restrictive placement review process. 1.4.3 Long Term Care 1/27/15 Not Applicable 1.4.4 Transfer to LongTerm Care 1/27/15 1/12/2024 - Adds instructions for children who are transferring to LTFC. 1.4.5 Group Transfers 1/27/15 4/22/16 - Added emergency event or natural disaster to list of criteria for group transfers. 1.4.6 RTC Placements 1/27/15 10/10/18 - Updated placement criteria for RTCs to specify the child must be a danger to self or others as determined by a licensed psychologist or psychiatrist. 1.4.7 Requesting Reconsideration of a Secure or RTC Placement Designation 6/12/17 Not Applicable 1.4.8 Transfers for Saravia Class Members 2/12/21 1.5 Placement Inquiries 1/27/15 Not Applicable 1.5.1 ORR National Call Center 1/27/15 10/6/23 — Added footnote describing additional functions of the ORR National Call Center as described in Sections 2.2.3, 2.8.4, 6.2.1, and 6.8.6."
,,TPS designation criteria policy,3,0.031498,"EO 14165 § 7(b) directs termination of ""categorical parole programs"" including CHNV Parole Processes","[""Customs and Border Protection"", ""U.S. Citizenship and Immigration Services"", ""Unspecified/Other""]","[""Unspecified/Other""]","101. Currently, Venezuelans who have continuously resided in the United States since July 31, 2024 (including some Venezuelans who received parole through CHNV) are eligible for TPS; approximately 33,600 CHNV parolees from Venezuela have been granted TPS. 102. On January 10, 2025, Secretary of Homeland Security Ali Mayorkas extended TPS for Venezuelans until October 2026, but on January 28, 2025, Secretary Noem purported to vacate that extension and then, on February 1, 2025, Secretary Noem decided to terminate one of the two TPS designations for Venezuelans. Secretary Noem’s February 1 decision was based on her conclusion that the continued presence of the approximately 350,000 Venezuelans with TPS under that designation is contrary to the national interest of the United States. DHS, Termination of the October 3, 2023 Designation of Venezuela for Temporary Protected Status, 90 Fed. Reg. 9040 (Feb. 5, 2025). Secretary Noem’s unprecedented vacatur of the TPS extension for Venezuelans is being separately litigated in multiple cases on the ground (among others) that the TPS statute does not authorize such actions. 103. Currently, Haitians who have continuously resided in the United States since June 3, 2024 (including some Haitians who received parole through CHNV) are eligible for TPS. In June 2024, Secretary Mayorkas extended TPS for Haitians until February 3, 2026, but on February Case 1:25-cv-10495 Document 1 Filed 02/28/25 Page 23 of 65 24 20, 2025, Secretary Noem again acted in an unprecedented fashion by purporting to reduce the time remaining for Haitian TPS by six months, such that it now expires on August 3, 2025."
,,TPS designation criteria policy,4,0.030550,HHS issues notice excluding undocumented immigrants from additional federal benefits,"[""Unspecified/Other""]","[""Unspecified/Other""]","§ 9836(c)(1). Each agency’s Case 2:25-cv-00781-RSM Document 78 Filed 07/15/25 Page 23 of 261 Case 2:25-cv-00781-RSM Document 103 Filed 08/19/25 Page 17 of 122 1 2 3 4 5 6 7 8 9 10 11 12 13 14 15 16 17 18 19 20 21 22 23 24 25 26 27 SECOND AMENDED COMPLAINT - 18 A.C.L.U. OF WASHINGTON 2:25-CV-00781-RSM PO BOX 2728 SEATTLE, WA 98111-2728 (206) 624-2184 Head Start program is “designat[ed] . . . for a period of [five] years for the planning, conduct, administration, and evaluation of a Head Start program.” 42 U.S.C. § 9833. 56. Each agency designated a Head Start agency can receive federal funds that cover at least 80 percent of the approved costs of the agency’s Head Start program. 42 U.S.C. § 9835(b). 57. During this five-year period, HHS renews each agency’s grant annually. This annual renewal is referred to as a “continuation grant” or “refunding.” As discussed infra Section I.B, agencies receive consistent updates and communication about the status of their grants from staff who are “Program Specialists” at the OHS. HHS must disburse continuation grants to agencies unless OHS has identified a performance issue that would justify termination. Agencies’ grant renewal deadlines are staggered in different months over the course of the year. 58. After a five-year designation period, agencies that maintain high performance are entitled to another five-year designation. Agencies that trigger performance-related criteria during their five-year designation are placed in the Designation Renewal System (“DRS”) and must compete with other agencies at the end of their designation period for another five-year designation."
,,TPS designation criteria policy,5,0.030536,"EOIR proposes revisions to Form EOIR-31A, Request for Accreditation of Non-Attorney Representative","[""Executive Office for Immigration Review""]","[""Unspecified/Other""]","Page 1 of 6 Form EOIR-31A Rev. Feb. 2020 U.S. Department of Justice Executive Office for Immigration Review Office of Policy Office of Legal Access Programs OMB#1125-0013 Request by Organization for Accreditation or Renewal of Accreditation of Non-Attorney Representative INSTRUCTIONS Purpose of Form Initial Accreditation The Department of Justice (DOJ), through the Executive Office for Immigration Review’s (EOIR) Recognition and Accreditation (R&A) Program, may authorize a non-attorney (“Accredited Representative”) to practice immigration law. Only a DOJ Recognized Organization (or an organization that is concurrently applying for DOJ Recognition on Form EOIR-31) may request accreditation on behalf of its proposed representative(s). At the direction of the Assistant Director for Policy, the Office of Legal Access Programs (OLAP) administers the R&A Program. To apply, the organization must submit this Form EOIR-31A with supporting documentation to OLAP for adjudication by the Assistant Director for Policy (or the Assistant Director for Policy’s delegate). An Accredited Representative must be an employee or volunteer of the organization and satisfy the eligibility criteria found at 8 C.F.R. § 1292.12. If approved, the Accredited Representative will be authorized to represent clients before the Department of Homeland Security (DHS) and, in some cases, EOIR’s immigration courts and Board of Immigration Appeals (BIA). Accreditation is tied to the Recognized Organization that submitted the application, so the Accredited Representative may only provide immigration legal services out of that Recognized Organization’s approved office(s)."
,,immigration fee waiver eligibility policy,1,0.032522,"POTUS issues Presidential Proclamation 9983, adding six new countries to Travel Ban","[""Customs and Border Protection"", ""U.S. Citizenship and Immigration Services"", ""Bureau of Consular Affairs""]","[""Unspecified/Other""]","9645 or 9983 and were determined not to qualify for a waiver before January 20, 2020, must submit a new visa application (DS-260) and pay a new visa application processing fee. IV applicants refused due to either P.P. 9645 or 9983 and whose eligibility for a waiver was still being evaluated, or who were determined not to qualify for a waiver within one year of January 20, 2021, and who also request their local embassy or consulate to resume processing on their case within one year of January 20, 2021 may be able to resume processing of their case without submitting a new application or paying a new visa application processing fee. Embassies and consulates will prioritize the adjudication of applications for those Rescission of Presidential Proclamations 9645 and 9983 https://travel.state.gov/content/travel/en/News/visas-news/rescission-... 2 of 3 1/31/21, 12:42 PM (DS-160) and pay a new visa application processing fee if they wish to reapply for a visa. Pursuant to President Biden’s proclamation, the Department can immediately process visa applications for individuals from the affected countries. Please note that the rescission of P.P.s 9645 and 9983 does not necessarily mean that your local U.S. embassy or consulate is able to immediately schedule all affected applicants for visa interviews. The resumption of routine visa services during the ongoing COVID-19 pandemic, prioritized after services to U.S. citizens, will occur on a post-by-post basis, consistent with the Department’s guidance for safely returning our workforce to Department facilities. U.S."
,,immigration fee waiver eligibility policy,2,0.031514,USCIS allows processing of H-2A petitions for unnamed beneficiaries prior to labor certification approval,[],[],"Answer all questions fully and accurately. If a question does not apply to you (for example, if you have never been married and the question asks, “Provide the name of your current spouse”), type or print “N/A” unless otherwise directed. If your answer to a question which requires a numeric response is zero or none (for example, “How many children do you have” or “How many times have you departed the United States”), type or print “None” unless otherwise directed. Reduced Fees For Small Employers and Non-Profits You may qualify for a reduced fee on this form and the associated asylum program fee if you: 1. Have 25 or fewer full-time equivalent employees in the United States, including any affiliates and subsidiaries; or Form I-129H2A Instructions 09/17/25 Page 3 of 12 • Reduced fee for form and asylum program fee. • Possible evidence to support eligibility for the reduced fees includes a copy of the petitioner’s most recent IRS Form 941, Employer’s Quarterly Federal Return or IRS Form 943, Employer’s Annual Tax Return for Agricultural Workers. 2. Are a not-for-profit primary or secondary educational institution, or institution of higher education, as defined in section 101(a) of the Higher Education Act of 1965, 20 U.S.C. 1001(a); tax exempt organization under the Internal Revenue Code of 1986, section 501(c)(3), 26 U.S.C. 501(c)(3); or a governmental research organization as defined under 8 CFR 214.2(h)(19)(iii)(C). • Reduced fee for form and no asylum program fee. • Possible evidence to support eligibility for the reduced fees includes the organization’s Determination Letter from the IRS or copy of a currently valid IRS tax exemption certificate."
,,immigration fee waiver eligibility policy,3,0.030798,"USCIS proposes changes to Form G-325A, Biographic Information (for Deferred Action)","[""U.S. Citizenship and Immigration Services""]","[""Unspecified/Other""]","Supporting evidence is not required, but USCIS will accept and review any documentation submitted. You do not need to include other household members’ financial information to establish economic necessity. NOTE: You are also required to provide the applicable filing fee when requesting employment authorization, with the exception of those requesting employment authorization based on a grant of SIJ deferred action. A request for employment authorization for those with SIJ deferred action is fee exempt. Requesting employment authorization upon a grant of deferred action using the Form G-325A is an alternative to submitting a separate Form I-765, Application for Employment Authorization, under the (c)(14) employment authorization category and subject to the General Filing fee category. If you would like to submit a fee waiver request for the employment authorization, you may file Form I-912, Request for Fee Waiver, with this application. Instructions are available at: www.uscis.gov/i-912. Failure to submit the appropriate fee or a fee waiver request could result in USCIS denying your request for employment authorization. Part 4. Social Security Card If you select “Yes” in Part 3. Employment Authorization, Item Number 1., you must complete Item Numbers 1. – 3. You must have a Social Security Number (SSN) properly assigned in your name to work in the United States. However, you are not 7 required to request a social security card using this request. If you want a Social Security Card, follow the instructions below."
,,immigration fee waiver eligibility policy,4,0.030777,"POTUS issues Presidential Proclamation, removing Chad from Travel Ban","[""Bureau of Consular Affairs""]","[""Visitor"", ""Unspecified/Other""]","2. Resumption of Visa Processing and Clearing the Backlog of Cases in Waiver Processing. (a) The Secretary of State shall direct all Embassies and Consulates, consistent with applicable law and visa processing procedures, including any related to coronavirus disease 2019 (COVID-19), to resume visa processing in a manner consistent with the revocation of the Executive Order and Proclamations speciﬁed in section 1 of this proclamation. (b) Within 45 days of the date of this proclamation, the Secretary of State shall provide to the President a report that includes the following elements: (i) The number of visa applicants who were being considered for a waiver of restrictions under Proclamation 9645 or 9983 on the date of this proclamation and a plan for expeditiously adjudicating their pending visa applications. (ii) A proposal to ensure that individuals whose immigrant visa applications were denied on the basis of the suspension and restriction on entry imposed by Proclamation 9645 or 9983 may have their applications reconsidered. This proposal shall consider whether to reopen immigrant visa applications that were denied due to the suspension and restriction on entry imposed by Proclamation 9645 or 9983, whether it is necessary to charge an additional fee to process those visa applications, and development of a plan for the Department of State to expedite consideration of those visa applications. (iii) A plan to ensure that visa applicants are not prejudiced as a result of a previous visa denial due to the suspension and restriction on entry imposed by Proclamation 9645 or 9983 if they choose to re-apply for a visa."
,,immigration fee waiver eligibility policy,5,0.030478,"EO 14165 § 7(b) directs termination of ""categorical parole programs"" including CHNV Parole Processes","[""Customs and Border Protection"", ""U.S. Citizenship and Immigration Services"", ""Unspecified/Other""]","[""Unspecified/Other""]","DHS retains its discretion to commence enforcement action against any alien at any time, including during the 30-day waiting period created by this notice. Id. at 13618.6 The FRN stated that terminating the CHNV programs and existing grants of parole under CHNV was consistent with the President’s executive orders, including Executive Order 14165. See id. at 13611. According to the FRN, the CHNV programs “do not serve a significant public benefit, are not necessary to reduce levels of illegal immigration, did not sufficiently mitigate the domestic effects of illegal immigration, are not serving their intended purposes, and are inconsistent with the Administration’s foreign policy goals.” Id. at 13612.7 The FRN further that “a parolee remains an applicant for admission during the period of parole in the United States.” Termination of Parole Processes for Cubans, Haitians, Nicaraguans, and Venezuelans, 90 Fed. Reg. 13611, 13618 (Mar. 25, 2025). 6 The FRN further stated that “DHS intends to prioritize for removal those who (1) have not, prior to the publication of this notice, properly filed an immigration benefit request, with appropriate fee (or fee waiver request, if available) to obtain a lawful basis to remain in the United States (e.g., adjustment of status, asylum, Temporary Protected Status, or T or U nonimmigrant status) and (2) are not the beneficiary of an immigration benefit request properly filed by someone else on their behalf (e.g., petition for alien relative, fiancé petition, petition for immigrant employee), with appropriate fee (or fee waiver request, if available).” Id."
,,adjustment of status eligibility rules,1,0.032787,EOIR issues guidance on adjustment of status eligibility for certain Liberians under the NDAA,"[""Unspecified/Other"", ""Executive Office for Immigration Review""]","[""Unspecified/Other""]","Although it is a novel provision of immigration law to direct the Secretary to cancel an order issued by an immigration judge or the Board and further guidance on the precise implementation of that section may be forthcoming, immigration judges and the Board should expeditiously adjudicate any joint motions to reopen such orders filed by an alien and DHS following the approval of an application under NDAA § 7611. III. Aliens Currently in Exclusion, Deportation, or Removal Proceedings At the immigration court level, non-detained3 cases involving aliens currently in proceedings who (1) have established prima facie eligibility for adjustment of status pursuant to NDAA §§ 761 l(b)(l)-(3) and (c)(l)-(2), (2) have submitted an application to DHS for such adjustment of status and provided proof of such submission, (3) have no other pending applications before the immigration judge, other than an alternative request for voluntary departure, and (4) have appropriately been granted a continuance by an immigration judge to await the adjudication of that application should be placed on a status docket, if the relevant court utilizes one, consistent with PM 19-3, Use of Status Dockets (Aug. 16, 2019). An alien's eligibility for adjustment of status under the provisions of the NDAA ""shall not preclude the alien from seeking a..'ly status under any other ·provision of law for which the alien may otherwise be eligible."" Id. § 761 l(i)(2). Thus, for aliens currently in proceedings who have other applications for status ( e.g."
,,adjustment of status eligibility rules,2,0.032258,USCIS updates policy on applying discretion in adjudications,[],[],"[^ 60] For definitions of public safety and national security concerns, see Updated Guidance for the Referral of Cases and Issuance of Notices to Appear (NTAs) in Cases Involving Inadmissible and Deportable Aliens (PDF), PM-602-0050.1, issued June 28, 2018. [^ 61] The oﬀicer should not go behind the record of conviction to reassess an alien’s ultimate guilt or innocence, but rather inquire into the circumstances surrounding the commission of the crime in order to determine whether a favorable exercise of discretion is warranted. See Matter of Edwards (PDF), 20 I&N Dec. 191, 197 (BIA 1990). [^ 62] USCIS considers findings of juvenile delinquency on a case-by-case basis, based on the totality of the evidence, to determine whether a favorable exercise of discretion is warranted. Therefore, an adjustment applicant must disclose all arrests and charges. If any arrest or charge was disposed of as a matter of juvenile delinquency, the applicant must include the court or other public record that establishes this disposition. See Volume 7, Adjustment of Status, Part A, Adjustment of Status Policies and Procedures, Chapter 4, Documentation, Section A, Initial Evidence, Subsection 7, Certified Copies of Arrest Records and Court Dispositions [7 USCIS-PM A.4(A)(7)]. For more information, see Volume 7, Adjustment of Status, Part B, 245(a) Adjustment [7 USCIS-PM B] and Part F, Special Immigrant-Based (EB-4) Adjustment, Chapter 7, Special Immigrant Juveniles, Section C, Eligibility Requirements, Subsection 4, Admissibility and Waiver Requirements [7 USCIS-PM F.7(C)(4)]."
,,adjustment of status eligibility rules,3,0.030798,EOIR and USCIS issue communicable-disease security bars to asylum and withholding eligibility,"[""Customs and Border Protection"", ""U.S. Citizenship and Immigration Services"", ""Unspecified/Other"", ""Executive Office for Immigration Review""]","[""Asylum, Withholding and CAT""]","6/14/2021 https://www.reginfo.gov/public/do/eAgendaViewRule?pubId=202104&RIN=1615-AC69&operation=OPERATION_PRINT_RULE https://www.reginfo.gov/public/do/eAgendaViewRule?pubId=202104&RIN=1615-AC69&operation=OPERATION_PRINT_RULE 1/1 RIN Data DHS/USCIS RIN: 1615-AC69 Publication ID: Spring 2021 Title: ●Bars to Asylum Eligibility and Procedures Abstract: In 2020, the Department of Homeland Security and Department of Justice (collectively, the Departments) published final rules amending their respective regulations governing bars to asylum eligibility and procedures, including the Procedures for Asylum and Bars to Asylum Eligibility, (RINs 1125-AA87 and 1116-AC41), 85 FR 67202 (Oct. 21, 2020), Asylum Eligibility and Procedural Modifications, (RINs 1125-AA91 and 1615AC44), 85 FR 82260 (Dec. 17, 2020) and Security Bars and Processing, (RINs 1125-AB08 and 1615-AC57), 85 FR 84160, (Dec. 23, 2020) final rules. The Departments propose to modify or rescind the regulatory changes promulgated in these three final rules consistent with Executive Order 14010 (Feb. 2, 2021). Agency: Department of Homeland Security(DHS) Priority: Other Significant RIN Status: First time published in the Unified Agenda Agenda Stage of Rulemaking: Proposed Rule Stage Major: Undetermined Unfunded Mandates: No CFR Citation: 8 CFR 208 8 CFR 235 8 CFR 1003 8 CFR 1208 8 CFR 1235 Legal Authority: Homeland Security Act of 2002, Pub. L. 107-296, 116 Stat. 2135, sec. 1102, as amended 8 U.S.C. 1103(a)(1) 8 U.S.C. 1103(a)(3) 8 U.S.C."
,,adjustment of status eligibility rules,4,0.030579,USCIS issues final rule on public charge inadmissibility grounds,"[""U.S. Citizenship and Immigration Services""]","[""Unspecified/Other"", ""Unspecified/Other""]","51114 Federal Register / Vol. 83, No. 196 / Wednesday, October 10, 2018 / Proposed Rules DEPARTMENT OF HOMELAND SECURITY 8 CFR Parts 103, 212, 213, 214, 245 and 248 [CIS No. 2499–10; DHS Docket No. USCIS– 2010–0012] RIN 1615–AA22 Inadmissibility on Public Charge Grounds AGENCY: U.S. Citizenship and Immigration Services, DHS. ACTION: Notice of proposed rulemaking. SUMMARY: The U.S. Department of Homeland Security (DHS) proposes to prescribe how it determines whether an alien is inadmissible to the United States under section 212(a)(4) of the Immigration and Nationality Act (INA) because he or she is likely at any time to become a public charge. Aliens who seek adjustment of status or a visa, or who are applicants for admission, must establish that they are not likely at any time to become a public charge, unless Congress has expressly exempted them from this ground of inadmissibility or has otherwise permitted them to seek a waiver of inadmissibility. Moreover, DHS proposes to require all aliens seeking an extension of stay or change of status to demonstrate that they have not received, are not currently receiving, nor are likely to receive, public benefits as defined in the proposed rule. DHS proposes to define ‘‘public charge’’ as the term is used in sections 212(a)(4) of the Act. DHS also proposes to define the types of public benefits that are considered in public charge inadmissibility determinations. DHS would consider an alien’s receipt of public benefits when such receipt is above the applicable threshold(s) proposed by DHS, either in terms of dollar value or duration of receipt."
,,adjustment of status eligibility rules,5,0.030303,HHS issues notice excluding undocumented immigrants from additional federal benefits,"[""Unspecified/Other""]","[""Unspecified/Other""]","175. “[T]he critical feature of interpretive rules is that they are issued by an agency to advise the public of the agency’s construction of the statutes and rules which it administers. The absence of a notice-and-comment obligation makes the process of issuing interpretive rules comparatively easier for agencies than issuing legislative rules. But that convenience comes at a price: Interpretive rules do not have the force and effect of law and are not accorded that weight in the adjudicatory process.” Perez v. Mortg. Bankers Ass’n, 575 U.S. 92, 96–97 (2015). 176. By contrast, “a substantive rule” is “one affecting individual rights and obligations” such that it “may be binding or have the force of law.” Chrysler Corp. v. Brown, 441 U.S. 281, 302 (1979) (internal quotation omitted). And “a rule which ‘effect[s] a change in existing law or policy’ Case 1:25-cv-00345 Document 1 Filed 07/21/25 Page 36 of 50 PageID #: 36 37 is legislative.” Nat’l Fam. Plan. & Reprod. Health Ass’n, Inc. v. Sullivan, 979 F.2d 227, 237 (D.C. Cir. 1992) (quoting Powderly v. Schweiker, 704 F.2d 1092, 1098 (9th Cir. 1983)). 177. These PRWORA Notices fundamentally change eligibility requirements for federally funded programs providing services to millions of residents of Plaintiff States. Indeed, Defendant HHS admits not only that it is reversing its prior eligibility guidelines, but that the effect of the Notice will be “that numerous unqualified aliens will no longer receive benefits under Federally funded programs.” And HHS concedes that the Notice “may result in an annual effect on the economy of $100 million or more,” making it a “major rule” under 5 U.S.C."
,,immigrant visa backlog policy updates,1,0.032522,"POTUS issues Presidential Proclamation, removing Chad from Travel Ban","[""Bureau of Consular Affairs""]","[""Visitor"", ""Unspecified/Other""]","2. Resumption of Visa Processing and Clearing the Backlog of Cases in Waiver Processing. (a) The Secretary of State shall direct all Embassies and Consulates, consistent with applicable law and visa processing procedures, including any related to coronavirus disease 2019 (COVID-19), to resume visa processing in a manner consistent with the revocation of the Executive Order and Proclamations speciﬁed in section 1 of this proclamation. (b) Within 45 days of the date of this proclamation, the Secretary of State shall provide to the President a report that includes the following elements: (i) The number of visa applicants who were being considered for a waiver of restrictions under Proclamation 9645 or 9983 on the date of this proclamation and a plan for expeditiously adjudicating their pending visa applications. (ii) A proposal to ensure that individuals whose immigrant visa applications were denied on the basis of the suspension and restriction on entry imposed by Proclamation 9645 or 9983 may have their applications reconsidered. This proposal shall consider whether to reopen immigrant visa applications that were denied due to the suspension and restriction on entry imposed by Proclamation 9645 or 9983, whether it is necessary to charge an additional fee to process those visa applications, and development of a plan for the Department of State to expedite consideration of those visa applications. (iii) A plan to ensure that visa applicants are not prejudiced as a result of a previous visa denial due to the suspension and restriction on entry imposed by Proclamation 9645 or 9983 if they choose to re-apply for a visa."
,,immigrant visa backlog policy updates,2,0.032002,"POTUS issues Presidential Proclamation 9983, adding six new countries to Travel Ban","[""Customs and Border Protection"", ""U.S. Citizenship and Immigration Services"", ""Bureau of Consular Affairs""]","[""Unspecified/Other""]","2. Resumption of Visa Processing and Clearing the Backlog of Cases in Waiver Processing. (a) The Secretary of State shall direct all Embassies and Consulates, consistent with applicable law and visa processing procedures, including any related to coronavirus disease 2019 (COVID-19), to resume visa processing in a manner consistent with the revocation of the Executive Order and Proclamations speciﬁed in section 1 of this proclamation. (b) Within 45 days of the date of this proclamation, the Secretary of State shall provide to the President a report that includes the following elements: (i) The number of visa applicants who were being considered for a waiver of restrictions under Proclamation 9645 or 9983 on the date of this proclamation and a plan for expeditiously adjudicating their pending visa applications. (ii) A proposal to ensure that individuals whose immigrant visa applications were denied on the basis of the suspension and restriction on entry imposed by Proclamation 9645 or 9983 may have their applications reconsidered. This proposal shall consider whether to reopen immigrant visa applications that were denied due to the suspension and restriction on entry imposed by Proclamation 9645 or 9983, whether it is necessary to charge an additional fee to process those visa applications, and development of a plan for the Department of State to expedite consideration of those visa applications. (iii) A plan to ensure that visa applicants are not prejudiced as a result of a previous visa denial due to the suspension and restriction on entry imposed by Proclamation 9645 or 9983 if they choose to re-apply for a visa."
,,immigrant visa backlog policy updates,3,0.031498,"POTUS issues EO 13780, extending travel ban and instructing agencies to enhance screening of certain foreign nationals","[""Customs and Border Protection"", ""U.S. Citizenship and Immigration Services"", ""Bureau of Consular Affairs""]","[""Unspecified/Other""]","2. Resumption of Visa Processing and Clearing the Backlog of Cases in Waiver Processing. (a) The Secretary of State shall direct all Embassies and Consulates, consistent with applicable law and visa processing procedures, including any related to coronavirus disease 2019 (COVID-19), to resume visa processing in a manner consistent with the revocation of the Executive Order and Proclamations speciﬁed in section 1 of this proclamation. (b) Within 45 days of the date of this proclamation, the Secretary of State shall provide to the President a report that includes the following elements: (i) The number of visa applicants who were being considered for a waiver of restrictions under Proclamation 9645 or 9983 on the date of this proclamation and a plan for expeditiously adjudicating their pending visa applications. (ii) A proposal to ensure that individuals whose immigrant visa applications were denied on the basis of the suspension and restriction on entry imposed by Proclamation 9645 or 9983 may have their applications reconsidered. This proposal shall consider whether to reopen immigrant visa applications that were denied due to the suspension and restriction on entry imposed by Proclamation 9645 or 9983, whether it is necessary to charge an additional fee to process those visa applications, and development of a plan for the Department of State to expedite consideration of those visa applications. (iii) A plan to ensure that visa applicants are not prejudiced as a result of a previous visa denial due to the suspension and restriction on entry imposed by Proclamation 9645 or 9983 if they choose to re-apply for a visa."
,,immigrant visa backlog policy updates,4,0.030077,USCIS updates policy on applying discretion in adjudications,[],[],"Where denying the benefit request is appropriate, the oﬀicer should generally include in the denial letter his or her determination on all eligibility requirements, including but not limited to discretionary grounds, if applicable, so that the reasons for the ultimate denial are clearly reflected in the record. Lack of Negative Factors A person’s threshold eligibility for the benefit sought is generally also a positive factor. Therefore, absent any negative factors, USCIS ordinarily exercises discretion positively. Generally, if there are no negative factors to weigh against that positive factor, denial of the benefit would be an inappropriate use of discretion. C. Adjudicating Discretionary Benefits When adjudicating a discretionary benefit, the oﬀicer should first determine whether the requestor meets all threshold eligibility requirements. For example, in adjudicating an application for adjustment of status under INA 245(a), the oﬀicer should first determine: Whether the applicant was inspected and admitted or paroled or has an approved petition as a VAWA self-petitioner; [38] [39] [40] [41] [42] Chapter 8 - Discretionary Analysis | USCIS https://www.uscis.gov/policy-manual/volume-1-part-e-chapter-8 5 of 18 11/13/20, 11:20 AM Is eligible to receive an immigrant visa; Is admissible to the United States for permanent residence; and Has an immigrant visa immediately available to him or her at the time he or she files the adjustment application. If the oﬀicer finds that the requestor does not meet the eligibility requirements but may be eligible for a waiver, exemption, or other form of relief, the oﬀicer should determine whether the requestor qualifies for a waiver, exemption, or other form of relief."
,,immigrant visa backlog policy updates,5,0.028778,"DOS proposes revisions to Form DS-234, Special Immigrant Visa Biodata","[""Unspecified/Other""]","[""Special Immigrant""]","DOS announces proposed revisions to Form DS-234, Special Immigrant Visa Biodata Form and provides a 60-day comment period ending on July 29, 2025. Form DS–234 elicits information used to determine the eligibility of certain Iraqis and Afghan SIV recipients for refugee resettlement benefits. [Trump 2.0 ID #]"
,,changes to H1B lottery selection process rule,1,0.031778,DOS implements $1 fee for Diversity Visa Lottery,"[""Bureau of Consular Affairs"", ""Unspecified/Other""]","[""Diversity""]","The Department of State (DOS) issued a final rule establishing a $1 fee to enter the Diversity Visa Lottery. Previously, there was no cost. The new fee will take effect on October 16, 2025, and will be payable at registration. The $1 fee is in addition to a $330 application fee paid by lottery winners who apply for a Diversity Visa. DOS predicts that the new fee will bring in $25 million annually. Trump 2.0 [#1988]"
,,changes to H1B lottery selection process rule,2,0.031054,"EO 14165 § 7(b) directs termination of ""categorical parole programs"" including CHNV Parole Processes","[""Customs and Border Protection"", ""U.S. Citizenship and Immigration Services"", ""Unspecified/Other""]","[""Unspecified/Other""]","The Putative Class Representatives seek certification of a class (the “Plaintiff Class”) consisting of: a) All individuals with pending applications to sponsor a beneficiary for any humanitarian parole process, including but not limited to CHNV, U4U, FRP, OAW, and CAM, which applications are subject to the January 20 Huffman memo and subsequent actions by Defendants to pause or otherwise terminate the processing of such applications (the “Sponsor Subclass”); b) All individuals who have received humanitarian parole through the CHNV, U4U, FRP, and OAW parole processes with any pending applications for any additional immigration benefit, which applications are subject to the “administrative hold” set out in the February 14 Davidson memorandum, the January Higgins Directive, and Case 1:25-cv-10495 Document 1 Filed 02/28/25 Page 53 of 65 54 other subsequent actions by Defendants to pause or otherwise terminate the processing of such applications (the “Immigration Benefits Subclass”). 202. This action meets all of the Rule 23(a) prerequisites for maintaining a class action. 203. The Plaintiff Class is so numerous that joinder is impracticable, satisfying Rule 23(a)(1). The demand for to sponsor beneficiaries through the U4U and CHNV parole processes has been high; USCIS received over 120,000 sponsorship applications for U4U, and more than 1.5 million sponsorship applications for CHNV parole, in just the first four or five months that the processes were made available. Although U4U has no monthly cap on the number of applications that can be granted, only a maximum of 30,000 CHNV applications can be granted each month, which is why USCIS eventually adopted a lottery system to process some CHNV applications, rather than processing them all on a first-come-first-served basis."
,,changes to H1B lottery selection process rule,3,0.031025,EOIR and USCIS issue communicable-disease security bars to asylum and withholding eligibility,"[""Customs and Border Protection"", ""U.S. Citizenship and Immigration Services"", ""Unspecified/Other"", ""Executive Office for Immigration Review""]","[""Asylum, Withholding and CAT""]","EOIR and USCIS issue final rule adding public health-related bars to asylum eligibility. The final rule implements three changes: - Expands the ""danger to the security of the United States"" bar to asylum eligibility to include public-health crises (""emergency public health concerns generated by a communicable disease""); - Provides for ""streamlining screening for potential eligibility for deferral of removal in the expedited removal process"" for noncitizens determined ineligible for asylum based on the third country transit rule; and - Authorizes DHS to place noncitizens found ineligible for asylum or withholding under the third country transit rule or under the ""danger to the security of the United States"" bar into asylum-and-withholding only proceedings, or to remove such individuals to a third country. The rule was signed by Chad Mizelle, Senior Official Performing the Duties of the General Counsel, on behalf of Acting Secretary Wolf, and by EOIR Director James McHenry. [ID #983]"
,,changes to H1B lottery selection process rule,4,0.030550,USCIS allows processing of H-2A petitions for unnamed beneficiaries prior to labor certification approval,[],[],"47507 1 As of March 1, 2003, in accordance with section 1517 of Title XV of the Homeland Security Act of 2002 (HSA), Public Law 107–296, 116 Stat. 2135, any reference to the Attorney General in a provision Continued nomination cycle. If a handler handles cherries in more than one district, that handler may select in which district he or she wishes to participate in the nominations and election process and shall notify the Secretary or the Board of such selection. A handler may not participate in the nominations process in one district and the elections process in a second district in the same election cycle. If a person is a grower and a grower-handler only because some or all of his or her cherries were custom packed, but he or she does not own or lease and operate a processing facility, such person may vote only as a grower. For the duration of a handler’s term on the Board, the sales constituency affiliation for said handler will be the affiliation at the time of nomination. * * * * * (7) After the appointment of the initial Board, the Secretary or the Board shall announce at least 180 days in advance when a Board member’s term is expiring and shall solicit nominations for that position in the manner described in this section. Nominations for such position should be submitted to the Secretary or the Board not less than 60 days prior to the expiration of such term. (c) * * * (3) * * * (ii) To be seated as a handler representative in any district, the successful candidate must receive the support of handler(s) that handled a combined total of no less than five percent (5%) of the previous three-year average production handled in the district; Provided, that this paragraph shall not apply if its application would result in a sales constituency conflict as provided in § 930.20(i)."
,,changes to H1B lottery selection process rule,5,0.028595,USCIS issues final rule on public charge inadmissibility grounds,"[""U.S. Citizenship and Immigration Services""]","[""Unspecified/Other"", ""Unspecified/Other""]","Public Charge USCIS is no longer applying the August 2019 Public Charge Final Rule. As a consequence, among other changes, USCIS will apply the public charge inadmissibility statute consistent with the 1999 Interim Field Guidance. In other words, USCIS is not considering an applicant’s receipt of Medicaid (except for long-term institutionalization at the government’s expense), public housing, or Supplemental Nutrition Assistance Program (SNAP) benefits as part of the public charge inadmissibility determination. Background On Nov. 2, 2020, the U.S. District Court for the Northern District of Illinois vacated the Inadmissibility on Public Charge Grounds final rule (84 Fed. Reg. 41,292 (Aug. 14, 2019)), as amended by Inadmissibility on Public Charge Grounds; Correction, 84 Fed. Reg. 52,357 (Oct. 2, 2019) (Public Charge Final Rule) nationwide. That decision was stayed by the U.S. Court of Appeals for the Seventh Circuit. On March 9, 2021, the Seventh Circuit lifted its stay and the U.S. District Court for the Northern District of Illinois’ order vacating the Public Charge Final Rule went into effect. When the vacatur went into effect, USCIS immediately stopped applying the Public Charge Final Rule to all pending applications and petitions that would have been subject to the rule. USCIS continues to apply the public charge inadmissibility statute, including consideration of the statutory minimum factors in the totality of the circumstances, in accordance with the 1999 Interim Field Guidance that was in place before the Public Charge Final Rule was implemented."
,,USCIS public charge inadmissibility policy guidance updates,1,0.032787,USCIS issues final rule on public charge inadmissibility grounds,"[""U.S. Citizenship and Immigration Services""]","[""Unspecified/Other"", ""Unspecified/Other""]","The public charge inadmissibility ground and the Final Rule reflect Congress’ longstanding national immigration policy that aliens seeking to come to or remain in the United States are self-sufficient and will not rely on public benefits, as defined in the Final Rule. The accompanying Policy Manual guidance, contained in Volumes 2, 8, and 12, incorporates the Final Rule and replaces the previous guidance found in Chapters 40.4 and 61.1 of the Adjudicator’s Field Manual (AFM), and related appendices.4 The new guidance contained in the Policy Manual is controlling and supersedes any prior guidance on the topic. The new guidance is effective as of February 24, 2020, and applies to all applications and petitions postmarked on or after February 24, 2020.5 1 See 84 FR 41292 (Aug. 14, 2019). 2 See INA 212(a)(4). 3 See DHS v. New York, 589 U.S. __ (2020). 4 USCIS is also making minor technical updates in other Policy Manual parts consistent with this update. 5 For applications and petitions that are sent by commercial courier (for example, UPS, FedEx, or DHL), the postmark date is the date reflected on the courier receipt. This new policy guidance does not apply to applicants or petitioners in the State of Illinois whose cases will be adjudicated under prior policy, including the 1999 Interim Field Guidance, 64 FR 28689 (Mar. 26, 1999), and AFM 61.1. For additional information, see Public Charge Inadmissibility www.uscis.gov PA-2020-04: Public Charge Ground of Inadmissibility Page: 2 USCIS will not consider the application for, certification or approval to receive, or receipt of certain previously excluded non-cash public benefits (such as SNAP, most forms of Medicaid, and public housing) before February 24, 2020."
,,USCIS public charge inadmissibility policy guidance updates,2,0.032258,USCIS updates policy on applying discretion in adjudications,[],[],"For benefits involving discretion, a discretionary analysis is a separate component of the adjudication of the benefit request; it is typically assessed at the end of the review, after an officer has determined that the requestor meets all other applicable eligibility requirements.3 This guidance, contained in Volumes 1 and 10 of the Policy Manual, incorporates and replaces Chapter 10.15 of the Adjudicator’s Field Manual (AFM), as well as the AFM’s related appendices, and related policy memoranda.4 The guidance contained in the Policy Manual is controlling and supersedes any related prior guidance on the topic. 1 See “Proclamation Suspending Entry of Aliens Who Present a Risk to the U.S. Labor Market Following the Coronavirus Outbreak.” 2 See INA 291. 3 See, for example, INA 245(a): “The status of an alien who was inspected and admitted or paroled into the United States . . . may be adjusted by the Attorney General, in his discretion and under such regulations as he may prescribe, to that of an alien lawfully admitted for permanent residence if . . . .” 4 USCIS is also making minor technical updates in other Policy Manual parts consistent with this update. AILA Doc. No. 20071531. (Posted 7/15/20) www.uscis.gov PA-2020-10: Applying Discretion in USCIS Adjudications Page: 2 Policy Highlights • Provides an overview and general goals of the discretionary analysis, including the appropriate scope of discretion. • Provides non-exhaustive lists of discretionary factors that officers should consider on a case­ by-case basis."
,,USCIS public charge inadmissibility policy guidance updates,3,0.031498,USCIS issues guidance on derogatory information unknown to the benefit requestor,"[""U.S. Citizenship and Immigration Services""]","[""Unspecified/Other"", ""Unspecified/Other"", ""Unspecified/Other""]","USCIS, which caused USCIS to review its method of disclosure and consider situations where USCIS may release copies of source documents containing derogatory information.2 However, USCIS may not be able to release source documents or disclose detailed descriptions of all information due to informationsharing limitations, such as classified information, information subject to agreements with agencies that own the information, and information protected by confidentiality and privacy laws. Therefore, USCIS is now updating policy guidance to explain its approach to disclosing derogatory information and promote consistency across operations. This guidance, contained in Volume 1 of the Policy Manual, is effective immediately and applies to benefit requests pending or filed on or after the publication date. The guidance contained in the Policy Manual is controlling and supersedes any related prior guidance. 1 See 8 CFR 103.2(b)(16)(i). 2 See Zerezghi v. USCIS, 955 F.3d 802, 810 (9th Cir. 2020). Zerezghi provided that USCIS should provide the petitioner with “specific, rebuttable details” or the “underlying document” when USCIS intends to deny a Petition for Alien Relative (Form I-130) based on derogatory information of which the petitioner is unaware. PA-2025-09: Derogatory Information Unknown to the Benefit Requestor Page: 2 Policy Highlights • Explains that when USCIS intends to make an adverse decision based on derogatory information of which a benefit requestor appears to be unaware, USCIS generally discloses the information in a detailed description, if permissible."
,,USCIS public charge inadmissibility policy guidance updates,4,0.029469,"EO 14165 § 6 directs DHS, DOS, and DOJ to resume the Migrant Protection Protocols","[""Unspecified/Other"", ""Unspecified/Other"", ""Unspecified/Other""]","[""Border"", ""Asylum, Withholding and CAT""]","2020). Previously retained counsel were permitted to participate in non-refoulement interviews conducted at Immigration Hearing Facilities (IHFs) in Laredo and Brownsville as of December 2019 and within the Ninth Circuit in January 2020. Supplemental guidance issued in December 2020 expanded this access to counsel to all MPP locations and required DHS to ensure the ability of retained counsel to participate telephonically in USCIS’ MPP non-refoulement assessments, but only “where it does not delay the interview, or is required by court order.” Supplemental Policy Guidance for Implementation of the Migrant Protection Protocols, supra note 30, at 1-2. 15 Fourth, in practice, there were multiple challenges and inconsistencies in the implementation of non-refoulement screenings. The Red Team Report emphasized the need for standard operating procedures to ensure consistency and address problems such as the use of a “pre-screening process” by CBP personnel at some locations that “preempt[ed] or prevent[ed]” USCIS from ever having cases referred for a determination.65 The report additionally noted that some CBP officials “pressure[d] USCIS to arrive at negative outcomes when interviewing migrants on their claim of fear of persecution or torture.”66 Moreover, throughout the use of MPP, more than 2,500 individuals raised fear claims at multiple points in this process, leading to multiple screenings for those individuals during the pendency of their cases.67 These kinds of unproductive, redundant screenings are a drain on resources that may be more likely to occur in MPP as individuals are returned to Mexico multiple times over the pendency of a single removal proceeding, often to unsafe conditions."
,,USCIS public charge inadmissibility policy guidance updates,5,0.029010,ORR requires Director-level authorization of custodial releases of certain unaccompanied children,"[""Office of Refugee Resettlement""]","[""Detention"", ""Interior"", ""Minors""]","3.4.1 Health Care Eligibility & General Standards 5/11/15 Posted Date: 1/8/2024; Effective Date: 1/15/2024 - Updates to address Medicaid and CHIP eligibility for classes of children, and the process by which care providers should enroll eligible children for Medicaid and CHIP benefits. 3.4.2 Initial Medical and Dental Examinations and Follow-up Care 1/24/16 1/24/16 - Updates to reflect current practices; no changes to actual services Posted Date: 1/8/2024; Effective Date: 1/15/2024 - Updates to dental policies to align with UC MAP provisions. 3.4.3 Requests for Healthcare Services, including Serious 8/4/21 8/4/2021 — Added reference to the Policy Memorandum: Medical Services Requiring Heightened ORR Involvement. Medical Services Requiring Heightened ORR Involvement Posted Date: 1/8/2024; Effective Date: 1/15/2024 - Updates regarding response times for non-emergency medical concerns from 24-48 hours to conducting triage within two hours and steps for completing te Serious Medical Procedure Request form. 3.4.4 Medication Administration & Management 5/11/15 9/12/15 - Removed requirement that care providers must report all medication errors to ORR. 3.4.5 Responding to Medical Emergencies 5/11/15 8/4/2021 — Added reference to the Policy Memorandum: Medical Services Requiring Heightened ORR Involvement. 08/02/23 - Updated definition of Medical Emergency 3.4.6 Management of Communicable Diseases 5/11/15 Not Applicable 3.4.7 Maintaining Health Care Records & Confidentiality 5/11/15 8/4/2021 — Added reference to the Policy Memorandum: Medical Services Requiring Heightened ORR Involvement."
,,changes to premium processing eligibility expansion,1,0.031545,HHS issues final rule making DACA recipients ineligible for ACA health coverage,"[""Unspecified/Other""]","[""DACA""]","Colorado provides premium and cost-sharing subsidies to individuals earning up to 300 percent of the Federal poverty level (FPL) who are otherwise ineligible for Federal premium subsidies, including undocumented individuals. Under New York’s section 1332 waiver, some immigrants with household incomes up to 200 percent of FPL, including DACA recipients, will be eligible for coverage under the State’s Essential Plan (EP) Expansion plan. Beginning August 1, 2024 DACA recipients with incomes up to 250 percent of FPL will also be eligible for coverage under the State’s EP Expansion. For more information on the Colorado, Washington, and New York section 1332 waivers, see https://www.cms.gov/marketplace/ states/section-1332-state-innovation-waivers. 3 42 U.S.C. 18032(f)(3). 4 26 U.S.C. 36B(e)(2). 5 42 U.S.C. 18082(d). 6 42 U.S.C. 18071(e). 7 42 U.S.C. 18051(e). 8 42 U.S.C. 18001(d)(1). 9 42 U.S.C. 18032(f)(3), 42 U.S.C. 18071(e)(2). 10 42 U.S.C. 18081(c)(2)(B). 11 42 CFR. § 600.5. 12 45 CFR 155.305(f)(1)(ii)(A) and (g)(1)(i)(A). DEPARTMENT OF HEALTH AND HUMAN SERVICES Centers for Medicare & Medicaid Services 42 CFR Parts 435, 457, and 600 Office of the Secretary 45 CFR Parts 152 and 155 [CMS–9894–F] RIN 0938–AV23 Clarifying the Eligibility of Deferred Action for Childhood Arrivals (DACA) Recipients and Certain Other Noncitizens for a Qualified Health Plan through an Exchange, Advance Payments of the Premium Tax Credit, Cost-Sharing Reductions, and a Basic Health Program AGENCY: Centers for Medicare & Medicaid Services (CMS), Department of Health and Human Services (HHS)."
,,changes to premium processing eligibility expansion,2,0.031498,ORR requires Director-level authorization of custodial releases of certain unaccompanied children,"[""Office of Refugee Resettlement""]","[""Detention"", ""Interior"", ""Minors""]","If there are no safety concerns, providers may conduct subsequent engagements either in-person or virtually, but must complete an in-person home visit at least two times before case closure. For engagements that are required to be in-person, PRS providers may request approval on a case-by-case basis from ORR to conduct the engagement virtually in the event of exceptional circumstances where conducting the engagement virtually would be in the best interest of the child. 10/6/23, Effective 1/1/24 — Updated to reflect PRS expansion. Renamed the section from “Levels of Post Release Services.” Updated guidance and moved into Sections 6.2 PRS Service Provision Policies, 6.2.3 Assessments, 6.4 Level Two (2) PRS — Case Management Services, and 6.5 Level Three (3) PRS — Intensive In-Home Engagements. 6.2.2 Prioritization of Services 9/11/17 10/6/23, Effective 1/1/24 — Updated to reflect PRS expansion. Renamed the section from “Post Release Service Areas.” Updated service areas and moved to Sections 6.2.5-6.2.13. Incorporated reporting guidance into Sections 6.3-6.6 and 6.8 Records and Reporting. 6.2.3 Assessments 9/5/18 10/6/23, Effective 1/1/24 — Updated to reflect PRS expansion. Renamed the section from “Timeframe for Post Release Services.” Incorporated timeframe guidance into Sections 6.3-6.6. 6.2.4 Assessing Risk and Protective Factors in Children 7/12/16 10/6/23, Effective 1/1/24 — Updated to reflect PRS expansion. Renamed the section from “Post Release Service Providers: Case Reporting.” Incorporated reporting guidance into Section 6.8 Records and Reporting."
,,changes to premium processing eligibility expansion,3,0.031099,HHS issues notice excluding undocumented immigrants from additional federal benefits,"[""Unspecified/Other""]","[""Unspecified/Other""]","48 at 42.) The Court sees four main types of irreparable harm: (1) harm arising from the incompatibility between verification requirements and emergency services; (2) harm arising to the individuals whose access to programs are cut-off based on an unlawful expansion of PRWORA; (3) harm arising from the immediate nature of the Notices; (4) harm arising from the costs of compliance. Each is sufficient. First, the States make a compelling argument that the PRWORA verification program is not fundamentally compatible with the emergency services offered by many of the now-covered programs, constituting a form of irreparable harm. Recall, for instance, the declarations cited at the start of the opinion. See ECF No. 4-46 ¶ 38 (“Worse still, the population served primarily by PATH funding, which includes a Case 1:25-cv-00345-MSM-PAS Document 64 Filed 09/10/25 Page 49 of 60 PageID #: 1772 50 significant portion of unhoused individuals (including veterans, victims of domestic violence, and individuals with chronic health disorders), are highly unlikely to have access to documentation now necessary to prove their eligibility as of July 14, 2025.”); No. 4-55 ¶ 14 (“People going to access a soup kitchen or a food bank would have to produce I.D. to get inside, regardless of immigration status. The result is that fewer people will get critical anti-poverty resources due to immigrant communities avoiding services but also because, generally, people living in poverty may at times lack government identification.”); No."
,,changes to premium processing eligibility expansion,4,0.029643,EOIR and USCIS issue communicable-disease security bars to asylum and withholding eligibility,"[""Customs and Border Protection"", ""U.S. Citizenship and Immigration Services"", ""Unspecified/Other"", ""Executive Office for Immigration Review""]","[""Asylum, Withholding and CAT""]","6/14/2021 https://www.reginfo.gov/public/do/eAgendaViewRule?pubId=202104&RIN=1615-AC69&operation=OPERATION_PRINT_RULE https://www.reginfo.gov/public/do/eAgendaViewRule?pubId=202104&RIN=1615-AC69&operation=OPERATION_PRINT_RULE 1/1 RIN Data DHS/USCIS RIN: 1615-AC69 Publication ID: Spring 2021 Title: ●Bars to Asylum Eligibility and Procedures Abstract: In 2020, the Department of Homeland Security and Department of Justice (collectively, the Departments) published final rules amending their respective regulations governing bars to asylum eligibility and procedures, including the Procedures for Asylum and Bars to Asylum Eligibility, (RINs 1125-AA87 and 1116-AC41), 85 FR 67202 (Oct. 21, 2020), Asylum Eligibility and Procedural Modifications, (RINs 1125-AA91 and 1615AC44), 85 FR 82260 (Dec. 17, 2020) and Security Bars and Processing, (RINs 1125-AB08 and 1615-AC57), 85 FR 84160, (Dec. 23, 2020) final rules. The Departments propose to modify or rescind the regulatory changes promulgated in these three final rules consistent with Executive Order 14010 (Feb. 2, 2021). Agency: Department of Homeland Security(DHS) Priority: Other Significant RIN Status: First time published in the Unified Agenda Agenda Stage of Rulemaking: Proposed Rule Stage Major: Undetermined Unfunded Mandates: No CFR Citation: 8 CFR 208 8 CFR 235 8 CFR 1003 8 CFR 1208 8 CFR 1235 Legal Authority: Homeland Security Act of 2002, Pub. L. 107-296, 116 Stat. 2135, sec. 1102, as amended 8 U.S.C. 1103(a)(1) 8 U.S.C. 1103(a)(3) 8 U.S.C."
,,changes to premium processing eligibility expansion,5,0.028850,"DOS proposes revisions to Form DS-2019, Certificate of Eligibility for J-1 Status","[""Bureau of Consular Affairs""]","[""Visitor""]","DOS announces that the following information collection has been submitted to OMB for review and approval and that a 30-day notice and comment period has been provided on proposed revisions to Form DS-2019, Certificate of Eligibility for Exchange Visitor (J-1) Status. Comments are due Nov. 25, 2020. Minor changes have been made to the wording in the 212(e) section entitled Signature of Responsible Officer or Alternate Responsible Officer. This form is used by potential Exchange Visitor Program participants to request J-visas at U.S. Embassies and Consulates abroad [ID #1126]"
,,consular processing shutdown and reopening policy timeline,1,0.031498,Asylum seekers given less time to prepare for credible fear interviews,"[""U.S. Citizenship and Immigration Services""]","[""Asylum, Withholding and CAT""]","REPORTING TO YOU Immigrant Asylum-Seekers May Get Less Time To Prepare Their Cases Under A New Trump Administration Rule Critics say it's just the latest Trump administration attempt to make the process of applying for asylum harder for immigrants. By Hamed Aleaziz Posted on July 9, 2019, at 2:51 p.m. ET Families seeing asylum slip through through the US–Mexico border fence. Megan Jelinger / Sipa USA via AP The Trump administration is attempting to speed up initial screenings of immigrants seeking asylum, a move that advocates say will give immigrants less time to prepare for their interviews or recover from dangerous journeys. Immigrant Asylum-Seekers May Get Less Time To Prepare Asylum ofﬁcers have had to wait at least 48 hours after an immigrant has been detained for crossing into the US to interview them and hear their case. However, under a new directive implemented by US Citizenship and Immigration Services Acting Director Ken Cuccinelli, that window has been reduced to one calendar day, according to a policy change released to staffers on Monday and obtained by BuzzFeed News. The policy is also the latest in a string of maneuvers pushed by the Trump administration — and Cuccinelli — that advocates believe is aimed at restricting asylum. “This is another way to limit the process — that will lead to fewer positive credible fear interviews, more deportations,” said Ur Jaddou, a former chief counsel at USCIS. “This goes right along with his mistaken view that he is there to limit the number of people that obtain a beneﬁt and remove people beyond his authority.” Agency ofﬁcials, however, said the new policy was an attempt to reduce a signiﬁcant portion of the processing timeline and make the system move more efﬁciently as the administration deals with record numbers of families crossing the border."
,,consular processing shutdown and reopening policy timeline,2,0.030777,"EO 14165 § 7(b) directs termination of ""categorical parole programs"" including CHNV Parole Processes","[""Customs and Border Protection"", ""U.S. Citizenship and Immigration Services"", ""Unspecified/Other""]","[""Unspecified/Other""]","8 The Federal Register Notice stated that parolees may apply for re-parole, which would be adjudicated and may be approved on a case-by-case basis, by filing Form I-131 and “must demonstrate urgent humanitarian reasons or significant public benefit specific to his or her case and that he or she merits a favorable exercise of discretion for parole[.]” Termination of Family Reunification Parole Processes, 90 Fed. Reg. at 58043. Case 1:25-cv-10495-IT Document 258 Filed 01/25/26 Page 6 of 42 7 Id. The Federal Register Notice acknowledged further that the programs sought to promote family unity by providing a faster pathway for United States citizens and lawful permanent residents to reunite with family members while awaiting availability of their immigrant visas. Id. DHS acknowledged “that aliens paroled into the United States under the FRP programs may have been able to reunite with family members in the United States.” Id. DHS concluded, however, that “that national security and fraud concerns, and the current Administration’s priorities outweigh[ed] those interests” and supported termination. Id. As to national security, the Federal Register Notice compared the FRP Programs’ vetting process to that of individuals pursuing lawful permanent resident status through consular processing. Id. In the latter case, applicants’ consular processing requires “an in-person interview outside the United States, and submission of various documents to establish the necessary family relationship with the petitioner[,]” while still outside of the United States."
,,consular processing shutdown and reopening policy timeline,3,0.030415,State Department orders resettlement agencies to stop funded work supporting refugees currently in the U.S.,"[""Unspecified/Other""]","[""Refugees"", ""Unspecified/Other""]","Provide reporting to the Court (in accordance with the reporting timeline outlined below—i.e., three days after the deadline for compliance) regarding the total number of these individuals and the timeline for their admission. Given that the Government has already begun to admit some Injunction-Protected Refugees, such admissions should proceed immediately and with haste. g. Develop a comprehensive plan, including a detailed timeline, to renew the travel clearances, including security and medical authorizations, of all Injunction-Protected Refugees whose clearances have lapsed since January 20. This comprehensive plan may include a combination of measures, including: extending existing clearances where possible; arranging new screening appointments where formal extensions are not possible; authorizing applicants to arrange their own medical screenings; and facilitating expedited treatment from security vetting agencies. The Government must submit this plan to the Court in accordance with the reporting timeline outlined below (i.e., three days after the deadline for compliance). Case 2:25-cv-00255-JNW Document 119 Filed 05/05/25 Page 8 of 14 COMPLIANCE FRAMEWORK ORDER - 9 1 2 3 4 5 6 7 8 9 10 11 12 13 14 15 16 17 18 19 20 21 22 23 (2) The Government must take the following measures within FOURTEEN (14) days of this Order: a. Notify all Injunction-Protected Refugees of this Order and that the Government will resume processing their cases in accordance with this Order. b. Restore funding to RSCs as needed to ensure that the cases of all Injunction-Protected Refugees can be processed."
,,consular processing shutdown and reopening policy timeline,4,0.030310,"EO 14165 § 6 directs DHS, DOS, and DOJ to resume the Migrant Protection Protocols","[""Unspecified/Other"", ""Unspecified/Other"", ""Unspecified/Other""]","[""Border"", ""Asylum, Withholding and CAT""]","See 8 C.F.R. §§ 1003.2(a), 1003.23(b)(1) (2020).2 However, sua sponte reopening is appropriate only in cases presenting “truly exceptional situations.” Matter of G-D-, 22 I&N Dec. 1132, 1134 (BIA 1999). Nothing in this memorandum replaces the independent judgment and discretion of appellate immigration judges and immigration judges. 8 C.F.R. §§ 1003.1(d)(1)(ii), 1003.10(b). Further, this memorandum does not mandate a particular outcome in any particular case or determination as part of a case. 2 The final rule that limited this sua sponte authority has been enjoined and is not in effect. See Centro De La Raza v. EOIR, 21-cv-463 (N.D. Cal.); Cath. Legal Immigr. Network, Inc. v. EOIR, 21-cv-94 (D. D.C.)."
,,consular processing shutdown and reopening policy timeline,5,0.029907,State Department issues final rule implementing Adoptive Family Relief Act,"[""Unspecified/Other""]","[""Minors"", ""Unspecified/Other""]","(Consular offices designated to issue immigrant visas are listed periodically in Visa Office Bulletins published at www.travel.state.gov by the Department of State.) A consular officer assigned to duty in the territory of a country against which the sanctions provided in INA 243(d) have been invoked must not issue an immigrant visa to an alien who is a national, citizen, subject, or resident of that country, unless the officer has been informed that the sanction has been waived by DHS in the case of an individual alien or a specified class of aliens. (b) Immigrant visa fees. The Secretary of State prescribes a fee for the processing of immigrant visa applications. An individual registered for immigrant visa processing at a post designated for this purpose by the Deputy Assistant Secretary for Visa Services must pay the processing fee upon being notified that a visa is expected to become available in the near future and being requested to obtain the supporting documentation needed to apply formally for a visa. A fee collected for the processing of an immigrant visa application is refundable only if the principal officer of a post or the officer in charge of a consular section determines that the application was not adjudicated as a result of action by the U. S. Government over which the alien had no control and for which the alien was not responsible, that precluded the applicant from benefiting from the processing. [67 FR 38893, June 6, 2002] § 42.72 Validity of visas. (a) Period of validity."
,,visa bulletin retrogression policy explanation,1,0.031025,"POTUS issues EO 13780, extending travel ban and instructing agencies to enhance screening of certain foreign nationals","[""Customs and Border Protection"", ""U.S. Citizenship and Immigration Services"", ""Bureau of Consular Affairs""]","[""Unspecified/Other""]","Presidential Documents 13209 Federal Register Vol. 82, No. 45 Thursday, March 9, 2017 Title 3— The President Executive Order 13780 of March 6, 2017 Protecting the Nation From Foreign Terrorist Entry Into the United States By the authority vested in me as President by the Constitution and the laws of the United States of America, including the Immigration and Nationality Act (INA), 8 U.S.C. 1101 et seq., and section 301 of title 3, United States Code, and to protect the Nation from terrorist activities by foreign nationals admitted to the United States, it is hereby ordered as follows: Section 1. Policy and Purpose. (a) It is the policy of the United States to protect its citizens from terrorist attacks, including those committed by foreign nationals. The screening and vetting protocols and procedures associated with the visa-issuance process and the United States Refugee Admissions Program (USRAP) play a crucial role in detecting foreign nationals who may commit, aid, or support acts of terrorism and in preventing those individuals from entering the United States. It is therefore the policy of the United States to improve the screening and vetting protocols and procedures associated with the visa-issuance process and the USRAP. (b) On January 27, 2017, to implement this policy, I issued Executive Order 13769 (Protecting the Nation from Foreign Terrorist Entry into the United States). (i) Among other actions, Executive Order 13769 suspended for 90 days the entry of certain aliens from seven countries: Iran, Iraq, Libya, Somalia, Sudan, Syria, and Yemen."
,,visa bulletin retrogression policy explanation,2,0.030622,"State Department Announces Visa Restrictions for Foreign Officials and Others ""Facilitating Illegal Migration""","[""Bureau of Consular Affairs"", ""Unspecified/Other""]","[""Unspecified/Other"", ""Unspecified/Other""]","This visa restriction policy is pursuant to Section 212(a)(3)(C) of the Immigration and Nationality Act, which Home > O!ce of the Spokesperson > Press Releases > Announcement of a Visa Restriction Policy Targeting Foreign O""cials and Others Facilitating Illegal Migration into the United States PRESS STATEMENT MARCO RUBIO, SECRETARY OF STATE MARCH 5, 2025 Announcement of a Visa Restriction Policy Targeting Foreign Officials and Others Facilitating Illegal Migration into the United States An o""cial website of the United States Government Here's how you know      ✉ POLICY ISSUES COUNTRIES & AREAS BUREAUS & OFFICES ABOUT search Newsroom Business Employees Job Seekers Students Travelers Visas White House USA.govO!ce of the Inspector General ArchivesContact Us FOLLOW US Privacy Policy Accessibility Statement Copyright Information FOIA No FEAR Act      ✉ authorizes the Secretary of State to render inadmissible any alien whose entry into the Unites States “would have potentially serious adverse foreign policy consequences for the United States.” Certain family members may also be covered by these restrictions. Bureau of Consular A!airs O""ce of the Spokesperson The Secretary of State TAGS"
,,visa bulletin retrogression policy explanation,3,0.030579,"EO 14165 § 7(b) directs termination of ""categorical parole programs"" including CHNV Parole Processes","[""Customs and Border Protection"", ""U.S. Citizenship and Immigration Services"", ""Unspecified/Other""]","[""Unspecified/Other""]","3d at 338. We disagree. As explained forthwith, we conclude that Plaintiffs have not made a strong showing that they are likely to succeed in demonstrating that the Secretary's action was arbitrary and capricious because she provided a reasoned explanation for terminating grants of parole under the CHNV programs. The APA mandates ""an executive agency's exercise of discretion be reasonable and reasonably explained."" Biden, 597 U.S. at 815 (Kavanaugh, J., concurring). The change-in-position doctrine -- which applies when the agency is changing its existing policy -- is relevant in assessing DHS's action. ""Under that doctrine, agencies are free to change their existing policies as long as they provide a reasoned explanation for the change, display awareness that they are changing position, and consider serious Case: 25-1384 Document: 00118339877 Page: 32 Date Filed: 09/12/2025 Entry ID: 6750605 - 33 - reliance interests."" FDA v. Wages & White Lion Invs., LLC, 145 S. Ct. 898, 917 (2025) (citation modified). To satisfy the requirement that it provide reasoned explanation for its action, ""the agency must show that there are good reasons for the new policy."" FCC v. Fox Television Stations, Inc., 556 U.S. 502, 515 (2009). The Supreme Court has clarified that the agency ""need not demonstrate to a court's satisfaction that the reasons for the new policy are better than the reasons for the old one."" Id. Rather, ""it suffices that the new policy is permissible under the statute, that there are good reasons for it, and that the agency believes it to be better, which the conscious change of course adequately indicates."" Id."
,,visa bulletin retrogression policy explanation,4,0.029907,"POTUS issues Presidential Proclamation, removing Chad from Travel Ban","[""Bureau of Consular Affairs""]","[""Visitor"", ""Unspecified/Other""]","(b) The initial report required under subsection (a) of this section shall be submitted within 180 days of the date of this proclamation; the second report shall be submitted within 270 days of the first report; and reports shall be submitted annually thereaxer. (c) The agency heads identified in subsection (a) of this section shall coordinate any policy developments associated with the reports described in subsection (a) of this section through the appropriate Assistants to the President. Sec. 6. Enforcement. (a) The Secretary of State and the Secretary of Homeland Security shall consult with appropriate domestic and international partners, including countries and organizations, to ensure ewicient, ewective, and appropriate implementation of this proclamation. (b) In implementing this proclamation, the Secretary of State and the Secretary of Homeland Security shall comply with all applicable laws and regulations, including those that provide an opportunity for individuals to enter the United States on the basis of a credible claim of fear of persecution or torture. (c) No immigrant or nonimmigrant visa issued before the applicable ewective date under section 7 of this proclamation shall be revoked pursuant to this proclamation. (d) Any individual whose visa was marked revoked or marked canceled as a result of Executive Order 13769 of January 27, 2017 (Protecting the Nation from Foreign Terrorist Entry into the United States), shall be entitled to a travel document confirming that the individual is permitted to travel to the United States and seek entry under the terms and conditions of the"
,,visa bulletin retrogression policy explanation,5,0.029324,"DOS proposes rule ending ""B-1 in lieu of H"" policy","[""Bureau of Consular Affairs""]","[""Employment-Based"", ""Visitor""]","DOS issues a notice of proposed rulemaking that would eliminate B-1 visas for certain individuals classifiable as H-1B or H-3 nonimmigrants. Currently, certain persons classifiable as H-1B or H-3 nonimmigrants can instead receive a B-1 visa, referred to as the ""B-1 in lieu of H"" policy. DOS asserts that the change will provide ""greater clarity regarding the Department's policy and interpretation of the law"" and better align the issuance of visas with their intended purposes. [ID #1101]"
,,changes to employment based green card quotas,1,0.031545,"USCIS proposes changes to Form G-325A, Biographic Information (for Deferred Action)","[""U.S. Citizenship and Immigration Services""]","[""Unspecified/Other""]","USCIS issued a notice and request for comments on proposed changes to Form G-325A, “Biographic Information (for Deferred Action),” which is used to request deferred action (other than deferred action relating to DACA, VAWA self-petitions, and A-3, G-5, T, and U nonimmigrant status). Among other things, USCIS proposes eliminating the ""Labor Investigation-Based,"" (commonly known as Deferred Action for Labor Enforcement), ""Special Immigrant Juvenile,"" and ""Statelessness"" deferred action categories. The revisions would also remove the ability for applicants to request an employment authorization and Social Security card through the form. Comments are due July 28, 2025. Trump 2.0 [ID #1783]"
,,changes to employment based green card quotas,2,0.031010,DHS Ends Automatic Extension of Employment Authorization Documents,"[""U.S. Citizenship and Immigration Services""]","[""Employment Verification"", ""Unspecified/Other""]","U.S. Citizenship and Immigration Services (USCIS) issued an interim final rule (IFR) to end the automatic 540-day extension under 8 C.F.R § 274a.13 of Form I-766 employment authorization documents (EADs) that were timely filed. Applications filed before October 30, 2025, will still receive the automatic extension. This policy applies to refugees, asylees, green-card applicants, and noncitizens applying for or granted withholding of removal, among others. The IFR does not affect automatic extension of EADs for Temporary Protected Status (TPS) beneficiaries under Immigration and Nationality Act (INA) § 244 or the validity of EADs that were automatically extended prior to October 30 or which are otherwise automatically extended by law or Federal Register notice. USCIS states the change aims to strengthen vetting and security checks, including more background checks and biometric data collection. USCIS acknowledges that this change could leave some individuals temporarily out of work. USCIS asserts that this action is consistent with EO 14159 § 16's directive to DHS to take all appropriate action to ensure EADs are issued consistent with Immigration and Nationality Act (INA) § 274A and EADs are not issued to unauthorized noncitizens. Public comments must be received on or before December 1, 2025. Trump 2.0 [ID #2037]"
,,changes to employment based green card quotas,3,0.030798,"DOJ sues Illinois over ""Right to Privacy in the Workplace Act"" amendments","[""Unspecified/Other""]","[""Employment Verification""]","§ 1324a(1)(B), (b). This verification requirement is the source of the all-too-familiar Form I-9 employment verification form. As a prerequisite to employment, all prospective employees must complete a Form I-9 that attests to their citizenship, immigration status, and identity as established by documents such as a passport, social security card, Case: 1:25-cv-04811 Document #: 37 Filed: 08/19/25 Page 4 of 17 PageID #:365 5 or driver’s license. Id. § 1324a(b). Employers must then verify that the prospective employee is eligible for employment based on this documentation and representations on the I-9 form. Id. In 1996, to assist employers in meeting their legal obligation to verify the employment eligibility of their employees, Congress established what is now known as the “E-Verify” program. See Illegal Immigration Reform and Immigrant Responsibility Act (“IIRIRA”) §§ 401-405, Pub. L. 104-208, Div. C, Title IV, Subtitle A, 110 Stat., §§ 3009-655 through 3009-666, codified as a note to 8 U.S.C. § 1324a. E-Verify is a voluntary program that enables employers to compare the information on an employee’s Form I-9 with federal government records through an online system managed by the Department of Homeland Security. Id. § 403. If the employee’s Form I-9 information and federal government records do not match, E-Verify sends the employer a “tentative nonconfirmation notice.” Id. The employer is then required to notify the employee that they received a tentative nonconfirmation and afford the employee the right to contest the notice."
,,changes to employment based green card quotas,4,0.030214,DHS terminates Temporary Protected Status for Honduras,"[""U.S. Citizenship and Immigration Services""]","[""TPS""]","government officials. Some also live in fear of leaving the house, speaking their native language, or disclosing their nationality due to the racist targeting of non-white migrants. Harm to Plaintiffs 138. Plaintiff National TPS Alliance has over 1,000 Honduran, Nepali, and Nicaraguan TPS holder members. These members are anxious and desperate. If the United States will not allow them to stay, they do not know where they will go or what they will do. Among them: a) R.A. is 26 years old and a native of Nepal. She currently works as a labor and delivery nurse at a hospital in Austin, Texas. She specializes in caring for patients with high-risk pregnancies, and her employer has filed paperwork to sponsor her for a green card based on her specialized training and skills. However, R.A. must maintain lawful status and work authorization while her application is pending in order to be approved for her green card. As TPS is her only form of work authorization and immigration status, she is at risk of losing both her current status as well as the opportunity to obtain her green card. R.A. has lived in the United States since she was 16 years old, graduating from high school, community college, and nursing school. At the height of the COVID pandemic, prior to the availability of any vaccines, she was a front-line worker at a hospital, screening patients for possible COVID infections and escorting them to quarantine units. R.A.’s mother also resides in the United States and is a TPS holder."
,,changes to employment based green card quotas,5,0.029214,DOL proposes new collection form for employers seeking to employ H-2B nonimmigrant workers,"[""Unspecified/Other""]","[""Unspecified/Other""]","On December 15, 2022, DHS and DOL jointly published a TFR authorizing an increase of up to 64,716 additional H-2B visas for the entirety of FY 2023. As in the FY 2022 TFRs, the additional visas were available only to employers that attested they were suffering or would suffer impending irreparable harm without the additional workers. The 64,716 additional visas included 44,716 reserved for returning workers from one of the last three fiscal years (FY 2020, 2021, or 2022), which were distributed in several allocations based on date of employer need: 18,216 for employers with requested employment start dates on or before March 31, 2023; 16,500 for employers with requested employment start dates from April 1, 2023, to May 14, 2023 (early second half allocation); and 10,000 for employers with requested employment start dates from May 15, 2023, to Sept. 30, 2023 (late second half allocation). The remaining 20,000 visas were available for the entirety of FY 2023, and were set aside for nationals of El Salvador, Guatemala, Honduras, and Haiti, who were exempt from the returning worker requirement. On November 17, 2023, DHS and DOL jointly published a TFR authorizing an increase of up to 64,716 additional H-2B visas for the entirety of FY 2024. As in the FY 2023 TFR, the additional visas were available only to employers that attested they were suffering or would suffer impending irreparable harm without the additional workers. The 64,716 additional visas included 44,716 reserved for returning workers from one of the last three fiscal years (FY 2021, 2022, or 2023), which were distributed in several allocations based on date of employer need: 20,716 for employers with requested employment start dates on or before March 31, 2024; 19,000 for employers with requested employment start dates from April 1, 2024, to May 14, 2024 (early second half allocation); and 5,000 for employers with requested employment start dates from May 15, 2024, to September 30, 2024 (late second half allocation)."
,,USCIS policy manual updates on adjustment of status,1,0.032522,USCIS updates policy on applying discretion in adjudications,[],[],"For benefits involving discretion, a discretionary analysis is a separate component of the adjudication of the benefit request; it is typically assessed at the end of the review, after an officer has determined that the requestor meets all other applicable eligibility requirements.3 This guidance, contained in Volumes 1 and 10 of the Policy Manual, incorporates and replaces Chapter 10.15 of the Adjudicator’s Field Manual (AFM), as well as the AFM’s related appendices, and related policy memoranda.4 The guidance contained in the Policy Manual is controlling and supersedes any related prior guidance on the topic. 1 See “Proclamation Suspending Entry of Aliens Who Present a Risk to the U.S. Labor Market Following the Coronavirus Outbreak.” 2 See INA 291. 3 See, for example, INA 245(a): “The status of an alien who was inspected and admitted or paroled into the United States . . . may be adjusted by the Attorney General, in his discretion and under such regulations as he may prescribe, to that of an alien lawfully admitted for permanent residence if . . . .” 4 USCIS is also making minor technical updates in other Policy Manual parts consistent with this update. AILA Doc. No. 20071531. (Posted 7/15/20) www.uscis.gov PA-2020-10: Applying Discretion in USCIS Adjudications Page: 2 Policy Highlights • Provides an overview and general goals of the discretionary analysis, including the appropriate scope of discretion. • Provides non-exhaustive lists of discretionary factors that officers should consider on a case­ by-case basis."
,,USCIS policy manual updates on adjustment of status,2,0.032018,USCIS issues final rule on public charge inadmissibility grounds,"[""U.S. Citizenship and Immigration Services""]","[""Unspecified/Other"", ""Unspecified/Other""]","U.S. Department of Homeland Security U.S. Citizenship and Immigration Services www.uscis.gov U.S. Citizenship and Immigration Services Office of the Director Camp Springs, MD 20588-0009 July 20, 2023 PA-2023-20 Policy Alert SUBJECT: Incorporating Guidance on Applicability of the Public Charge Ground of Inadmissibility Purpose U.S. Citizenship and Immigration Services (USCIS) is updating the USCIS Policy Manual to help applicants for adjustment of status more easily identify whether they are subject to the public charge ground of inadmissibility under section 212(a)(4) of the Immigration and Nationality Act (INA). Background Under INA 212(a)(4), an applicant for a visa, admission, or adjustment of status who is likely at any time to become a public charge, is inadmissible. The public charge ground of inadmissibility applies to such applicants unless they are exempt from this ground. This update does not change USCIS policy, rather it incorporates information from the related appendices1 in Part G of Volume 8 of the Policy Manual into the guidance under Chapter 3 (Applicability) to help applicants for adjustment of status more easily identify whether the public charge ground of inadmissibility applies to a specific adjustment of status category. Additional information about the public charge ground of inadmissibility also remains available on the USCIS Public Charge Resources webpage. This guidance, contained in Volume 8 of the Policy Manual, is controlling and supersedes any related prior guidance on the topic."
,,USCIS policy manual updates on adjustment of status,3,0.031498,USCIS waives COVID-19 vaccination requirement for Adjustment of Status applicants,"[""U.S. Citizenship and Immigration Services""]","[""Unspecified/Other""]","Home > Newsroom > All News > Alerts > USCIS Waives COVID-19 Vaccination Requirement for Adjustment of Status Applicants USCIS Waives COVID-19 Vaccination Requirement for Adjustment of Status Applicants Release Date : 01/22/2025 Effective Jan. 22, 2025, USCIS is waiving any and all requirements that applicants for adjustment of status to that of a lawful permanent resident present documentation on their Form I-693, Report of Immigration Medical Examination and Vaccination Record, that they received the COVID-19 vaccination. USCIS will not issue any Request for Evidence or Notice of Intent to Deny related to proving a COVID-19 vaccination. USCIS will not deny any adjustment of status application based on the applicant’s failure to present documentation that they received the COVID-19 vaccination. Last Reviewed/Updated: 01/22/2025 MENU 1/23/25, 5:41 PM USCIS Waives COVID-19 Vaccination Requirement for Adjustment of Status Applicants | USCIS https://www.uscis.gov/newsroom/alerts/uscis-waives-covid-19-vaccination-requirement-for-adjustment-of-status-applicants 1/1"
,,USCIS policy manual updates on adjustment of status,4,0.030090,USCIS issues guidance on derogatory information unknown to the benefit requestor,"[""U.S. Citizenship and Immigration Services""]","[""Unspecified/Other"", ""Unspecified/Other"", ""Unspecified/Other""]","USCIS, which caused USCIS to review its method of disclosure and consider situations where USCIS may release copies of source documents containing derogatory information.2 However, USCIS may not be able to release source documents or disclose detailed descriptions of all information due to informationsharing limitations, such as classified information, information subject to agreements with agencies that own the information, and information protected by confidentiality and privacy laws. Therefore, USCIS is now updating policy guidance to explain its approach to disclosing derogatory information and promote consistency across operations. This guidance, contained in Volume 1 of the Policy Manual, is effective immediately and applies to benefit requests pending or filed on or after the publication date. The guidance contained in the Policy Manual is controlling and supersedes any related prior guidance. 1 See 8 CFR 103.2(b)(16)(i). 2 See Zerezghi v. USCIS, 955 F.3d 802, 810 (9th Cir. 2020). Zerezghi provided that USCIS should provide the petitioner with “specific, rebuttable details” or the “underlying document” when USCIS intends to deny a Petition for Alien Relative (Form I-130) based on derogatory information of which the petitioner is unaware. PA-2025-09: Derogatory Information Unknown to the Benefit Requestor Page: 2 Policy Highlights • Explains that when USCIS intends to make an adverse decision based on derogatory information of which a benefit requestor appears to be unaware, USCIS generally discloses the information in a detailed description, if permissible."
,,USCIS policy manual updates on adjustment of status,5,0.030077,"USCIS provides new edition of Form N-644, Application for Posthumous Citizenship","[""U.S. Citizenship and Immigration Services""]","[""Naturalization""]","12/1/2020 Forms Updates | USCIS https://www.uscis.gov/forms/forms-updates 1/3 Home > Forms > Forms Updates Forms Updates This page lists updates to forms as we publish them, along with a brief explanation of the nature of the update. For forms updates older than five years, see our Archive. Subscribe to get notifications of forms updates: Get Updates by Email Email Address Enter your email address e.g. name@email.com Submit Update to Form I-905, Application for Authorization to Issue Certification for Health Care Workers. New Edition Dated 11/10/20. November 30, 2020 Edition Date: 11/10/20. We will also accept the 10/30/11 and 02/11/14 editions. You can find the edition date at the bottom of the page on the form and instructions. Update to Form N-644, Application for Posthumous Citizenship. New Edition Dated 11/10/20. November 30, 2020 Edition Date: 11/10/20. We will also accept the 08/05/15 edition. You can find the edition date at the bottom of the page on the form and instructions. Search by content Search USCIS Response to Coronavirus 2019 (COVID-19) AILA Doc. No. 20011661. (Posted 12/1/20) 12/1/2020 Forms Updates | USCIS https://www.uscis.gov/forms/forms-updates 2/3 Update to Form I-865, Sponsor's Notice of Change of Address. New Edition Dated 11/10/20. November 30, 2020 Edition Date: 11/10/20. We will also accept the 07/17/15 edition. You can find the edition date at the bottom of the page on the form and instructions. Update to Form I-360, Petition for Amerasian, Widow(er), or Special Immigrant."
,,changes to STEM OPT extension rules,1,0.030310,"EOIR issues guidance on Pereira v. Sessions, announcing changes in NTA filings and case scheduling","[""Customs and Border Protection"", ""Immigration and Customs Enforcement"", ""U.S. Citizenship and Immigration Services"", ""Executive Office for Immigration Review""]","[""Unspecified/Other""]","(emphasis added). Both clues confirm what common sense suggests: IIRIRA requires the agency to give an alien time-and-place information in her NTA, and then let her know if that information changes. The agency cannot opt out of the timeand-place requirement and then cure any deficiencies by providing that information—for the first time—in a document reserved to communicate “the new time or place” of proceedings “in the case of any change or postponement.” Id. § 1229(a)(2)(A). Ordinary usage illustrates the meaning of the text in context.11 Any reasonable reader would understand paragraph 10 Paragraph (1) already requires “[t]he time.” 8 U.S.C. § 1229(a)(1)(G)(i). 11 The statutory history discussed in Section I.A solidifies our understanding. As outlined, the government could serve an “order to show cause” without time-and-place information before IIRIRA. See 43 Fed. Reg. at 36,239 (stating that time-and-place information “may be stated in the order [to show cause] or may be later specified” (emphasis added)); 8 U.S.C. § 1252b(a)(2)(A) (1994) (stating that time-and-place 20 (2)’s use of “change” to mean a change from something to a different something—not from nothing to something. Cf. In re Brewer, 863 F.3d 861, 876 (D.C. Cir. 2017) (“Ex nihilo nihil fit.”); William Shakespeare, King Lear, act 1, sc. 1 (Bernhard Tauchnitz 1868) (“Nothing will come of nothing.”). Examples abound. No reasonable diner would expect to get seating for two by calling a restaurant to “change” a reservation he never made."
,,changes to STEM OPT extension rules,2,0.030282,DHS terminates Temporary Protected Status for Honduras,"[""U.S. Citizenship and Immigration Services""]","[""TPS""]","1 2 3 4 5 6 7 8 9 10 11 12 13 14 15 16 17 18 19 20 21 22 23 24 25 26 27 28 United States District Court Northern District of California UNITED STATES DISTRICT COURT NORTHERN DISTRICT OF CALIFORNIA NATIONAL TPS ALLIANCE, et al., Plaintiffs, v. KRISTI NOEM, et al., Defendants. Case No. 25-cv-05687-TLT ORDER GRANTING PLAINTIFFS’ MOTION TO POSTPONE Re: ECF 17 The freedom to live fearlessly, the opportunity of liberty, and the American dream. That is all Plaintiffs seek. Instead, they are told to atone for their race, leave because of their names, and purify their blood. The Court disagrees. Pending before the Court is Plaintiffs’ motion to postpone effective date of agency action. ECF 17. Defendants filed an opposition on July 14, 2025. ECF 45. Plaintiffs filed a reply on July 18, 2025. ECF 53. The Court heard oral argument on July 29, 2025. Having considered the parties’ briefs, the relevant legal authority, oral argument, and for the reasons below, the Court GRANTS the motion to postpone. The Court orders that the TPS terminations shall be postponed to preserve the status quo and until a hearing on the merits on November 18, 2025. Postponement will be subject to extension at the November 18, 2025 hearing. I. BACKGROUND A. Plaintiffs and Nepal, Honduras, and Nicaragua TPS Holders The parties concede that each of the individually named Plaintiffs have not suffered any felony or misdemeanor convictions. None have violated the law, and each have maintained their obligations parenting, working, and abiding by the rules imposed on them as TPS holders."
,,changes to STEM OPT extension rules,3,0.029828,HHS issues notice excluding undocumented immigrants from additional federal benefits,"[""Unspecified/Other""]","[""Unspecified/Other""]","169. With effectively no notice, Defendants have upset this balance, imposing onerous new immigration status verification requirements that will bring States’ social safety nets to the brink of disaster and with which the Plaintiff States could not possibly have complied before they took effect. These Notices threaten the States’ programs with immediate enforcement and thus interfere with their ability to advance their sovereign prerogatives with respect to public health and community safety. Case 1:25-cv-00345 Document 1 Filed 07/21/25 Page 35 of 50 PageID #: 35 36 CAUSES OF ACTION Count I Violation of the Administrative Procedure Act – Procedural Violation (Against All Defendants Except U.S. Department of Justice and Attorney General Bondi) 170. Plaintiff States incorporate by reference the allegations contained in the preceding paragraphs. 171. HHS, ED, and DOL are “agenc[ies]” under the Administrative Procedure Act (APA). 5 U.S.C. § 551(1). 172. The APA requires agency rules to undergo notice and comment. Id. § 553. Failure to abide by notice-and-comment requirements renders a rule procedurally invalid. 173. The notice-and-comment requirement “does not apply” to “interpretative rules, general statements of policy, or rules of agency organization, procedure, or practice.” Id. § 553(b)(A). 174. But this exception does not apply here because HHS’s, ED’s, and DOL’s PRWORA Notices are substantive rules or “legislative” rules, not interpretive ones. 175. “[T]he critical feature of interpretive rules is that they are issued by an agency to advise the public of the agency’s construction of the statutes and rules which it administers."
,,changes to STEM OPT extension rules,4,0.028790,USCIS issues final rule on public charge inadmissibility grounds,"[""U.S. Citizenship and Immigration Services""]","[""Unspecified/Other"", ""Unspecified/Other""]","51114 Federal Register / Vol. 83, No. 196 / Wednesday, October 10, 2018 / Proposed Rules DEPARTMENT OF HOMELAND SECURITY 8 CFR Parts 103, 212, 213, 214, 245 and 248 [CIS No. 2499–10; DHS Docket No. USCIS– 2010–0012] RIN 1615–AA22 Inadmissibility on Public Charge Grounds AGENCY: U.S. Citizenship and Immigration Services, DHS. ACTION: Notice of proposed rulemaking. SUMMARY: The U.S. Department of Homeland Security (DHS) proposes to prescribe how it determines whether an alien is inadmissible to the United States under section 212(a)(4) of the Immigration and Nationality Act (INA) because he or she is likely at any time to become a public charge. Aliens who seek adjustment of status or a visa, or who are applicants for admission, must establish that they are not likely at any time to become a public charge, unless Congress has expressly exempted them from this ground of inadmissibility or has otherwise permitted them to seek a waiver of inadmissibility. Moreover, DHS proposes to require all aliens seeking an extension of stay or change of status to demonstrate that they have not received, are not currently receiving, nor are likely to receive, public benefits as defined in the proposed rule. DHS proposes to define ‘‘public charge’’ as the term is used in sections 212(a)(4) of the Act. DHS also proposes to define the types of public benefits that are considered in public charge inadmissibility determinations. DHS would consider an alien’s receipt of public benefits when such receipt is above the applicable threshold(s) proposed by DHS, either in terms of dollar value or duration of receipt."
,,changes to STEM OPT extension rules,5,0.028739,"DOJ requests comments on Form EOIR-27, Notice of Entry of Appearance before BIA","[""Executive Office for Immigration Review""]","[""Unspecified/Other"", ""Unspecified/Other""]","DOJ requests comments regarding the revision and extension of a currently approved information collection from Form EOIR-27, Notice of Entry of Appearance as Attorney or Representative Before the Board of Immigration Appeals. Among the proposed changes include several non-substantive changes. EOIR has also added language clarifying that the practitioner, by entering his or her appearance before EOIR, acknowledges that the practitioner will be subject to the disciplinary rules and procedures at 8 C.F.R. 1003.101 et seq. Additional language was added to the form to clarify that by entering an appearance before EOIR pursuant to the filing of a Form EOIR-27, the practitioner consents to the publication of the practitioner’s name and any findings of misconduct by EOIR, should the practitioner become subject to any public discipline by EOIR pursuant to the rules and procedures at 8 C.F.R. 1003.101 et seq. [ID #855]"
,,policy changes affecting marriage based green card interviews,1,0.031514,Asylum seekers given less time to prepare for credible fear interviews,"[""U.S. Citizenship and Immigration Services""]","[""Asylum, Withholding and CAT""]","17-2 at 12 (Johnson Decl., Ex. 1 at D-1). That same day, acting Secretary McAleenan also revised USCIS’s order of succession, designating the newly created position of Principal Deputy Director as “the First Assistant and most senior successor to the Director of USCIS.” Dkt. 17-4 at 7 (Blackwell Decl., Ex. 2). These two changes—both of which occurred after the vacancy arose—allowed Cuccinelli to leapfrog Koumans to become USCIS’s acting Director. But neither of these changes was designed to endure. Acting Secretary McAleenan specified that Cuccinelli’s appointment as Principal Deputy Director “will remain in effect until the earlier to occur of (1) the appointment of a Director of USCIS by the President of the United States, or (2) the express revocation of this appointment.” Id. at 5 (Blackwell Decl., Ex. 1). And acting Secretary McAleenan specified that the revised order of succession, which re-designated the Principal Deputy Director position as the “first assistant” to the Director, “will terminate automatically, without further action, upon the appointment of a new Director of USCIS by the President.” Id. at 7 (Blackwell Decl., Ex.2). In other words, as soon as the vacant office is filled, the status quo will be restored. On July 2, 2019, three weeks after assuming his new office, Cuccinelli issued a memorandum announcing a revised policy for scheduling credible-fear interviews in expedited removal proceedings. AR 113. Under the revised policy, USCIS (1) reduced the time allotted for asylum seekers to consult with others prior to their credible-fear interviews from 72 or 48 hours to “one full calendar day from the date of arrival at a detention facility,” AR 113 (“reduced-time-to-consult directive”), and (2) prohibited asylum officers from granting asylum Case 1:19-cv-02676-RDM Document 34 Filed 03/01/20 Page 3 of 55"
,,policy changes affecting marriage based green card interviews,2,0.031099,"EO 14165 § 6 directs DHS, DOS, and DOJ to resume the Migrant Protection Protocols","[""Unspecified/Other"", ""Unspecified/Other"", ""Unspecified/Other""]","[""Border"", ""Asylum, Withholding and CAT""]","Moreover, the Secretary has his own independent and significant concerns about the prior implementation of MPP, including concerns about the safety and security of those returned to Mexico, deficiencies in the non-refoulement interview process, barriers to access to counsel, and the ways in which reimplementation of MPP would divert from other Administration goals and result in significant burdens for the Department that would limit DHS’s opportunities to make other needed reforms consistent with this Administration’s policy priorities. In light of these concerns, the Secretary has decided not to resume MPP in precisely the same form as it previously existed, even if were a viable option. As an alternative, the Secretary considered a modified implementation and enforcement plan, in the manner that the Administration is planning to start doing in the coming weeks— pending an independent decision by the GOM to facilitate returns—in order to comply with the district court’s order. As the Department moves to reimplement, it is making changes to account for GOM’s concerns—changes which are designed to better protect individuals returned to Mexico and ensure, among other things, timely and accurate notice about court hearings. In addition, the Department is evaluating what changes could be made to address the issues raised in the Red Team Report, to include changes announced by the December 2020 supplementary guidance to better ensure family unity, access to counsel during non-refoulement interviews, and assessment of vulnerability."
,,policy changes affecting marriage based green card interviews,3,0.030331,"USCIS proposes changes to Form G-325A, Biographic Information (for Deferred Action)","[""U.S. Citizenship and Immigration Services""]","[""Unspecified/Other""]","F. Please select the request type: Initial Request Subsequent Request Please select the filing type for your deferred action request: G. H. Government Referral (Other than a Labor Agency) 3. Supporting Statement Place of Birth Country 29.b. Place of Marriage Part 3. Employment Authorization No Yes I am requesting an Employment Authorization Document (EAD) upon being granted deferred action: 1. Page 3 of 6 Form G-325A Edition 10/24/24 Part 3. Employment Authorization (continued) If “Yes,” please provide the following information regarding your economic necessity for employment (this information is not required if you are requesting the SIJ DA filing type): 2.a. My current annual income is: 2.b. My current annual expenses are: The total current value of my assets is: 2.c. If you would like to provide an explanation regarding your current financial information or your economic need for employment authorization, please use this space below. If you need extra space to complete this section, use the space provided in Part 8. Additional Information. 2.d. Part 4. Social Security Card If you select “Yes” on Part 3. Employment Authorization, Item Number 1., please complete the following questions to receive a Social Security card through this process. If the below questions and questions in Part 1. are not completed, you will not receive a Social Security card through this process. No (Go to Part 5.) Yes (Complete Item Numbers 2. - 3.) Do you want the Social Security Administration (SSA) to issue you an original or replacement Social Security card?"
,,policy changes affecting marriage based green card interviews,4,0.030282,Reports that President will attempt to void birthright citizenship for children of undocumented parents via Executive Order,"[""Unspecified/Other""]","[""Unspecified/Other""]","Examples include: Permanent Resident Card/Green Card Foreign passport with the original I-551 visa entry stamp Your parents' marriage certiﬁcate (if your parents were married when you legally entered the U.S. and before your 18th birthday) Documentation of legal custody (if your parents were not married when you legally entered the U.S.) Evidence of your legitimation (if your parents were not married at the time of your birth). Examples include: Your parents' marriage certiﬁcate dated after your birth Certiﬁed court order of legitimation Please see U.S. Citizenship Laws & Policy for more information. U.S. Citizenship through Adoption U.S. Citizenship through Adoption If you were born outside the United States and acquired citizenship through adoption by a U.S. citizen parent while under the age of 16, please submit the following: Citizenship evidence of your U.S. citizen parent Your full and ﬁnal adoption decree Evidence of lawful entry for permanent residence (Examples: Child’s foreign passport containing an ADIT stamp or Form I-94! with the ADIT stamp and picture) Please see Child Citizenship Act of 2000 for more information. Request a File Search Request a File Search You may request a File Search instead of submitting evidence of U.S. Citizenship if: You have been issued a U.S. passport or Consular Report of Birth Abroad in the past and You can't submit it with your application The File Search fee is $150 and charged in addition to the normal application fees, payable to the Department of State."
,,policy changes affecting marriage based green card interviews,5,0.028950,DHS terminates Temporary Protected Status for Honduras,"[""U.S. Citizenship and Immigration Services""]","[""TPS""]","government officials. Some also live in fear of leaving the house, speaking their native language, or disclosing their nationality due to the racist targeting of non-white migrants. Harm to Plaintiffs 138. Plaintiff National TPS Alliance has over 1,000 Honduran, Nepali, and Nicaraguan TPS holder members. These members are anxious and desperate. If the United States will not allow them to stay, they do not know where they will go or what they will do. Among them: a) R.A. is 26 years old and a native of Nepal. She currently works as a labor and delivery nurse at a hospital in Austin, Texas. She specializes in caring for patients with high-risk pregnancies, and her employer has filed paperwork to sponsor her for a green card based on her specialized training and skills. However, R.A. must maintain lawful status and work authorization while her application is pending in order to be approved for her green card. As TPS is her only form of work authorization and immigration status, she is at risk of losing both her current status as well as the opportunity to obtain her green card. R.A. has lived in the United States since she was 16 years old, graduating from high school, community college, and nursing school. At the height of the COVID pandemic, prior to the availability of any vaccines, she was a front-line worker at a hospital, screening patients for possible COVID infections and escorting them to quarantine units. R.A.’s mother also resides in the United States and is a TPS holder."
,,changes to I-601 waiver adjudication standards,1,0.032522,USCIS updates policy on applying discretion in adjudications,[],[],"If the oﬀicer finds that the requestor does not meet the eligibility requirements but may be eligible for a waiver, exemption, or other form of relief, the oﬀicer should determine whether the requestor qualifies for a waiver, exemption, or other form of relief. Not all applications are concurrently filed, and in some instances, applicants must file a separate waiver application or application for relief and have that application approved before the applicant qualifies for the benefit. If the oﬀicer finds that the requestor meets the eligibility requirements because of an approved waiver, exemption, or other form of relief, the oﬀicer must then determine whether the request should be granted as a matter of discretion. If the oﬀicer finds that the requestor does not meet all applicable eligibility requirements, the oﬀicer can still include a discretionary analysis in the denial. The discretionary determination is the final step in the adjudication of a benefit request. Adding a discretionary analysis to a denial is useful if an appellate body on review disagrees with the oﬀicer’s conclusion that the requestor failed to meet the threshold eligibility requirements. In such a situation, the discretionary denial may still stand. 1. Basic Adjudication Steps Oﬀicers should generally follow a three-step process when adjudicating a benefit request involving a discretionary analysis. Basic Adjudication Steps Involving Discretion Step One Fact finding Step Two Determine whether requestor meets the threshold eligibility requirements Step Three Conduct discretionary analysis Fact Finding Fact finding refers to the process of gathering and assessing evidence."
,,changes to I-601 waiver adjudication standards,2,0.031498,"AG Bondi issues Matter of S-S-F-M-, restricting asylum claims based on domestic violence","[""Immigration and Customs Enforcement"", ""U.S. Citizenship and Immigration Services"", ""Attorney General"", ""Executive Office for Immigration Review""]","[""Asylum, Withholding and CAT"", ""Unspecified/Other""]","Having considered the case following remand from the Fifth Circuit, I conclude A-B- III was incorrect. I hereby reinstitute the legal standards articulated in A-B- I and A-B- II, and overrule A-B- III (and, by extension, Matter of A-R-C-G- and any decision issued in reliance thereupon). Furthermore, I remand this matter to the Board for adjudication in light of the standards articulated in A-B- I and A-B- II. In my view, A-B- I’s analysis and articulation of the standards for deciding asylum applications reflect the “best reading” of the statutory text “applying all relevant interpretive tools.” Loper Bright Enters. v. Raimondo, 603 U.S. 369, 400 (2024). A-B- III never stated otherwise. Instead, A-B- III abandoned the rules established in A-B- I and A-B- II in deference to an anticipated executive rulemaking that never occurred. But the reasons A-B- III gave for doing so are unpersuasive. First, A-B- III noted that A-B- I contains “broad language” that “could be read to create a strong presumption against asylum claims based on private conduct.” 28 I&N Dec. at 309. But A-B- I used that language for good reason: It has long been well-established that “[p]ersecution is something a government does,” Hor v. Gonzales, 400 F.3d 482, 485 (7th Cir. 2005), and Cite as 29 I&N Dec. 207 (A.G. 2025) Interim Decision #4123 page 209 so must be “inflicted either by the government of a country or by persons or an organization that the government was unable or unwilling to control.” Matter of Acosta, 19 I&N Dec."
,,changes to I-601 waiver adjudication standards,3,0.031319,"POTUS issues Presidential Proclamation, removing Chad from Travel Ban","[""Bureau of Consular Affairs""]","[""Visitor"", ""Unspecified/Other""]","(ii) The guidance issued by the Secretary of State and the Secretary of Homeland Security under this subsection shall address the standards, policies, and procedures for: (A) determining whether the entry of a foreign national would not pose a threat to the national security or public safety of the United States; (B) determining whether the entry of a foreign national would be in the national interest; (C) addressing and managing the risks of making such a determination in light of the inadequacies in information sharing, identity management, and other potential dangers posed by the nationals of individual countries subject to the restrictions and limitations imposed by this proclamation; (D) assessing whether the United States has access, at the time of the waiver determination, to suwicient information about the foreign national to determine whether entry would satisfy the requirements of subsection (i) of this subsection; and 11/7/2018 Presidential Proclamation Enhancing Vetting Capabilities and Processes for Detecting Attempted Entry Into the United States by Terrorists or Other Pub… https://www.whitehouse.gov/presidential-actions/presidential-proclamation-enhancing-vetting-capabilities-processes-detecting-attempted-entry-united-states-terrori… 14/20 (E) determining the special circumstances that would justify granting a waiver under subsection (iv)(E) of this subsection. (iii) Unless otherwise specified by the Secretary of Homeland Security, any waiver issued by a consular owicer as part of the visa adjudication process will be ewective both for the issuance of a visa and for any subsequent entry on that visa, but will leave unchanged all other requirements for admission or entry."
,,changes to I-601 waiver adjudication standards,4,0.030018,USCIS issues final rule on public charge inadmissibility grounds,"[""U.S. Citizenship and Immigration Services""]","[""Unspecified/Other"", ""Unspecified/Other""]","articulate the precise manner in which that evidence supports his or her claim.’” Carr v. Air Line Pilots Ass’n, Int’l, 866 F.3d 597, 601 (5th Cir. 2017) (per curiam) (quoting Ragas v. Tenn. Gas Pipeline Co., 136 F.3d 455, 458 (5th Cir. 1998)), as revised (July 14, 2017). If evidence is merely colorable or not significantly probative, summary judgment is appropriate. Parrish v. Premier Directional Drilling, L.P., 917 F.3d 369, 378 (5th Cir. 2019) (citing Anderson, 477 U.S. at 249–50, 106 S.Ct. at 2511). In reviewing a motion for summary judgment, the district court views the evidence in the light most favorable to the nonmovant. Carr, 866 F.3d at 601. This means that courts must resolve factual controversies in the nonmovant’s favor, “but only when . . . both parties have submitted evidence of contradictory facts.” Little, 37 F.3d at 1075. Case 6:23-cv-00001 Document 70 Filed on 09/30/24 in TXSD Page 7 of 15 8 III. DISCUSSION The Parties offer several arguments pertaining both to Texas’s standing as well as the merits of its case. The Court need not reach the merits because Texas has failed to establish standing. The standing doctrine has been distilled down to three parts. A plaintiff must demonstrate (1) that he has suffered an “injury in fact” that is “‘concrete and particularized’” as well as “‘actual or imminent,’” (2) that the injury is fairly traceable to the challenged conduct of the defendant, and (3) the injury is likely to be redressed by a favorable judicial decision."
,,changes to I-601 waiver adjudication standards,5,0.029857,ORR requires Director-level authorization of custodial releases of certain unaccompanied children,"[""Office of Refugee Resettlement""]","[""Detention"", ""Interior"", ""Minors""]","1/17/16 - Summary of changes: - All individuals undergoing a public records check will also undergo a sex offender registry check. - All non-sponsor adult household members and adult care givers identified in a sponsor care plan will undergo a public records check and a sex offender registry check. - A revised Family Reunification Application will collect the date of birth of household members and contact and biographic information of adult care givers identified in the sponsor care plan. This information is needed to perform the public records check and sex offender registry check. 3/31/16 - Clarified home study policies. 4/11/16 — Clarification that table represents minimum standards. 6/7/18 - Updates with changes to background checks by DHS and fingerprint and background check requirements 12/18/18 - Revised criteria and table to reflect changes to fingerprint submission requirements for some household members. 6/18/19 - Added a brief description of the transmission process for background checks, including identification of Federal and state agencies involved in the process. Removed requirement of DHS immigration status checks and criminal history checks. Revised/added fingerprint check criteria for category 1, 2A, and 2B sponsors. Revised CA/N check criteria for category 3 sponsors. 2.5.2 Results of Background Checks on Release Decisions 1/27/15 6/7/18 - Added information sharing policy to results of background checks 6/18/19 - Revised information sharing policy for results of background checks."
,,CBP inspection and admissibility policy changes,1,0.031498,"EO 14165 § 6 directs DHS, DOS, and DOJ to resume the Migrant Protection Protocols","[""Unspecified/Other"", ""Unspecified/Other"", ""Unspecified/Other""]","[""Border"", ""Asylum, Withholding and CAT""]","The Red Team Report emphasized the need for standard operating procedures to ensure consistency and address problems such as the use of a “pre-screening process” by CBP personnel at some locations that “preempt[ed] or prevent[ed]” USCIS from ever having cases referred for a determination.65 The report additionally noted that some CBP officials “pressure[d] USCIS to arrive at negative outcomes when interviewing migrants on their claim of fear of persecution or torture.”66 Moreover, throughout the use of MPP, more than 2,500 individuals raised fear claims at multiple points in this process, leading to multiple screenings for those individuals during the pendency of their cases.67 These kinds of unproductive, redundant screenings are a drain on resources that may be more likely to occur in MPP as individuals are returned to Mexico multiple times over the pendency of a single removal proceeding, often to unsafe conditions. For all these reasons, the Secretary has concluded that continuation of MPP in its prior form is not advisable. These concerns likely could be addressed by policy changes that require the affirmative asking, the use of a more appropriate screening standard that protects those who face a reasonable or significant possibility of persecution or torture upon return to Mexico, the opportunity for individuals to consult with counsel prior to screenings, and better training and oversight. But making these changes would likely lengthen the screenings and require DHS to devote additional asylum officers and detention space to these screenings, both of which are in short supply, especially as a result of challenges related to the COVID-19 pandemic."
,,CBP inspection and admissibility policy changes,2,0.031281,DHS deports DACA recipient returning with advance parole,"[""Customs and Border Protection"", ""Unspecified/Other""]","[""Border"", ""DACA""]","33. Upon returning to the United States, Mr. Cortez Martinez appeared for inspection at the port of entry at the airport in Dallas Fort Worth and tendered his documents to officers. He was then placed in secondary inspection and questioned. Mr. Cortez Martinez cooperated and truthfully answered all the officer’s questions. 34. At the conclusion of the interview, a CBP officer denied Mr. Cortez Martinez entry indicating that he was “inadmissible to the United States pursuant to section 212(a)(7)(A)(i)(I) of the INA as an immigrant without an immigrant visa based on the Case 3:25-cv-00801-X Document 1 Filed 04/02/25 Page 10 of 19 PageID 10 11 fact that [he had been] ordered removed in absentia on June 11, 20242.” They further determined that Mr. Cortez Martinez’s advance parole document “was issued in error,” and therefore he was subject to an expedited removal order for failing to be in possession of a valid entry document. 35. The sole basis for denying Mr. Cortez-Martinez entry into the US was based on CBP’s incorrect determination that the existence of a removal order in and of itself abated the ability of USCIS to issue a valid advance parole document. 36. Plaintiff was afforded no hearing, and no opportunity to contest CBP’s improper finding that his advance parole document was valid for entry. 37. Plaintiff’s lawfully obtained advance parole document, which was valid on it’s face, was then confiscated from Plaintiff by Defendants. No receipts were provided to Plaintiff to show that his property-one which he applied for, paid for and obtained from USCISwas being confiscated and kept by CBP officers."
,,CBP inspection and admissibility policy changes,3,0.030886,USCIS issues final rule on public charge inadmissibility grounds,"[""U.S. Citizenship and Immigration Services""]","[""Unspecified/Other"", ""Unspecified/Other""]","Additional information about the public charge ground of inadmissibility also remains available on the USCIS Public Charge Resources webpage. This guidance, contained in Volume 8 of the Policy Manual, is controlling and supersedes any related prior guidance on the topic. Policy Highlights • Incorporates information from the related appendices addressing applicability of the public charge ground of inadmissibility to help applicants for adjustment of status more easily identify the immigration categories to which the public charge ground of inadmissibility applies. Summary of Changes Affected Section: Volume 8 > Part G > Chapter 3 > Section B, Applicants for Adjustment of Status 1 The related appendices remain unchanged. To provide feedback on this update, email USCIS at policyfeedback@uscis.dhs.gov. PA-2023-20: Incorporating Guidance on Applicability of the Public Charge Ground of Inadmissibility Page: 2 • Revises section in its entirety, to include the addition of various tables listing the categories of adjustment of status applicants subject to the public charge ground of inadmissibility. USCIS may also make other minor technical, stylistic, and conforming changes consistent with this update. Citation Volume 8: Admissibility, Part G, Public Charge Ground of Inadmissibility, Chapter 3, Applicability [8 USCIS-PM G.3]."
,,CBP inspection and admissibility policy changes,4,0.030366,ORR requires Director-level authorization of custodial releases of certain unaccompanied children,"[""Office of Refugee Resettlement""]","[""Detention"", ""Interior"", ""Minors""]","1/17/16 - Summary of changes: - All individuals undergoing a public records check will also undergo a sex offender registry check. - All non-sponsor adult household members and adult care givers identified in a sponsor care plan will undergo a public records check and a sex offender registry check. - A revised Family Reunification Application will collect the date of birth of household members and contact and biographic information of adult care givers identified in the sponsor care plan. This information is needed to perform the public records check and sex offender registry check. 3/31/16 - Clarified home study policies. 4/11/16 — Clarification that table represents minimum standards. 6/7/18 - Updates with changes to background checks by DHS and fingerprint and background check requirements 12/18/18 - Revised criteria and table to reflect changes to fingerprint submission requirements for some household members. 6/18/19 - Added a brief description of the transmission process for background checks, including identification of Federal and state agencies involved in the process. Removed requirement of DHS immigration status checks and criminal history checks. Revised/added fingerprint check criteria for category 1, 2A, and 2B sponsors. Revised CA/N check criteria for category 3 sponsors. 2.5.2 Results of Background Checks on Release Decisions 1/27/15 6/7/18 - Added information sharing policy to results of background checks 6/18/19 - Revised information sharing policy for results of background checks."
,,CBP inspection and admissibility policy changes,5,0.030310,"EO 14165 § 7(b) directs termination of ""categorical parole programs"" including CHNV Parole Processes","[""Customs and Border Protection"", ""U.S. Citizenship and Immigration Services"", ""Unspecified/Other""]","[""Unspecified/Other""]","80. Per its data, CBP encountered at the southern border more than 600,000 nationals from Cuba, Haiti, Nicaragua, and Venezuela combined in fiscal year 2022—comprising more than forty percent of all migrants CBP encountered at the border that year. 81. The marked increase in the number of nationals of these four countries arriving at the southern border put considerable strain on CBP operations, causing it to divert resources and to provide sub-standard care to those migrants. 82. As with the Ukrainians coming to the southern border discussed above, many (if not most) of the Cubans, Haitians, Nicaraguans, and Venezuelans who came to the border during this period were paroled into the United States. 83. In October 2022, the Biden Administration created a parole process for Venezuelans. DHS, Implementation of a Parole Process for Venezuelans, 87 Fed. Reg. 63507 (Oct. 19, 2022). Approximately two months later, and in light of the success of the Venezuelan parole process, the Biden Administration expanded the parole process for Venezuelans, DHS, Implementation of Changes to the Parole Process for Venezuelans, 88 Fed. Reg. 1279 (Jan. 9, 2023); and created similar parole processes for nationals of Cuba, Haiti, and Nicaragua, DHS, Implementation of a Parole Process for Cubans, 88 Fed. Reg. 1266 (Jan. 9, 2023); DHS, Implementation of a Parole Process for Haitians, 88 Fed. Reg. 1243 (Jan. 9, 2023); DHS, Implementation of a Parole Process for Nicaraguans, 88 Fed. Reg. 1255 (Jan. 9, 2023)."
,,changes to visa overstay enforcement policies,1,0.031545,"State Department Announces Visa Restrictions for Foreign Officials and Others ""Facilitating Illegal Migration""","[""Bureau of Consular Affairs"", ""Unspecified/Other""]","[""Unspecified/Other"", ""Unspecified/Other""]","Securing our nation’s borders is critically important to making America safer, stronger, and more prosperous. Countries along migratory routes must do their part to prevent and deter the transit of aliens seeking to illegally enter the United States. Today, I am announcing a new visa restriction policy that will apply to foreign government officials, including immigration and customs officials, airport and port authority officials, and others believed to be responsible for knowingly facilitating illegal immigration to the United States, including through failure to enforce immigration laws or establishing and implementing policies and practices that knowingly facilitate the transit of aliens intending to illegally immigrate into the United States via the U.S. southwest border. This new policy will complement our existing 3C policy, expanded in 2024, pertaining to private sector actors who knowingly provide transportation and travel services designed primarily for illegal aliens traveling to the United States. These measures will continue until those officials take responsibility for ensuring there are policies in place and existing laws are enforced to prevent the transit of such individuals. America will not back down when it comes to defending our national security interests. This visa restriction policy is pursuant to Section 212(a)(3)(C) of the Immigration and Nationality Act, which Home > O!ce of the Spokesperson > Press Releases > Announcement of a Visa Restriction Policy Targeting Foreign O""cials and Others Facilitating Illegal Migration into the United States PRESS STATEMENT MARCO RUBIO, SECRETARY OF STATE MARCH 5, 2025 Announcement of a Visa Restriction Policy Targeting Foreign Officials and Others Facilitating Illegal Migration into the United States An o""cial website of the United States Government Here's how you know      ✉ POLICY ISSUES COUNTRIES & AREAS BUREAUS & OFFICES ABOUT search Newsroom Business Employees Job Seekers Students Travelers Visas"
,,changes to visa overstay enforcement policies,2,0.031054,"EO 14165 § 7(b) directs termination of ""categorical parole programs"" including CHNV Parole Processes","[""Customs and Border Protection"", ""U.S. Citizenship and Immigration Services"", ""Unspecified/Other""]","[""Unspecified/Other""]","11, 2023); Implementation of Changes to the Haitian Family Reunification Parole Process, 88 FR 54635 (Aug. 11, 2023); Implementation of the Uniting for Ukraine Parole Process (Apr. 27, 2022). 2 For additional details on the fraud found in the CHNV parole process, see Interim Staff Report of the Committee on the Judiciary and Subcommittee on Immigration Integrity, Security, and Enforcement (November 20, 2024). 3 See, Securing Our Borders, Executive Order 14165, 90 FR 8467, 8468 (Jan. 20, 2025) available at (last viewed Jan. 28, 2025). Case 1:25-cv-10495-IT Document 41-3 Filed 03/21/25 Page 3 of 4 &KZK&&//>h^KE>z requiring DHS to identify all resources that may be used to ensure that all aliens seeking admission to the U.S., or who are already in the U.S., are screened and vetted to the maximum degree possible and re-establish a uniform baseline for screening and vetting standards and procedures, consistent with the uniform baseline that existed on January 19, 2021, that will be used for any alien seeking a visa or immigration benefit of any kind.4 Currently, fraud information and public safety or national security concerns are not being properly flagged in USCIS’ adjudicative systems. The procedures that the parolees under these categorical parole programs underwent may not constitute screening and vetting to the maximum degree possible or comport with the uniform baseline for screening and vetting standards and procedures that existed on January 19, 2021, both of which are required per EO 14161."
,,changes to visa overstay enforcement policies,3,0.030579,"EO 14165 § 6 directs DHS, DOS, and DOJ to resume the Migrant Protection Protocols","[""Unspecified/Other"", ""Unspecified/Other"", ""Unspecified/Other""]","[""Border"", ""Asylum, Withholding and CAT""]","Moreover, the Secretary has his own independent and significant concerns about the prior implementation of MPP, including concerns about the safety and security of those returned to Mexico, deficiencies in the non-refoulement interview process, barriers to access to counsel, and the ways in which reimplementation of MPP would divert from other Administration goals and result in significant burdens for the Department that would limit DHS’s opportunities to make other needed reforms consistent with this Administration’s policy priorities. In light of these concerns, the Secretary has decided not to resume MPP in precisely the same form as it previously existed, even if were a viable option. As an alternative, the Secretary considered a modified implementation and enforcement plan, in the manner that the Administration is planning to start doing in the coming weeks— pending an independent decision by the GOM to facilitate returns—in order to comply with the district court’s order. As the Department moves to reimplement, it is making changes to account for GOM’s concerns—changes which are designed to better protect individuals returned to Mexico and ensure, among other things, timely and accurate notice about court hearings. In addition, the Department is evaluating what changes could be made to address the issues raised in the Red Team Report, to include changes announced by the December 2020 supplementary guidance to better ensure family unity, access to counsel during non-refoulement interviews, and assessment of vulnerability."
,,changes to visa overstay enforcement policies,4,0.030018,"POTUS issues Presidential Proclamation 9983, adding six new countries to Travel Ban","[""Customs and Border Protection"", ""U.S. Citizenship and Immigration Services"", ""Bureau of Consular Affairs""]","[""Unspecified/Other""]","2. Scope and Implementation of Suspensions and Limitations. (a) Subject to the exceptions set forth in section 3(b) of Proclamation 9645, any waiver under section 3(c) of Proclamation 9645, and any enforcement provision of section 6(b) through (e) of Proclamation 9645, the suspensions of and limitations on entry pursuant to section 1(b) of this proclamation shall apply to foreign nationals of the designated countries who: (i) are outside the United States on the applicable ewective date of this proclamation; (ii) do not have a valid visa on the applicable ewective date of this proclamation; and (iii) do not qualify for a visa or other valid travel document under section 6(d) of Proclamation 9645. (b) The Secretary of State and the Secretary of Homeland Security shall coordinate to update guidance, if necessary, to implement this proclamation as to nationals of the six countries identified in section 1(b) of this proclamation, consistent with the provisions of this section. (c) For purposes of this proclamation, the phrase “Special Immigrants whose eligibility is based on having provided assistance to the United States Government” means those aliens described in section 101(a)(27)(D) through (G) and (K) of the INA, 8 U.S.C. 1101(a)(27)(D) through (G) and (K), any alien seeking to enter the United States pursuant to a Special Immigrant Visa in the SI or SQ classification, and any spouse and children of any such individual. Sec. 3. Reporting Requirements. (a) Section 4 of Proclamation 9645 is amended to read as follows: “Sec."
,,changes to visa overstay enforcement policies,5,0.029514,ORR requires Director-level authorization of custodial releases of certain unaccompanied children,"[""Office of Refugee Resettlement""]","[""Detention"", ""Interior"", ""Minors""]","Requests by the home study provider to extend beyond 10 calendar days or to cancel a home study must be submitted in writing to the ORR Federal Field Specialist for consideration. Amended the policy to require home study providers to conduct home studies in-person but, in the event of exceptional circumstances, permit ORR to approve virtual home studies. 3/28/23 — Reformatted ORR mandatory home study requirements into bullet points. Clarified in Footnote 6 that the ORR Director delegates final authority for approving discretionary home studies to ORR/FFS Supervisors who act as agents of HHS/ORR. Clarified that ORR/FFS act as agents of HHS/ORR to approve all release requests. 2.4.3 Additional Q&A on Topic 1/27/15 Not Applicable 2.5 ORR Policies on Requesting Background Checks of Sponsors 1/27/15 1/17/16 - Added the note that an Authorization for Release of Information is no longer required to perform either a public records check or sex offender registry check. 6/7/18 - Updated background check policies 12/18/18 - Added “when applicable” to fingerprint submission requirements to reflect changes to background check policies. 6/18/19 - Renamed section and revised wording to provide clarity. 2.5.1 Criteria for Background Checks 1/27/15 3/23/15 - Added requirement that all Category 3 sponsors must undergo Child Abuse and Neglect Checks. 1/17/16 - Summary of changes: - All individuals undergoing a public records check will also undergo a sex offender registry check. - All non-sponsor adult household members and adult care givers identified in a sponsor care plan will undergo a public records check and a sex offender registry check."
,,administrative processing delays consular policy,1,0.032522,State Department issues final rule implementing Adoptive Family Relief Act,"[""Unspecified/Other""]","[""Minors"", ""Unspecified/Other""]","214) and Peace Corps Volunteers and Leaders (22 U.S.C. 2504(h)) proceeding abroad or returning to the United States in the discharge of their official duties. NO FEE. (b) U.S. citizen seamen who require a passport in connection with their duties aboard an American flag vessel (22 U.S.C. 214(a)). NO FEE. (c) Widows, children, parents, or siblings of deceased members of the Armed Forces proceeding abroad to visit the graves of such members (22 U.S.C. 214(a)). NO FEE. (d) Employees of the American National Red Cross proceeding abroad as members of the Armed Forces of the United States (10 U.S.C. 2602(c)). NO FEE. 5. Travel Letter: Provided in rare, life-or-death situations as an emergency accommodation to a U.S. citizen returning to the United States when the consular officer is unable to issue a passport book. NO FEE unless consular time charges (Item 75) apply. 6. File search and verification of U.S. citizenship: When applicant has not presented evidence of citizenship and previous records must be searched (except for an applicant abroad whose passport was stolen or lost abroad or when one of the exemptions is applicable). $150. 7. Application for Consular Report of Birth Abroad of a Citizen of the United States ............................ $100. 8. Administrative Processing of Request for Certificate of Loss of Nationality ....................................... 2,350 9. Passport Card Application Services for: (a) Applicants age 16 or over (including renewals) [Adult Passport Card] ..............................."
,,administrative processing delays consular policy,2,0.031514,"EO 14165 § 7(b) directs termination of ""categorical parole programs"" including CHNV Parole Processes","[""Customs and Border Protection"", ""U.S. Citizenship and Immigration Services"", ""Unspecified/Other""]","[""Unspecified/Other""]","8 The Federal Register Notice stated that parolees may apply for re-parole, which would be adjudicated and may be approved on a case-by-case basis, by filing Form I-131 and “must demonstrate urgent humanitarian reasons or significant public benefit specific to his or her case and that he or she merits a favorable exercise of discretion for parole[.]” Termination of Family Reunification Parole Processes, 90 Fed. Reg. at 58043. Case 1:25-cv-10495-IT Document 258 Filed 01/25/26 Page 6 of 42 7 Id. The Federal Register Notice acknowledged further that the programs sought to promote family unity by providing a faster pathway for United States citizens and lawful permanent residents to reunite with family members while awaiting availability of their immigrant visas. Id. DHS acknowledged “that aliens paroled into the United States under the FRP programs may have been able to reunite with family members in the United States.” Id. DHS concluded, however, that “that national security and fraud concerns, and the current Administration’s priorities outweigh[ed] those interests” and supported termination. Id. As to national security, the Federal Register Notice compared the FRP Programs’ vetting process to that of individuals pursuing lawful permanent resident status through consular processing. Id. In the latter case, applicants’ consular processing requires “an in-person interview outside the United States, and submission of various documents to establish the necessary family relationship with the petitioner[,]” while still outside of the United States."
,,administrative processing delays consular policy,3,0.031025,EOIR Director issues guidance to restrict continuances,"[""Executive Office for Immigration Review""]","[""Unspecified/Other""]","• EOIR has no policy mandating or requiring Immigration Judges to grant a continuance for any reason in any particular case or circumstance, except where a continuance is required by binding law. See PM 20-07, Case Management and Docketing Practices at 5 (Jan. 31, 2020). EOIR management does not possess authority to direct the result of an adjudication by an Immigration Judge by directing the Judge to grant or deny a continuance request in specific cases. • Consistent with former OPPM 17-01, continuances based on requests made by the U.S. Department of Homeland Security (DHS) should be comparatively rare. o Consistent with OPPM 05-03, Background and Security Investigations in proceedings Before Immigration Judges and the Board of Immigration Appeals (Mar. 28, 2005) and PM 21-06, Asylum Processing (Dec. 4, 2020), a failure by DHS to report on the completion and results of relevant investigations and examinations does not require a continuance of the hearing, though Immigration Judges may not grant certain applications until the results of those investigations and examinations have been reported. 8 C.F.R. § 1003.47.2 o Consistent with PM 20-07, EOIR has no policy requiring an Immigration Judge to grant a continuance if a DHS attorney does not appear for a hearing or does not possess that agency’s administrative file at the hearing. • The general standard for a continuance is good cause, 8 C.F.R. § 1003.29. By statute, however, “[i]n the absence of exceptional circumstances, final administrative adjudication of [an] asylum application, not including administrative appeal, shall be completed within 180 days after the date an application is filed.” INA § 208(d)(5)(A)(iii)."
,,administrative processing delays consular policy,4,0.029911,"State Department Announces Visa Restrictions for Foreign Officials and Others ""Facilitating Illegal Migration""","[""Bureau of Consular Affairs"", ""Unspecified/Other""]","[""Unspecified/Other"", ""Unspecified/Other""]","This visa restriction policy is pursuant to Section 212(a)(3)(C) of the Immigration and Nationality Act, which Home > O!ce of the Spokesperson > Press Releases > Announcement of a Visa Restriction Policy Targeting Foreign O""cials and Others Facilitating Illegal Migration into the United States PRESS STATEMENT MARCO RUBIO, SECRETARY OF STATE MARCH 5, 2025 Announcement of a Visa Restriction Policy Targeting Foreign Officials and Others Facilitating Illegal Migration into the United States An o""cial website of the United States Government Here's how you know      ✉ POLICY ISSUES COUNTRIES & AREAS BUREAUS & OFFICES ABOUT search Newsroom Business Employees Job Seekers Students Travelers Visas White House USA.govO!ce of the Inspector General ArchivesContact Us FOLLOW US Privacy Policy Accessibility Statement Copyright Information FOIA No FEAR Act      ✉ authorizes the Secretary of State to render inadmissible any alien whose entry into the Unites States “would have potentially serious adverse foreign policy consequences for the United States.” Certain family members may also be covered by these restrictions. Bureau of Consular A!airs O""ce of the Spokesperson The Secretary of State TAGS"
,,administrative processing delays consular policy,5,0.029631,State Department orders resettlement agencies to stop funded work supporting refugees currently in the U.S.,"[""Unspecified/Other""]","[""Refugees"", ""Unspecified/Other""]","The Defunding of the USRAP, including the Termination Notices, the Suspension Notices, and the Sub Silentio Suspension, is arbitrary and capricious because Defendants failed to consider the relevant factors, articulate a rational connection between the facts found and the choices made, show there are good reasons for the change in policy, consider important aspects of the problem, including serious reliance interests, and consider reasonable alternatives within the ambit of the existing policy. The Sub Silentio Suspension is arbitrary and capricious for the additional reason that it is a sub silentio policy change. 248. The Defunding of the USRAP is also contrary to law because it is contrary to Congress’s statutory scheme governing refugee processing and admissions, refugee resettlement, and SIV resettlement, and Defendants have also failed to follow its own policies, procedures, and regulations. 249. The Defunding of the USRAP constitutes a legislative rule issued without observance of the notice and comment procedure required by 5 U.S.C. § 553. Case 2:25-cv-00255-JNW Document 56 Filed 03/05/25 Page 45 of 49 FIRST SUPPL. COMPL. FOR DECLARATORY & INJUNCTIVE RELIEF – 46 (No. 2:25-cv-255-JNW) Perkins Coie LLP 1201 Third Avenue, Suite 4900 Seattle, Washington 98101-3099 Phone: +1.206.359.8000 Fax: +1.206.359.9000 1 2 3 4 5 6 7 8 9 10 11 12 13 14 15 16 17 18 19 20 21 22 23 24 25 26 250. The Defunding of the USRAP must therefore be set aside pursuant to the Administrative Procedure Act."
,,changes to cancellation of removal eligibility standards,1,0.032522,"EOIR issues guidance on Pereira v. Sessions, announcing changes in NTA filings and case scheduling","[""Customs and Border Protection"", ""Immigration and Customs Enforcement"", ""U.S. Citizenship and Immigration Services"", ""Executive Office for Immigration Review""]","[""Unspecified/Other""]","The respondent, therefore, maintains that she is not inadmissible as charged under section 212(a)(6)(A)(i) of the Act and that she is eligible for cancellation of removal, adjustment of status, and voluntary departure. We review these issues of jurisdiction, removability, and the respondent’s eligibility for the requested relief de novo. See 8 C.F.R. § 1003.1(d)(3)(ii) (2021). For the reasons set forth below, we affirm the Immigration Judge’s decision. II. DISCUSSION A. Jurisdiction We reject the respondent’s assertion that the Immigration Court lacked jurisdiction over her removal proceedings under Pereira because she was served with an NTA that did not include the time and place of her initial removal hearing. In Pereira, the Supreme Court emphasized the narrowness of its holding, which stated that “[a] putative notice to appear that fails to Cite as 28 I&N Dec. 388 (BIA 2021) Interim Decision #4028 390 designate the specific time or place of [a] noncitizen’s removal [hearing] is not a ‘notice to appear under [section 239(a) of the Act, 8 U.S.C. § 1229(a) (2018),]’ and so does not trigger the stop-time rule” for terminating a noncitizen’s continuous physical presence for purposes of cancellation of removal. Pereira, 138 S. Ct. at 2114–15 (quoting section 240A(d)(1) of the Act). We explained in Matter of Bermudez-Cota, 27 I&N Dec. 441, 443 (BIA 2018), that the “narrow” holding of Pereira specifically related to the “stop-time” rule, and we observed that “the Court did not purport to invalidate the [noncitizen’s] underlying removal proceedings or suggest that proceedings should be terminated.” We noted that while 8 C.F.R."
,,changes to cancellation of removal eligibility standards,2,0.032266,EOIR issues guidance on adjustment of status eligibility for certain Liberians under the NDAA,"[""Unspecified/Other"", ""Executive Office for Immigration Review""]","[""Unspecified/Other""]","§ 761 l(i)(2). Thus, for aliens currently in proceedings who have other applications for status ( e.g. asylum, adjustment of status, cancellation of removal for certain nonpermanent residents, Temporary Protected Status) pending before an immigration judge, those cases should not be placed on a status docket, and immigration judges should proceed with adjudicating those applications unless the alien indicates that he or she no longer wishes to seek such status. For cases pending at the Board involving non-detained aliens currently in proceedings who: (1) have established prima facie eligibility for adjustment of status pursuant to NDAA § § 7611 (b )(1 )­ (3) and (c)(l)-(2); and (2) have submitted an application to DHS for such adjustment of status and provided proof of such submission, the Board will complete the record of appeal, including the receipt of briefs by the parties. The Board should proceed with the disposition of the appeal if the Board's decision will either: (1) terminate, or affirm the termination of, proceedings against the alien; or (2) grant, or affirm the grant of, relief! (except voluntary departure) or Temporary Matter ofYauri, 25 I&N Dec. 103, 107 & 110 (BIA 2009) (""We have long been of the view that administratively final exclusion, deportation, or removal proceedings should not be reopened for matters over which neither the Immigration Judge nor the Board has jurisdiction, and that referencing the absence of such jurisdiction was a rational basis in itself to decline to reopen proceedings ..."
,,changes to cancellation of removal eligibility standards,3,0.030214,EOIR and USCIS issue communicable-disease security bars to asylum and withholding eligibility,"[""Customs and Border Protection"", ""U.S. Citizenship and Immigration Services"", ""Unspecified/Other"", ""Executive Office for Immigration Review""]","[""Asylum, Withholding and CAT""]","EOIR and USCIS issue final rule adding public health-related bars to asylum eligibility. The final rule implements three changes: - Expands the ""danger to the security of the United States"" bar to asylum eligibility to include public-health crises (""emergency public health concerns generated by a communicable disease""); - Provides for ""streamlining screening for potential eligibility for deferral of removal in the expedited removal process"" for noncitizens determined ineligible for asylum based on the third country transit rule; and - Authorizes DHS to place noncitizens found ineligible for asylum or withholding under the third country transit rule or under the ""danger to the security of the United States"" bar into asylum-and-withholding only proceedings, or to remove such individuals to a third country. The rule was signed by Chad Mizelle, Senior Official Performing the Duties of the General Counsel, on behalf of Acting Secretary Wolf, and by EOIR Director James McHenry. [ID #983]"
,,changes to cancellation of removal eligibility standards,4,0.029437,EOIR Director issues guidance to restrict continuances,"[""Executive Office for Immigration Review""]","[""Unspecified/Other""]",". .Given that Maldonado-Guzman’s right to be heard was not prejudiced by the denial of a continuance on removal proceedings, he has failed to establish a violation of the Due Process Clause.” (cleaned up)). • Category (2) status-docket cases generally warrant continuances until they can be resolved. See generally PM 19-13, Use of Status Dockets at (Aug. 16, 2019) at 2. o Cases in which an Immigration Judge intends to grant cancellation of removal for certain nonpermanent residents pursuant to INA § 240A(b), which are subject to an annual statutory cap of 4000, should be continued if the cap has been reached for the year and that application is the only one the alien has filed. 8 C.F.R. § 1240.21(c)(1); see also OPPM 17-04, Applications for Cancellation of Removal or Suspension of Deportation that are Subject to the Cap (Dec. 20, 2017). o Cases in which an alien otherwise prima facie eligible for adjustment of status before an Immigration Judge in the United States had an immediately-available visa at the time the adjustment of status application was filed with the immigration court but the visa category subsequently retrogressed by the time of the hearing, should be held in abeyance. Matter of Briones, 24 I&N Dec. 355, 357 n.3 (BIA 2007). 4The Board did not address visa availability—or the remoteness of such availability—in Matter of Sanchez Sosa, as it appears that the annual statutory cap on U visas had not been reached at the time the decision was issued. 5 • By statute, “[i]n order that an alien be permitted the opportunity to secure counsel before the first hearing date in proceedings under section 240 of the Act, the hearing date shall not be scheduled earlier than 10 days after the service of the notice to appear, unless the alien requests in writing an earlier hearing date.” INA § 239(b)(1)."
,,changes to cancellation of removal eligibility standards,5,0.029324,HHS issues notice excluding undocumented immigrants from additional federal benefits,"[""Unspecified/Other""]","[""Unspecified/Other""]","467. The Head Start Act directs that “[t]he Secretary shall by regulation prescribe eligibility for the participation of persons in Head Start programs assisted under this subchapter” and enumerates certain requirements for the “Criteria for eligibility,” 42 U.S.C. § 9840(a)(1)(A). The Immigrant Exclusion Directive changes the criteria for eligibility but failed to do so “by regulation” as required by the Head Start Act. 468. Although the Immigrant Exclusion Directive modifies the eligibility criteria without enacting a regulation, it nonetheless is a “rule” that “effects ‘a substantive regulatory change’ to the statutory or regulatory regime.” Elec. Priv. Info. Ctr. v. U.S. Dep’t of Homeland Sec., 653 F.3d 1, 6–7 (D.C. Cir. 2011) (quoting U.S. Telecom Ass’n v. F.C.C., 400 F.3d 29, 34– 40 (D.C. Cir. 2005)). The Immigrant Exclusion Directive imposes new legal obligations on Plaintiffs that appear on their faces to be binding. “It commands, it requires, it orders, it dictates.” Appalachian Power Co. v. E.P.A., 208 F.3d 1015, 1023 (D.C. Cir. 2000). 469. Defendants do not meet the “good cause” exception, 5 U.S.C. 553(b)(4)(B), which is to be “narrowly construed and only reluctantly countenanced.” East Bay Sanctuary Covenant v. Trump, 909 F.3d 1219, 1253 (9th Cir. 2018) (quotation marks and internal citation omitted). “[N]otice and public procedure” are not “impracticable, unnecessary, or contrary to the public interest.” 5 U.S.C. 553(b)(4)(B). 470. The Head Start Act also requires that “[a]t least 30 days prior to their effective date, all rules, regulations, and application forms shall be published in the Federal Register and shall be sent to each grantee with the notification that each such grantee has the right to submit comments pertaining thereto to the Secretary prior to the final adoption thereof."
,,DHS policy on administrative closure immigration court,1,0.032787,"EOIR issues guidance on Pereira v. Sessions, announcing changes in NTA filings and case scheduling","[""Customs and Border Protection"", ""Immigration and Customs Enforcement"", ""U.S. Citizenship and Immigration Services"", ""Executive Office for Immigration Review""]","[""Unspecified/Other""]","The appeal will be dismissed and the motion to terminate will be denied. The respondent is a native and citizen of Mexico who arrived in the United States on or about April 30, 1991, without being admitted or paroled. On August 28, 2013, the respondent was personally served with a notice to appear, which ordered him “to appear before an immigration judge of the United States Department of Justice . . . on a date to be set at a time to be set.” The respondent conceded in written pleadings that he was properly served with the August 28, 2013, notice to appear. On September 9, 2013, the Tucson, Arizona, Immigration Court mailed a notice of hearing to the address the respondent had provided to immigration authorities. This notice provided that the respondent’s hearing was scheduled to take place on May 13, 2014, at 1:00 p.m. at 300 West Congress Street, Suite 300, Tucson, Arizona, 85701. The respondent appeared at this and numerous subsequent hearings. Cite as 27 I&N Dec. 441 (BIA 2018) Interim Decision #3935 442 At his last hearing on October 3, 2017, the respondent sought a continuance or administrative closure based on his potential eligibility for adjustment of status. The Immigration Judge denied his requests for a continuance and administrative closure. However, he granted the respondent voluntary departure. The respondent timely appealed from this decision and filed a motion to terminate while his appeal was pending. We will address his motion first. The respondent argues that his proceedings should be terminated in light of the Supreme Court’s recent decision in Pereira v."
,,DHS policy on administrative closure immigration court,2,0.030622,"EO 14165 § 6 directs DHS, DOS, and DOJ to resume the Migrant Protection Protocols","[""Unspecified/Other"", ""Unspecified/Other"", ""Unspecified/Other""]","[""Border"", ""Asylum, Withholding and CAT""]","U.S. Department of Homeland Security Last Updated: 01/21/2025 DHS Reinstates Migrant Protection Protocols, Allowing Officials to Return Applicants to Neighboring Countries Release Date: January 21, 2025 WASHINGTON – The Department of Homeland Security (DHS) Acting Secretary Benjamine Huffman reinstated the Migrant Protection Protocols (MPP) effective immediately. On January 25, 2019, Department of Homeland Security (DHS) Secretary Kirstjen Nielsen issued Policy Guidance for Implementation of the Migrant Protection Protocols (the MPP Policy). The MPP Policy is an exercise of the authority granted to DHS pursuant to Section 235(b)(2)(c) of the Immigration and Nationality Act (INA). That authority permits the Secretary of DHS to return certain applicants for admission to the adjoining country from which they are arriving pending the completion of removal proceedings pursuant to Section 240 of the INA. Between Jan. 20, 2021, and Oct. 29, 2021, Acting Secretary David Pekoske, and later Secretary Alejandro Mayorkas, repeatedly attempted to suspend or terminate the MPP Policy. Following a series of legal actions, Secretary Mayorkas’s final attempt to terminate the MPP Policy was stayed by a federal court. See Order Granting Stay, Texas v. Biden, 2:21-cv-67 (N.D. Tex. Dec. 15, 2022). The Department of Justice, seven months after that stay was entered, voluntarily dismissed the federal government’s appeal, acquiescing to keeping the MPP Policy in effect for the foreseeable future. See Texas v."
,,DHS policy on administrative closure immigration court,3,0.030536,"EO 14165 § 7(b) directs termination of ""categorical parole programs"" including CHNV Parole Processes","[""Customs and Border Protection"", ""U.S. Citizenship and Immigration Services"", ""Unspecified/Other""]","[""Unspecified/Other""]","§ 1182(d)(5); c. Formulate a plan for phasing out any such instructions, policies, procedures, rules, and regulations, accompanied by a proposal and timeline for any necessary public notices to be published pursuant to the terms of the Administrative Procedure Act or any other applicable law; d. Provide the Secretary of DHS with a report summarizing the results of the following reviews and inquiries. (2) Pending the review contemplated by paragraph (1), DHS Components have discretion to pause, modify, or terminate any parole program described in paragraph (1) to the extent: a. The policy was not promulgated pursuant to the procedural requirements of the Administrative Procedure Act or any comparable scheme; b. The DHS Component can do so in a manner that protects any legitimate reliance interests; and c. Doing so is otherwise consistent with applicable statutes, regulations, and court orders. The purpose of this memorandum is to ensure that all future actions taken by DHS with regard to the exercise of the parole authority are consistent with law and within the scope of DHS's authority ..Having said that, should any court disagree with the interpretation of the parole statute articulated in this memorandum, I clarify that 1 am also implementing this policy as a matter of my discretion to deny parole in any circumstance. Case 1:25-cv-10495-IT Document 41-1 Filed 03/21/25 Page 3 of 3"
,,DHS policy on administrative closure immigration court,4,0.029958,EOIR Acting Deputy Director issues guidance on the handling of classified information in EOIR proceedings,"[""Executive Office for Immigration Review""]","[""Unspecified/Other""]","EOIR Acting Deputy Director Roman Chaban issues Policy Memorandum (PM) 25-37 to ""[c]onsolidate and update EOIR policies regarding the handling of classified information in EOIR adjudicatory proceedings"" and adds OCAHO to the procedures and rules that already apply to the Immigration Courts and the BIA. To effect that consolidation, this PM rescinds, cancels, and supersedes the Office of the Chief Immigration Judge (OCIJ) Operating Policies and Procedures Memoranda (OPPM) 24-01, Classified Information in Immigration Court Proceedings, and BIA OPPM 24-01, Classified Information at the Board of Immigration Appeals. The PM incorporates most of the information contained in those two memos. The PM also makes it clear that DHS, not the IJ or the BIA, controls when evidence can be released to the respondent. Trump 2.0 [ID #2084]"
,,DHS policy on administrative closure immigration court,5,0.029857,USCIS issues final rule on public charge inadmissibility grounds,"[""U.S. Citizenship and Immigration Services""]","[""Unspecified/Other"", ""Unspecified/Other""]","U.S. Department of Homeland Security U.S. Citizenship and Immigration Services www.uscis.gov U.S. Citizenship and Immigration Services Office of the Director (MS 2000) Washington, DC 20529-2000 February 5, 2020 PA-2020-04 Policy Alert SUBJECT: Public Charge Ground of Inadmissibility Purpose U.S. Citizenship and Immigration Services (USCIS) is issuing guidance in the USCIS Policy Manual to address the Inadmissibility on Public Charge Grounds Final Rule.1 Background Under section 212(a)(4) of the Immigration and Nationality Act (INA), an alien who is likely at any time to become a public charge is inadmissible.2 USCIS published the Inadmissibility on Public Charge Grounds Final Rule on August 14, 2019, with an effective date of October 15, 2019. The Final Rule was subsequently enjoined by several federal courts. On January 27, 2020, the Supreme Court of the United States stayed the last nationwide injunction allowing the Department of Homeland Security (DHS) to implement the Final Rule everywhere except for the State of Illinois, where the Final Rule remains enjoined.3 DHS has renewed its request for a stay of the Illinois injunction from the U.S. Court of Appeals for the Seventh Circuit in light of the Supreme Court decision. The public charge inadmissibility ground and the Final Rule reflect Congress’ longstanding national immigration policy that aliens seeking to come to or remain in the United States are self-sufficient and will not rely on public benefits, as defined in the Final Rule."
,,USCIS policy changes affecting adjustment of status under INA 245(a) and 245(k),1,0.032787,USCIS updates policy on applying discretion in adjudications,[],[],"For more information on how to conduct a discretionary analysis in the context of an adjustment application, see Volume 7, Adjustment of Status, Part A, Adjustment of Status Policies and Procedures, Chapter 10, Legal Analysis and Use of Discretion [7 USCIS-PM A.10]. [^ 21] See, for example, INA 245(a) and INA 209(b). Exceptions include adjustment of status based on Nicaraguan Adjustment and Central American Relief Act of 1997 (NACARA), Title II of Pub. L. 105-100 Chapter 8 - Discretionary Analysis | USCIS https://www.uscis.gov/policy-manual/volume-1-part-e-chapter-8 12 of 18 11/13/20, 11:20 AM (PDF), 111 Stat. 2160, 2193 (November 19, 1997); refugee-based adjustment under INA 209(a)(2); adjustment of status based on Haitian Refugee Immigration Fairness Act of 1998 (HRIFA), Section 902 of Division A, Title IX of Pub. L. 105-277 (PDF), 112 Stat. 2681, 2681-538 (October 21, 1998); adjustment of status based on Liberian Refugee Immigration Fairness (LRIF) law, Section 7611 of the National Defense Authorization Act for Fiscal Year 2020, Pub. L. 116-92 (PDF) (December 20, 2019). [^ 22] See Application to Register Permanent Residence or Adjust Status (Form I-485). See INA 249. See 8 CFR 249. For more information, see Volume 7, Adjustment of Status, Part O, Registration [7 USCIS-PM O]. [^ 23] See INA 289 and 8 CFR 289. [^ 24] See Application for Waiver of Grounds of Inadmissibility (Form I-601). See Application for Provisional Unlawful Presence Waiver (Form I-601A). See Application by Refugee for Waiver of Grounds of Excludability (Form I-602)."
,,USCIS policy changes affecting adjustment of status under INA 245(a) and 245(k),2,0.031281,USCIS issues final rule on public charge inadmissibility grounds,"[""U.S. Citizenship and Immigration Services""]","[""Unspecified/Other"", ""Unspecified/Other""]","Additional information about the public charge ground of inadmissibility also remains available on the USCIS Public Charge Resources webpage. This guidance, contained in Volume 8 of the Policy Manual, is controlling and supersedes any related prior guidance on the topic. Policy Highlights • Incorporates information from the related appendices addressing applicability of the public charge ground of inadmissibility to help applicants for adjustment of status more easily identify the immigration categories to which the public charge ground of inadmissibility applies. Summary of Changes Affected Section: Volume 8 > Part G > Chapter 3 > Section B, Applicants for Adjustment of Status 1 The related appendices remain unchanged. To provide feedback on this update, email USCIS at policyfeedback@uscis.dhs.gov. PA-2023-20: Incorporating Guidance on Applicability of the Public Charge Ground of Inadmissibility Page: 2 • Revises section in its entirety, to include the addition of various tables listing the categories of adjustment of status applicants subject to the public charge ground of inadmissibility. USCIS may also make other minor technical, stylistic, and conforming changes consistent with this update. Citation Volume 8: Admissibility, Part G, Public Charge Ground of Inadmissibility, Chapter 3, Applicability [8 USCIS-PM G.3]."
,,USCIS policy changes affecting adjustment of status under INA 245(a) and 245(k),3,0.031025,EOIR issues guidance on adjustment of status eligibility for certain Liberians under the NDAA,"[""Unspecified/Other"", ""Executive Office for Immigration Review""]","[""Unspecified/Other""]","An alien shall not be eligible for adjustment of status under the new program if the Secretary determines that the alien: 1. has been convicted of any aggravated felony; 2. has been convicted of two or more crimes involving moral turpitude ( other than a purely political offense); or 3. has ordered, incited, assisted, or otherwise participated in the persecution of any person on account of race, religion, nationality, membership in a particular social group, or political opinion. Id. § 761 l(b)(3). II. Aliens Subject to Orders of Exclusion, Deportation, Removal, or Voluntary Departure An alien present in the United States who is otherwise subject to an order of exclusion, deportation, removal, or voluntary departure under any provision of the Immigration and Nationality Act (INA) may, notwithstanding the existence of such an order, submit an application for adjustment of status under this new program if the alien is otherwise eligible for adjustment of status. NDAA § 761 l(b)(4)(A). 1 No separate motion to reopen, reconsider, or vacate is required in order to apply for adjustment of status under this program. Id.§ 761 l(b)(4)(B). Accordingly, the immigration court and the Board should reject the filing of any motion that seeks to reopen, reconsider, or vacate an order of exclusion, deportation, removal, or voluntary departure solely based on a potential or pending application under the new provisions of the NDAA.2 1 The Secretary also ""shall promulgate regulations establishing procedures by which an alien who is subject to a final order of deportation, removal, or exclusion, may seek a stay of such order based on the filing of an application"" under this program."
,,USCIS policy changes affecting adjustment of status under INA 245(a) and 245(k),4,0.030798,USCIS waives COVID-19 vaccination requirement for Adjustment of Status applicants,"[""U.S. Citizenship and Immigration Services""]","[""Unspecified/Other""]","Home > Newsroom > All News > Alerts > USCIS Waives COVID-19 Vaccination Requirement for Adjustment of Status Applicants USCIS Waives COVID-19 Vaccination Requirement for Adjustment of Status Applicants Release Date : 01/22/2025 Effective Jan. 22, 2025, USCIS is waiving any and all requirements that applicants for adjustment of status to that of a lawful permanent resident present documentation on their Form I-693, Report of Immigration Medical Examination and Vaccination Record, that they received the COVID-19 vaccination. USCIS will not issue any Request for Evidence or Notice of Intent to Deny related to proving a COVID-19 vaccination. USCIS will not deny any adjustment of status application based on the applicant’s failure to present documentation that they received the COVID-19 vaccination. Last Reviewed/Updated: 01/22/2025 MENU 1/23/25, 5:41 PM USCIS Waives COVID-19 Vaccination Requirement for Adjustment of Status Applicants | USCIS https://www.uscis.gov/newsroom/alerts/uscis-waives-covid-19-vaccination-requirement-for-adjustment-of-status-applicants 1/1"
,,USCIS policy changes affecting adjustment of status under INA 245(a) and 245(k),5,0.030550,DHS Ends Automatic Extension of Employment Authorization Documents,"[""U.S. Citizenship and Immigration Services""]","[""Employment Verification"", ""Unspecified/Other""]","U.S. Citizenship and Immigration Services (USCIS) issued an interim final rule (IFR) to end the automatic 540-day extension under 8 C.F.R § 274a.13 of Form I-766 employment authorization documents (EADs) that were timely filed. Applications filed before October 30, 2025, will still receive the automatic extension. This policy applies to refugees, asylees, green-card applicants, and noncitizens applying for or granted withholding of removal, among others. The IFR does not affect automatic extension of EADs for Temporary Protected Status (TPS) beneficiaries under Immigration and Nationality Act (INA) § 244 or the validity of EADs that were automatically extended prior to October 30 or which are otherwise automatically extended by law or Federal Register notice. USCIS states the change aims to strengthen vetting and security checks, including more background checks and biometric data collection. USCIS acknowledges that this change could leave some individuals temporarily out of work. USCIS asserts that this action is consistent with EO 14159 § 16's directive to DHS to take all appropriate action to ensure EADs are issued consistent with Immigration and Nationality Act (INA) § 274A and EADs are not issued to unauthorized noncitizens. Public comments must be received on or before December 1, 2025. Trump 2.0 [ID #2037]"
,,evolution of visa bulletin movement and retrogression policy since 2015,1,0.032522,"POTUS issues Presidential Proclamation 9983, adding six new countries to Travel Ban","[""Customs and Border Protection"", ""U.S. Citizenship and Immigration Services"", ""Bureau of Consular Affairs""]","[""Unspecified/Other""]","Embassies and Consulates have continued to provide emergency and mission-critical visa services since the beginning of the COVID-19 pandemic and will continue to do so as they are able. Applicants, including those previously denied due to P.P. 9645 or 9983, should consult the website of their nearest U.S. embassy or consulate to determine if their case qualiﬁes for expedited processing. As post-speciﬁc conditions improve, our missions will begin providing additional services, culminating eventually in a complete resumption of routine visa services. Please see here for more information on the phased resumption of visa services."
,,evolution of visa bulletin movement and retrogression policy since 2015,2,0.029762,"POTUS issues EO 13780, extending travel ban and instructing agencies to enhance screening of certain foreign nationals","[""Customs and Border Protection"", ""U.S. Citizenship and Immigration Services"", ""Bureau of Consular Affairs""]","[""Unspecified/Other""]","Presidential Documents 13209 Federal Register Vol. 82, No. 45 Thursday, March 9, 2017 Title 3— The President Executive Order 13780 of March 6, 2017 Protecting the Nation From Foreign Terrorist Entry Into the United States By the authority vested in me as President by the Constitution and the laws of the United States of America, including the Immigration and Nationality Act (INA), 8 U.S.C. 1101 et seq., and section 301 of title 3, United States Code, and to protect the Nation from terrorist activities by foreign nationals admitted to the United States, it is hereby ordered as follows: Section 1. Policy and Purpose. (a) It is the policy of the United States to protect its citizens from terrorist attacks, including those committed by foreign nationals. The screening and vetting protocols and procedures associated with the visa-issuance process and the United States Refugee Admissions Program (USRAP) play a crucial role in detecting foreign nationals who may commit, aid, or support acts of terrorism and in preventing those individuals from entering the United States. It is therefore the policy of the United States to improve the screening and vetting protocols and procedures associated with the visa-issuance process and the USRAP. (b) On January 27, 2017, to implement this policy, I issued Executive Order 13769 (Protecting the Nation from Foreign Terrorist Entry into the United States). (i) Among other actions, Executive Order 13769 suspended for 90 days the entry of certain aliens from seven countries: Iran, Iraq, Libya, Somalia, Sudan, Syria, and Yemen."
,,evolution of visa bulletin movement and retrogression policy since 2015,3,0.029274,"State Department Announces Visa Restrictions for Foreign Officials and Others ""Facilitating Illegal Migration""","[""Bureau of Consular Affairs"", ""Unspecified/Other""]","[""Unspecified/Other"", ""Unspecified/Other""]","This visa restriction policy is pursuant to Section 212(a)(3)(C) of the Immigration and Nationality Act, which Home > O!ce of the Spokesperson > Press Releases > Announcement of a Visa Restriction Policy Targeting Foreign O""cials and Others Facilitating Illegal Migration into the United States PRESS STATEMENT MARCO RUBIO, SECRETARY OF STATE MARCH 5, 2025 Announcement of a Visa Restriction Policy Targeting Foreign Officials and Others Facilitating Illegal Migration into the United States An o""cial website of the United States Government Here's how you know      ✉ POLICY ISSUES COUNTRIES & AREAS BUREAUS & OFFICES ABOUT search Newsroom Business Employees Job Seekers Students Travelers Visas White House USA.govO!ce of the Inspector General ArchivesContact Us FOLLOW US Privacy Policy Accessibility Statement Copyright Information FOIA No FEAR Act      ✉ authorizes the Secretary of State to render inadmissible any alien whose entry into the Unites States “would have potentially serious adverse foreign policy consequences for the United States.” Certain family members may also be covered by these restrictions. Bureau of Consular A!airs O""ce of the Spokesperson The Secretary of State TAGS"
,,evolution of visa bulletin movement and retrogression policy since 2015,4,0.028790,EOIR Director issues guidance to restrict continuances,"[""Executive Office for Immigration Review""]","[""Unspecified/Other""]","2018). To the extent they are consistent with Matter of L-A-B-R, the following principles may also apply in specific cases: o Potential visa availability that is “too remote” does not establish good cause for a continuance. Matter of L-A-B-R-, 27 I&N Dec. at 418 (“good cause does not exist if the alien's visa priority date is too remote to raise the prospect of adjustment of status above the speculative level”); accord Matter of Quintero, 18 I&N Dec. 348, 350 (BIA 1982) (“In any case, the fact that the respondent has an approved visa petition does not entitle him to delay the completion of deportation proceedings pending availability of a visa number.”), aff’d sub nom. Quintero-Martinez v. INS, 745 F.2d 67 (9th Cir. 1984). o Under well-established precedent from the Board of Immigration Appeals (Board), a request for deferred action by DHS does not support an adjournment of proceedings. Matter of Quintero, 18 I&N Dec. at 350 (“Furthermore, since the respondent can request deferred action status at any stage in the proceedings, the immigration judge did not err in refusing to adjourn the hearing to allow him to pursue that relief.”). o Aliens who are prima facie eligible for an 1-751 waiver, including as a matter of discretion, should generally have their cases continued while that waiver application is pending with DHS. Matter of Stowers, 22 I&N Dec. 605 (BIA 1999). o Cases in which a confirmed unaccompanied alien child (UAC) has filed an asylum application with DHS must be continued while that application is pending adjudication with DHS because DHS has initial jurisdiction over such applications."
,,evolution of visa bulletin movement and retrogression policy since 2015,5,0.028787,"POTUS issues Presidential Proclamation, removing Chad from Travel Ban","[""Bureau of Consular Affairs""]","[""Visitor"", ""Unspecified/Other""]","(b) The initial report required under subsection (a) of this section shall be submitted within 180 days of the date of this proclamation; the second report shall be submitted within 270 days of the first report; and reports shall be submitted annually thereaxer. (c) The agency heads identified in subsection (a) of this section shall coordinate any policy developments associated with the reports described in subsection (a) of this section through the appropriate Assistants to the President. Sec. 6. Enforcement. (a) The Secretary of State and the Secretary of Homeland Security shall consult with appropriate domestic and international partners, including countries and organizations, to ensure ewicient, ewective, and appropriate implementation of this proclamation. (b) In implementing this proclamation, the Secretary of State and the Secretary of Homeland Security shall comply with all applicable laws and regulations, including those that provide an opportunity for individuals to enter the United States on the basis of a credible claim of fear of persecution or torture. (c) No immigrant or nonimmigrant visa issued before the applicable ewective date under section 7 of this proclamation shall be revoked pursuant to this proclamation. (d) Any individual whose visa was marked revoked or marked canceled as a result of Executive Order 13769 of January 27, 2017 (Protecting the Nation from Foreign Terrorist Entry into the United States), shall be entitled to a travel document confirming that the individual is permitted to travel to the United States and seek entry under the terms and conditions of the"
,,litigation impacting public charge inadmissibility rule enforcement timeline,1,0.032787,USCIS issues final rule on public charge inadmissibility grounds,"[""U.S. Citizenship and Immigration Services""]","[""Unspecified/Other"", ""Unspecified/Other""]","The rule also makes nonimmigrant aliens who have received certain public benefits above a specific threshold generally ineligible for extension of stay and change of status. “For over a century, the public charge ground of inadmissibility has been part of our nation’s immigration laws. President Trump has delivered on his promise to the American people to enforce long-standing immigration law by defining the public charge inadmissibility ground that has been on the books for years,” said USCIS Acting Director Ken Cuccinelli. “Throughout our history, self-suﬀiciency has been a core tenet of the American dream. Self-reliance, industriousness, and perseverance laid the foundation of our nation and have defined generations of hardworking immigrants seeking opportunity in the United States ever since. Through the enforcement of the public charge inadmissibility law, we will promote these longstanding ideals and immigrant success.” DHS has revised the definition of “public charge” to incorporate consideration of more kinds of public benefits received, which the Department believes will better ensure that applicants subject to the public charge inadmissibility ground are self-suﬀicient. The rule defines the term “public charge” to mean an individual who receives one or more designated public benefits for more than 12 months, in the aggregate, within any 36-month period (such that, for instance, receipt of two benefits in one month counts as two months). The rule further defines the term “public benefit” to include any cash benefits for income maintenance, Supplemental Security Income (SSI), Temporary Assistance to Needy Families (TANF), Supplemental Nutritional Assistance Program (SNAP), most forms of Medicaid, and certain housing programs."
,,litigation impacting public charge inadmissibility rule enforcement timeline,2,0.031281,State Department orders resettlement agencies to stop funded work supporting refugees currently in the U.S.,"[""Unspecified/Other""]","[""Refugees"", ""Unspecified/Other""]","Provide reporting to the Court (in accordance with the reporting timeline outlined below—i.e., three days after the deadline for compliance) regarding the total number of these individuals and the timeline for their admission. Given that the Government has already begun to admit some Injunction-Protected Refugees, such admissions should proceed immediately and with haste. g. Develop a comprehensive plan, including a detailed timeline, to renew the travel clearances, including security and medical authorizations, of all Injunction-Protected Refugees whose clearances have lapsed since January 20. This comprehensive plan may include a combination of measures, including: extending existing clearances where possible; arranging new screening appointments where formal extensions are not possible; authorizing applicants to arrange their own medical screenings; and facilitating expedited treatment from security vetting agencies. The Government must submit this plan to the Court in accordance with the reporting timeline outlined below (i.e., three days after the deadline for compliance). Case 2:25-cv-00255-JNW Document 119 Filed 05/05/25 Page 8 of 14 COMPLIANCE FRAMEWORK ORDER - 9 1 2 3 4 5 6 7 8 9 10 11 12 13 14 15 16 17 18 19 20 21 22 23 (2) The Government must take the following measures within FOURTEEN (14) days of this Order: a. Notify all Injunction-Protected Refugees of this Order and that the Government will resume processing their cases in accordance with this Order. b. Restore funding to RSCs as needed to ensure that the cases of all Injunction-Protected Refugees can be processed."
,,litigation impacting public charge inadmissibility rule enforcement timeline,3,0.031258,HHS issues notice excluding undocumented immigrants from additional federal benefits,"[""Unspecified/Other""]","[""Unspecified/Other""]","Plaintiff the District of Columbia is a municipal corporation organized under the Constitution of the United States. It is empowered to sue and be sued, and it is the local government for the territory constituting the permanent seat of the federal government. The District is represented by and through its chief legal officer, Attorney General Brian L. Schwalb. The Attorney General has general charge and conduct of all legal business of the District and all suits initiated by and against the District and is responsible for upholding the public interest. D.C. Code. § 1-301.81. 24. Plaintiff State of Hawai‘i, represented by and through its Attorney General Anne Lopez, is a sovereign state of the United States of America. The Attorney General is Hawaii’s chief legal officer and chief law enforcement officer and is authorized by Hawaii Revised Statues § 28-1 to pursue this action. 25. Plaintiff State of Illinois is a sovereign state in the United States of America. Illinois is represented by Kwame Raoul, the Attorney General of Illinois, who is the chief law enforcement officer of Illinois and authorized to sue on the State’s behalf. Under Illinois law, the Attorney General is authorized to represent the State’s interests by the Illinois Constitution, article V, section 15. See 15 Ill. Comp. Stat. 205/4. 26. Plaintiff State of Maine is a sovereign state of the United States of America. Maine is represented by Aaron M. Frey, the Attorney General of Maine. The Attorney General is authorized to pursue this action pursuant to Me."
,,litigation impacting public charge inadmissibility rule enforcement timeline,4,0.030579,"EO 14165 § 7(b) directs termination of ""categorical parole programs"" including CHNV Parole Processes","[""Customs and Border Protection"", ""U.S. Citizenship and Immigration Services"", ""Unspecified/Other""]","[""Unspecified/Other""]","This means it is generally unlawful to parole into the United States aliens with pending applications for refugee status filed abroad, and aliens found to have prima facie asylum claims who are being allowed into the United States to await adjudication of those claims. The sole exception to this bar is when the Secretary of DHS determines that compelling reasons in the public interest with respect to that particular alien require that the alien be paroled into the United States rather than admitted as a refugee. It is evident that many current DHS policies and practices governing parole are inconsistent with the statute. Therefore, I order the following: (1) Within sixty (60) days of the date of this order, the Director of U.S. Immigration and Customs Enforcement; the Commissioner of U.S. Customs and Border Protection; and the Director of U.S. Citizenship and Immigration Services are directed to: a. Compile a list of all instructions, policies, procedures, rules, and regulations pertaining to parole; b. Review all such instructions, policies, procedures, rules, and regulations and determine, in consultation with the DHS General Counsel, which are not strictly in accord with the text and structure of 8 U.S.C. § 1182(d)(5); c. Formulate a plan for phasing out any such instructions, policies, procedures, rules, and regulations, accompanied by a proposal and timeline for any necessary public notices to be published pursuant to the terms of the Administrative Procedure Act or any other applicable law; d."
,,litigation impacting public charge inadmissibility rule enforcement timeline,5,0.029643,President issues memoranda targeting immigration lawyers with sanctions for alleged misconduct,"[""Unspecified/Other"", ""Unspecified/Other""]","[""Unspecified/Other""]","President Trump issued a memorandum instructing the Attorney General and the Secretary of Homeland Security to enforce attorney conduct rules, with an emphasis on Rule 11 of the Federal Rules of Civil Procedure and Rule 3.1 of the Model Rules of Professional Conduct. These regulations prohibit unethical practices, including the filing of frivolous lawsuits. The directive calls for sanctions in such cases, particularly those impacting national security, public safety, or elections, and requires disciplinary measures against attorneys who violate these standards. It also mandates a review of past legal actions for potential misconduct and accuses the immigration bar and law firms' pro bono legal practices of coaching asylum applicants to mislead immigration authorities and courts into granting unwarranted relief harming national security. [Trump 2.0 ID #1640]"
,,DHS and DOS coordination policies for consular processing during COVID,1,0.031754,"EO 14165 § 6 directs DHS, DOS, and DOJ to resume the Migrant Protection Protocols","[""Unspecified/Other"", ""Unspecified/Other"", ""Unspecified/Other""]","[""Border"", ""Asylum, Withholding and CAT""]","21, 2021, https://www.dhs.gov/publication/metrics-and-measures. 24 DHS Office of Immigration Statistics analysis of U.S. CBP administrative records. In March 2020, the U.S. Centers for Disease Control and Prevention (CDC) issued a public health order under 42 U.S.C. §§ 265 and 268 to prevent the spread of COVID-19 in CBP holding facilities and in the United States. 85 Fed. Reg. 16,559 (Mar. 24, 2020). The Order temporarily suspending the introduction of certain persons into the United States from countries where a communicable disease exists. Id. In August 2021, CDC issued a new Order, which replaced, reaffirmed, and superseded the previous Orders. See 86 Fed. Reg. 42,828 (Aug. 5, 2021). 25 Memorandum from Kevin McAleenan, Acting Sec’y of Homeland Sec., Review of Migrant Protection Protocols Policy and Implementation (June 12, 2019). 26 Id. Working under the oversight of the Acting Deputy Secretary of Homeland Security, the Red Team was composed of individuals from the Offices of Privacy, Management, Civil Rights and Civil Liberties, and the Coast Guard. 27 DHS Office of Operations Coordination, The Migrant Protection Protocols Red Team Report (Oct. 25, 2019) [hereinafter Red Team Report]. 28 Id. at 4. 7 with respect to information provided to migrants upon initial screening and processing; the need for better access to counsel and better mechanisms for communication with counsel; the need to ensure better non-refoulement protections;29 the need for safe housing and protections for those returned to Mexico; and the need for administrative and logistical improvements, including the establishment of measures of effectiveness and better mechanisms for the sharing of key information between migrants and relevant government agencies."
,,DHS and DOS coordination policies for consular processing during COVID,2,0.031054,"POTUS issues Presidential Proclamation 9983, adding six new countries to Travel Ban","[""Customs and Border Protection"", ""U.S. Citizenship and Immigration Services"", ""Bureau of Consular Affairs""]","[""Unspecified/Other""]","9645 or 9983 and were determined not to qualify for a waiver before January 20, 2020, must submit a new visa application (DS-260) and pay a new visa application processing fee. IV applicants refused due to either P.P. 9645 or 9983 and whose eligibility for a waiver was still being evaluated, or who were determined not to qualify for a waiver within one year of January 20, 2021, and who also request their local embassy or consulate to resume processing on their case within one year of January 20, 2021 may be able to resume processing of their case without submitting a new application or paying a new visa application processing fee. Embassies and consulates will prioritize the adjudication of applications for those Rescission of Presidential Proclamations 9645 and 9983 https://travel.state.gov/content/travel/en/News/visas-news/rescission-... 2 of 3 1/31/21, 12:42 PM (DS-160) and pay a new visa application processing fee if they wish to reapply for a visa. Pursuant to President Biden’s proclamation, the Department can immediately process visa applications for individuals from the affected countries. Please note that the rescission of P.P.s 9645 and 9983 does not necessarily mean that your local U.S. embassy or consulate is able to immediately schedule all affected applicants for visa interviews. The resumption of routine visa services during the ongoing COVID-19 pandemic, prioritized after services to U.S. citizens, will occur on a post-by-post basis, consistent with the Department’s guidance for safely returning our workforce to Department facilities. U.S."
,,DHS and DOS coordination policies for consular processing during COVID,3,0.030282,"POTUS issues Presidential Proclamation, removing Chad from Travel Ban","[""Bureau of Consular Affairs""]","[""Visitor"", ""Unspecified/Other""]","(a) The Secretary of Homeland Security, in coordination with the Secretary of State, the Attorney General, the Director of National Intelligence, and other appropriate heads of agencies shall submit periodic reports to the President, through appropriate Assistants to the President, that: (i) describe the steps the United States Government has taken to improve vetting for nationals of all foreign countries, including through improved collection of biometric and 11/7/2018 Presidential Proclamation Enhancing Vetting Capabilities and Processes for Detecting Attempted Entry Into the United States by Terrorists or Other Pub… https://www.whitehouse.gov/presidential-actions/presidential-proclamation-enhancing-vetting-capabilities-processes-detecting-attempted-entry-united-states-terrori… 17/20 biographic data; (ii) describe the scope and magnitude of fraud, errors, false information, and unverifiable claims, as determined by the Secretary of Homeland Security on the basis of a validation study, made in applications for immigration benefits under the immigration laws; and (iii) evaluate the procedures related to screening and vetting established by the Department of State’s Bureau of Consular Awairs in order to enhance the safety and security of the United States and to ensure suwicient review of applications for immigration benefits. (b) The initial report required under subsection (a) of this section shall be submitted within 180 days of the date of this proclamation; the second report shall be submitted within 270 days of the first report; and reports shall be submitted annually thereaxer."
,,DHS and DOS coordination policies for consular processing during COVID,4,0.029710,"EO 14165 § 7(b) directs termination of ""categorical parole programs"" including CHNV Parole Processes","[""Customs and Border Protection"", ""U.S. Citizenship and Immigration Services"", ""Unspecified/Other""]","[""Unspecified/Other""]","8 The Federal Register Notice stated that parolees may apply for re-parole, which would be adjudicated and may be approved on a case-by-case basis, by filing Form I-131 and “must demonstrate urgent humanitarian reasons or significant public benefit specific to his or her case and that he or she merits a favorable exercise of discretion for parole[.]” Termination of Family Reunification Parole Processes, 90 Fed. Reg. at 58043. Case 1:25-cv-10495-IT Document 258 Filed 01/25/26 Page 6 of 42 7 Id. The Federal Register Notice acknowledged further that the programs sought to promote family unity by providing a faster pathway for United States citizens and lawful permanent residents to reunite with family members while awaiting availability of their immigrant visas. Id. DHS acknowledged “that aliens paroled into the United States under the FRP programs may have been able to reunite with family members in the United States.” Id. DHS concluded, however, that “that national security and fraud concerns, and the current Administration’s priorities outweigh[ed] those interests” and supported termination. Id. As to national security, the Federal Register Notice compared the FRP Programs’ vetting process to that of individuals pursuing lawful permanent resident status through consular processing. Id. In the latter case, applicants’ consular processing requires “an in-person interview outside the United States, and submission of various documents to establish the necessary family relationship with the petitioner[,]” while still outside of the United States."
,,DHS and DOS coordination policies for consular processing during COVID,5,0.029670,DOL proposes new collection form for employers seeking to employ H-2B nonimmigrant workers,"[""Unspecified/Other""]","[""Unspecified/Other""]","The Secretary determined that limiting returning workers to those who were issued an H-2B visa or granted H-2B status in the past 3 fiscal years was appropriate, as it mirrored the standard that Congress designated in previous returning worker provisions. Although Congress provided the Secretary of Homeland Security with the discretionary authority to increase the H-2B cap in FY 2020, the Secretary did not exercise that authority. DHS initially intended to exercise its authority and, on March 4, 2020, announced that it would make available 35,000 supplemental H-2B visas for the second half of the fiscal year. On March 13, 2020, President Trump declared a National Emergency concerning COVID-19, a communicable disease caused by the coronavirus SARS-CoV-2. On April 2, 2020, DHS announced that the rule to increase the H-2B cap was on hold due to economic circumstances, and that DHS would not release additional H-2B visas until further notice. DHS also noted that the Department of State had suspended routine visa services. In FY 2021, DHS in consultation with DOL determined it was appropriate to increase the H-2B cap for FY 2021 coupled with additional protections (for example, post-adjudication audits, investigations, and compliance checks), based on the demand for H-2B workers in the second half of FY 2021, continuing economic growth, the improving job market, and increased visa processing capacity by the Department of State. Accordingly, on May 25, 2021, DHS and DOL jointly published a TFR authorizing an increase of up to 22,000 additional H-2B visas for the remainder of FY 2021."
,,changes to H1B wage level rule and subsequent court vacatur,1,0.032787,DOL issues interim final rule on Adverse Effect Wage Rate for H-2A agricultural laborers,"[""Unspecified/Other""]","[""Unspecified/Other""]","99. The IFR—which governs the wages of H-2A workers—and its tiered system will significantly reduce the wages of H-2A workers, which in turn will likely result in similarly employed U.S. workers being paid materially less than they would have been under the regulatory regime preceding the IFR. For example, a job order with SOC 45-2092 for Farmworkers and Laborers, Crop, Nursery, and Greenhouse Occupational Title has an OEWS mean of $16.39 in North Carolina, a major H-2A user state. But the Skill Level I wage rate would be $12.78, a 22.03% drop. As another example, a shuttle driver in the Fort Myers area of Florida would have an average wage of $16.16 based on May 2024 OEWS data.88 However, the average wage decreases to $12.55 if the shuttle driver is designated Skill 1. If the majority of time is spent performing basic farm labor—which, under the primary duty rule, would result in a different SOC classification—the rate would be $12.47 if designated Skill Level I and $15.06 if designated Skill Level II. 87 Farm Labor, U.S. Dep’t of Agric. (Sept. 12, 2025), https://perma.cc/HSP4-Y3HC. 88 Occupational Employment and Wage Statistics Query System, U.S. Bureau of Lab. Stat. (Apr. 3, 2024), https://perma.cc/L2X2-35TZ. Case 1:25-cv-01614-KES-CDB Document 1 Filed 11/21/25 Page 31 of 46 32 COMPLAINT 1 2 3 4 5 6 7 8 9 10 11 12 13 14 15 16 17 18 19 20 21 22 23 24 25 26 27 28 100. These changes are exemplified by the chart below, reflecting information compiled by Cornell University, which shows how sweeping the decreases will be89: State Previous AEWR New AEWR for Domestic Employees in Corresponding Employment Adverse Compensation Adjustment New AEWR w/ Adverse Compensation Adjustment for H‐2A Skill Level I Skill Level II Skill Level I Skill Level II New York $18.83 $15.68* $18.75 ($2.40) $13.28* $16.35* (NYS minimum wage will apply in 2026: $16.00 in upstate and $17.00 in NYC/Long Island) (NYS minimum will apply in 2026: $16.00 in upstate and $17.00 in NYC/Long Island) (This wage will apply in upstate, NYC/Long Island will be required to pay the regional minimum wage of $17.00 in 2026) California $19.97 $16.45* $18.71 ($3.00) $13.45* $15.71* (CA minimum of $16.90 will apply effective Jan."
,,changes to H1B wage level rule and subsequent court vacatur,2,0.031258,USCIS issues final rule on public charge inadmissibility grounds,"[""U.S. Citizenship and Immigration Services""]","[""Unspecified/Other"", ""Unspecified/Other""]","In other words, Texas argues that aliens who would have been eligible for a status adjustment under the 1999 Guidance may have learned of the stricter 2019 Rule and chose not to apply, believing their applications would be denied. (See Dkt. No. 64 at 8). The Court is unpersuaded. First, this is speculative at best. Texas provides no evidence that the 2019 Rule resulted in fewer status changes. Rather, the evidence shows only the number of annual applications for status adjustment each year—not the total granted. Second, only “a subset of these individuals (i.e., those who are not exempt from the public charge ground of inadmissibility) [would have undergone] review for determination of inadmissibility based on public charge grounds.” Public Charge Ground of Inadmissibility, 87 Fed. Reg. at 55602. In other words, this data set includes an unspecified number of individuals who are not subject to a public charge determination. Since individuals who are not subject to public charge determinations can seek a change in status, an increase in the number of applications for status adjustment after the 2019 Rule vacatur—assuming those applications were granted—does not necessarily mean that the number of applicants subject to a public charge determination increased or will likely increase. Beyond the 2019 Rule vacatur, this data does not reflect the impact of the 2022 Rule change. In fact, the data Texas relies on covers the period before and after the 2019 Rule, Case 6:23-cv-00001 Document 70 Filed on 09/30/24 in TXSD Page 12 of 15"
,,changes to H1B wage level rule and subsequent court vacatur,3,0.030118,COVID-19: OFLC announces issuance of electronic PERM labor certifications,"[""U.S. Citizenship and Immigration Services"", ""Unspecified/Other""]","[""Unspecified/Other""]","Implementation Schedule: On October 8, 2020, employers and their authorized attorneys or agents will be able to: Access revised OES prevailing wage data for each SOC and area of intended employment at https://www.flcdatacenter.com/; Use the Foreign Labor Application Gateway (FLAG) system to submit LCAs at https://flag.dol.gov/; and Continue to submit requests for prevailing wage determinations using the FLAG system. On October 13, 2020, the NPWC will begin issuing prevailing wage determinations using the revised OES prevailing wage data computed for the Interim Final Rule. This brief delay in issuing wage determinations is necessary to complete the required technical changes to the FLAG system's internal prevailing wage determination module and reduce the risk of unintended system problems or errors that may impact customers and OFLC staff. OFLC will continue to issue non-OES based prevailing wages (e.g. employer-provided surveys or collective bargaining agreements) without delay. September 30, 2020. OFLC Publishes Updated Wage Data for the Commonwealth of Northern Mariana Islands. The Office of Foreign Labor Certification (OFLC) received an updated wage survey from the Governor of the Commonwealth of Northern Mariana Islands (CNMI) for the CW-1 program. OFLC has approved the Governor’s survey for 402 occupations and will issue updated CW-1 prevailing wages using this data from September 30, 2020, through June 30, 2021. The updated wage table includes prevailing wage data for a total of 820 occupations."
,,changes to H1B wage level rule and subsequent court vacatur,4,0.029857,"EOIR issues guidance on Pereira v. Sessions, announcing changes in NTA filings and case scheduling","[""Customs and Border Protection"", ""Immigration and Customs Enforcement"", ""U.S. Citizenship and Immigration Services"", ""Executive Office for Immigration Review""]","[""Unspecified/Other""]","2021), that the Immigration Court’s jurisdiction “vests upon the filing of an NTA, even one that does not at that time inform the alien of the time, date, and location of the hearing.” While this appeal was pending, the Supreme Court issued Niz-Chavez v. Garland, 141 S. Ct. 1474 (2021). Several of the amici contend that, in light of Niz-Chavez, our decisions in Matter of Bermudez-Cota and Matter of Rosales Vargas and Rosales Rosales can no longer stand. We disagree. Nothing in Niz-Chavez requires a different result. That case addressed whether an NTA that is deficient under Pereira for purposes of the stop-time rule can be cured by the subsequent service of a hearing notice that provides the required information. Niz-Chavez, 141 S. Ct. at 1479 (addressing “[w]hat qualifies as a notice to appear sufficient to trigger the stop-time rule?”). But neither Pereira nor Niz-Chavez purport to require termination of removal proceedings for lack of jurisdiction based on the absence of information required under section 239(a) of the Act. Like Pereira, Niz-Chavez addresses only the applicability of the stop-time rule—it is “the next chapter in the same story.” Id. at 1479 (addressing whether “the government must issue a single and comprehensive notice before it can trigger the stop-time rule.”) (emphasis added). The only question addressed by Niz-Chavez—whether an NTA that is statutorily deficient for purposes of the stop-time rule can be cured by the subsequent service of a notice containing the required information—is immaterial to jurisdiction."
,,changes to H1B wage level rule and subsequent court vacatur,5,0.029469,"AG Barr issues Matter of Thomas and Thompson, ruling on the immigration effect of modified criminal convictions","[""Attorney General"", ""Executive Office for Immigration Review""]","[""Unspecified/Other""]","§ 1101(a)(48) (emphasis added). An alien plainly has been convicted under the INA when a court has entered “a formal judgment of guilt,” and he has received a sentence when the court orders a “period of incarceration or confinement,” no matter whether that sentence is executed. The question then is whether the state court’s subsequent alteration of a “conviction” or a “sentence” changes those facts under the INA. Neither the INA nor the associated regulations provide further guidance on this point, but the statute’s history helps illuminate the meaning of the phrase. Congress amended the INA to define “conviction” following the Board’s decision in Matter of Ozkok, 19 I&N Dec. 546 (BIA 1988). There, the Board established a rule that “a conviction will be found for immigration purposes” where: (1) a judge or jury has found the alien guilty or he has entered a plea of guilty or nolo contendere or has admitted sufficient facts to warrant a finding of guilty; (2) the judge has ordered some form of punishment, penalty, or restraint on the person’s liberty to be imposed (including but not limited to incarceration, probation, a fine or restitution, or community-based sanctions such as a rehabilitation program, a work-release or study- release program, revocation or suspension of a driver’s license, deprivation of nonessential activities or privileges, or community service); and (3) a judgment or adjudication of guilt may be entered if the person violates the terms of his probation or fails to comply with the requirements of the court’s order, without availability of further proceedings regarding the person’s guilt or innocence of the original charge."
,,policy shifts in administrative closure authority EOIR and Attorney General decisions,1,0.031754,"EO 14165 § 7(b) directs termination of ""categorical parole programs"" including CHNV Parole Processes","[""Customs and Border Protection"", ""U.S. Citizenship and Immigration Services"", ""Unspecified/Other""]","[""Unspecified/Other""]","218] (“Pls.’ Mem.”). Relatedly, Plaintiffs allege that the Secretary exceeded her authority by failing to adhere to statutory requirements. Id. at 14–16. Plaintiffs also challenge how the decision was communicated, alleging that notice to parolees was deficient. Id. at 17–18. And finally, Plaintiffs challenge the approach taken to promulgate the decision itself, claiming that such a decision could only be issued following a notice-andcomment period. Id. at 18–19. None of these challenges go to the Secretary’s ultimate decision to terminate parole. Instead, they speak to whether the steps taken to do so were proper. The statute is silent on whether the procedures employed by Secretary to terminate grants of parole are likewise left to the discretion of the Secretary. In Kucana v. Holder, 558 U.S. 233 (2010), in considering whether Section 1252(a)(2)(B)(ii) barred judicial review of an Case 1:25-cv-10495-IT Document 258 Filed 01/25/26 Page 13 of 42 14 administrative determination, the Supreme Court emphasized “a familiar principle of statutory construction: the presumption favoring judicial review of administrative action.” Id. at 251. “When a statute is ‘reasonably susceptible to divergent interpretation, [the Court] adopt[s] the reading that accords with traditional understandings and basic principles: that executive determinations generally are subject to judicial review.” Id. (internal quotations omitted). Pursuant to Kucana, the First Circuit has further held that “a statutory provision must expressly and specifically vest discretion in the Attorney General (for example, by explicitly using the words ‘in the discretion of the Attorney General’) rather than simply leave to the executive branch certain decisions and determinations that happen to be discretionary in nature.” ValerioRamirez v."
,,policy shifts in administrative closure authority EOIR and Attorney General decisions,2,0.030622,"EOIR issues guidance on Pereira v. Sessions, announcing changes in NTA filings and case scheduling","[""Customs and Border Protection"", ""Immigration and Customs Enforcement"", ""U.S. Citizenship and Immigration Services"", ""Executive Office for Immigration Review""]","[""Unspecified/Other""]","The Seventh Circuit concluded that the Government fulfilled its obligations to provide the alien with notice because the notice to appear and the notice of hearing together vested the Immigration Judge with jurisdiction over his removal proceedings. With respect to the “stop-time” rule, the court determined that the rule was triggered “through receipt of both” forms of notice. Id. at 810. We agree with the Fifth, Seventh, Eighth, and Ninth Circuits that a two-step notice process is sufficient to meet the statutory notice requirements in section 239(a) of the Act. Accordingly, a notice to appear that does not specify the time and place of an alien’s initial removal hearing vests an Immigration Judge with jurisdiction over the removal proceedings and meets the requirements of section 239(a) of the Act, so long as a notice of hearing specifying this information is later sent to the alien. As noted, Pereira is distinguishable and did not address this issue. Because the respondent received proper notice of the time and place of his proceeding when he received the notice of hearing, his notice to appear was not defective. We will therefore deny his motion to terminate his proceedings. With regard to his appeal, the respondent challenges the Immigration Judge’s decision to deny his requests for administrative closure and a continuance. However, his arguments regarding administrative closure are foreclosed by the Attorney General’s decision in Matter of Castro-Tum, 27 I&N Dec. 271, 272 (A.G."
,,policy shifts in administrative closure authority EOIR and Attorney General decisions,3,0.030478,EOIR Director issues guidance to restrict continuances,"[""Executive Office for Immigration Review""]","[""Unspecified/Other""]","• EOIR has no policy mandating or requiring Immigration Judges to grant a continuance for any reason in any particular case or circumstance, except where a continuance is required by binding law. See PM 20-07, Case Management and Docketing Practices at 5 (Jan. 31, 2020). EOIR management does not possess authority to direct the result of an adjudication by an Immigration Judge by directing the Judge to grant or deny a continuance request in specific cases. • Consistent with former OPPM 17-01, continuances based on requests made by the U.S. Department of Homeland Security (DHS) should be comparatively rare. o Consistent with OPPM 05-03, Background and Security Investigations in proceedings Before Immigration Judges and the Board of Immigration Appeals (Mar. 28, 2005) and PM 21-06, Asylum Processing (Dec. 4, 2020), a failure by DHS to report on the completion and results of relevant investigations and examinations does not require a continuance of the hearing, though Immigration Judges may not grant certain applications until the results of those investigations and examinations have been reported. 8 C.F.R. § 1003.47.2 o Consistent with PM 20-07, EOIR has no policy requiring an Immigration Judge to grant a continuance if a DHS attorney does not appear for a hearing or does not possess that agency’s administrative file at the hearing. • The general standard for a continuance is good cause, 8 C.F.R. § 1003.29. By statute, however, “[i]n the absence of exceptional circumstances, final administrative adjudication of [an] asylum application, not including administrative appeal, shall be completed within 180 days after the date an application is filed.” INA § 208(d)(5)(A)(iii)."
,,policy shifts in administrative closure authority EOIR and Attorney General decisions,4,0.030310,"OMB temporarily pauses agency grant, loan, and financial assistance programs","[""Unspecified/Other""]",[],"53. Defendant United States Department of Justice is an independent agency within the executive branch of the United States government. 28 U.S.C. § 501. 54. Defendant James R. McHenry III is the Acting Attorney General for the United States Department of Justice, and that agency’s highest ranking official. He is charged with the supervision and management of all decisions and actions of that agency. He is sued in his official capacity. 28 U.S.C. § 503, https://www.whitehouse.gov/presidential-actions/2025/01/designationof-acting-leaders/. Case 1:25-cv-00039 Document 1 Filed 01/28/25 Page 11 of 44 PageID #: 11 12 55. Defendant the National Science Foundation is an independent agency within the executive branch of the United States government. 56. Defendant Dr. Sethuraman Panchanathan is the Director of the National Science Foundation, and that agency’s highest ranking official. He is charged with the supervision and management of all decisions and actions of that agency. He is sued in his official capacity. ALLEGATIONS A. Background i. Executive Orders 57. On January 20, 2025, and in the days following, President Trump issued a series of executive orders announcing widespread policy changes and indicating, in a non-specific and unclear manner, that a number of funding commitments to various federal funding recipients would be rescinded. The OMB Directive purports to implement these executive orders. None of these orders lawfully or reasonably provides authority for the OMB Directive’s disruption of all federal financial assistance, nor could they."
,,policy shifts in administrative closure authority EOIR and Attorney General decisions,5,0.029412,"AG Bondi issues Matter of S-S-F-M-, restricting asylum claims based on domestic violence","[""Immigration and Customs Enforcement"", ""U.S. Citizenship and Immigration Services"", ""Attorney General"", ""Executive Office for Immigration Review""]","[""Asylum, Withholding and CAT"", ""Unspecified/Other""]","2021). A-B- II, moreover, explained that A-B- I “reiterated and did not change the legal standard for determining when ‘persecution’ by third parties may be attributed to the government.” See 28 I&N Dec. at 213; see also id. at 202 (“No matter whether Matter of A-B- is viewed as changing the existing standard for persecution, I conclude . . . that Matter of A-B-’s formulation appropriately clarifies the requisite governmental role in relation to persecution by private actors for purposes of establishing refugee status.”). A-B- II then clarified the application of that standard. See id. at 203–07. If anything, it is Attorney General Garland’s decision to vacate that clarification without replacing it with anything himself that has contributed to confusion over the applicable standards in this field. Third, A-B- III was wrong to suggest that the issues addressed in A-B- I and A-B- II are best left to rulemaking. “[W]hether A-B- I had changed the ‘unable or unwilling’ standard, the proper application of that standard, and the meaning of the statutory ‘one central reason’ test,” A-B- III, 28 I&N Dec. at 309, are legal questions appropriately resolved as part of the Attorney General’s authority to issue “controlling” decisions “with respect to all questions of law” “relating to the immigration and naturalization of aliens,” 8 U.S.C. § 1103(a)(1). And as Attorney General Barr explained in a different opinion that I am reinstituting as precedent today, what constitutes a cognizable social group is “defined with sufficient particularity and is socially distinct in [an applicant’s] society” is inherently a “fact-based"
,,USCIS deference policy to prior approvals H1B adjudications changes,1,0.032787,USCIS updates policy on applying discretion in adjudications,[],[],"U.S. Department of Homeland Security U.S. Citizenship and Immigration Services Office of the Director (MS 2000) Washington, DC 20529-2000 U.S. Citizenship and Immigration Services www.uscis.gov July 15, 2020 PA-2020-10 Policy Alert SUBJECT: Applying Discretion in USCIS Adjudications Purpose U.S. Citizenship and Immigration Services (USCIS) is consolidating existing policy guidance in the USCIS Policy Manual regarding officers’ application of discretion in adjudications. Background On June 22, 2020, the President issued a Proclamation that addresses, among other things, the Department of Homeland Security’s (DHS’s) administration of employment authorization benefits.1 In addition to relying on statutory and regulatory provisions on employment authorization, USCIS reminds officers to refer to existing guidance, now consolidated in the USCIS Policy Manual, on the exercise of discretion in adjudications. For many immigration benefits, such as certain applications for lawful permanent residence and employment authorization documents, the benefit requestor has the burden of demonstrating eligibility for the benefit sought, including that a favorable exercise of discretion is warranted.2 If the requestor otherwise establishes eligibility, which may require a showing that the alien is not inadmissible under the law, and positive discretionary factors present in the particular case outweigh any negative factors, USCIS should favorably exercise discretion. For benefits involving discretion, a discretionary analysis is a separate component of the adjudication of the benefit request; it is typically assessed at the end of the review, after an officer has determined that the requestor meets all other applicable eligibility requirements.3 This guidance, contained in Volumes 1 and 10 of the Policy Manual, incorporates and replaces Chapter 10.15 of the Adjudicator’s Field Manual (AFM), as well as the AFM’s related appendices, and related policy memoranda.4 The guidance contained in the Policy Manual is controlling and supersedes any related prior guidance on the topic."
,,USCIS deference policy to prior approvals H1B adjudications changes,2,0.031025,"EO 14165 § 7(b) directs termination of ""categorical parole programs"" including CHNV Parole Processes","[""Customs and Border Protection"", ""U.S. Citizenship and Immigration Services"", ""Unspecified/Other""]","[""Unspecified/Other""]","And the Davidson Memorandum stated that the “pause” on benefits adjudications would remain in place at least until “USCIS completes a comprehensive review and evaluation of the in-country population of aliens who are or were paroled into the United States under these categorical parole programs[.]” Davidson Memorandum 3 [Doc. No. 41-3]. Nothing in the Davidson Memorandum, or the executive orders cited therein, explains the agency’s decision to suspend benefits adjudications for any individual who received parole through one of the relevant programs until every single such person has been screened and vetted. Nor did the Davidson Memorandum even consider the reasonable alternative of performing screening and vetting, through application of a “uniform baseline,” as part of the adjudication of an application for immigration benefits, rather than pausing adjudications altogether for vetting to be performed separately. Beyond the inadequate justification for the indefinite suspension of all applications, the Davidson Memorandum gave no consideration of the reliance interests of individuals already present in the United States seeking immigration benefits. While such reliance interests of course 38 To be certain, the purported evidence of fraud in the Davidson Memorandum lacked specificity and, arguably, relevance to the agency action taken. The Memorandum’s details and numbers of incidents regarding fraud primarily concerned supporters, and no details or numbers were included as to the “instances identified where certain beneficiaries were not fully vetted by CBP and were the subject of national security or public safety information that was not properly assessed prior to parole by CBP.” See Davidson Memorandum 2 [Doc."
,,USCIS deference policy to prior approvals H1B adjudications changes,3,0.031010,Asylum seekers given less time to prepare for credible fear interviews,"[""U.S. Citizenship and Immigration Services""]","[""Asylum, Withholding and CAT""]","17-2 at 12 (Johnson Decl., Ex. 1 at D-1). That same day, acting Secretary McAleenan also revised USCIS’s order of succession, designating the newly created position of Principal Deputy Director as “the First Assistant and most senior successor to the Director of USCIS.” Dkt. 17-4 at 7 (Blackwell Decl., Ex. 2). These two changes—both of which occurred after the vacancy arose—allowed Cuccinelli to leapfrog Koumans to become USCIS’s acting Director. But neither of these changes was designed to endure. Acting Secretary McAleenan specified that Cuccinelli’s appointment as Principal Deputy Director “will remain in effect until the earlier to occur of (1) the appointment of a Director of USCIS by the President of the United States, or (2) the express revocation of this appointment.” Id. at 5 (Blackwell Decl., Ex. 1). And acting Secretary McAleenan specified that the revised order of succession, which re-designated the Principal Deputy Director position as the “first assistant” to the Director, “will terminate automatically, without further action, upon the appointment of a new Director of USCIS by the President.” Id. at 7 (Blackwell Decl., Ex.2). In other words, as soon as the vacant office is filled, the status quo will be restored. On July 2, 2019, three weeks after assuming his new office, Cuccinelli issued a memorandum announcing a revised policy for scheduling credible-fear interviews in expedited removal proceedings. AR 113. Under the revised policy, USCIS (1) reduced the time allotted for asylum seekers to consult with others prior to their credible-fear interviews from 72 or 48 hours to “one full calendar day from the date of arrival at a detention facility,” AR 113 (“reduced-time-to-consult directive”), and (2) prohibited asylum officers from granting asylum Case 1:19-cv-02676-RDM Document 34 Filed 03/01/20 Page 3 of 55"
,,USCIS deference policy to prior approvals H1B adjudications changes,4,0.030835,"USCIS proposes changes to Form G-325A, Biographic Information (for Deferred Action)","[""U.S. Citizenship and Immigration Services""]","[""Unspecified/Other""]","1 TABLE OF CHANGES – FORM Form G-325A, Biographic Information (for Deferred Action) OMB Number: 1615-0008 05/15/2025 Reason for Revision: REV Project Phase: 60-Day Legend for Proposed Text: • Black font = Current text • Red font = Changes Expires xx/xx/2029 (10/30/2027) Edition Date xx/xx/2026 (01/20/2025) Current Page Number and Section Current Text Proposed Text Pages 1-3, Part 1. Information About You [Page 1] … 5. Sex Male Female [new] 6. USCIS Online Account Number (if any) 7. Alien Registration Number (A-Number) (if any) 8. All Other Names Used (include names by previous marriages) NOTE: Provide all other names you have ever used, including family name at birth, other legal names, nicknames, aliases, and assumed names. If extra space is needed to complete this section, use the space provided in Part 8. Additional Information. 9. City or Town of Birth 10. Country of Birth 11. Country of Citizenship or Nationality [Page 2] Your Prior Residences 12. Please list your previous addresses for the last five years excluding your current physical address. [Table 4 entries] Street Name and Number City [Page 1] … 5. Sex Male Female 6. U.S. Social Security Number (SSN) (if any) 7. USCIS Online Account Number (if any) 8. Alien Registration Number (A-Number) (if any) 9. All Other Names Used (include names by previous marriages) NOTE: Provide all other names you have ever used, including family name at birth, other legal names, nicknames, aliases, and assumed names. If extra space is needed to complete this section, use the space provided in Part 6."
,,USCIS deference policy to prior approvals H1B adjudications changes,5,0.029958,USCIS issues final rule on public charge inadmissibility grounds,"[""U.S. Citizenship and Immigration Services""]","[""Unspecified/Other"", ""Unspecified/Other""]","Additional information about the public charge ground of inadmissibility also remains available on the USCIS Public Charge Resources webpage. This guidance, contained in Volume 8 of the Policy Manual, is controlling and supersedes any related prior guidance on the topic. Policy Highlights • Incorporates information from the related appendices addressing applicability of the public charge ground of inadmissibility to help applicants for adjustment of status more easily identify the immigration categories to which the public charge ground of inadmissibility applies. Summary of Changes Affected Section: Volume 8 > Part G > Chapter 3 > Section B, Applicants for Adjustment of Status 1 The related appendices remain unchanged. To provide feedback on this update, email USCIS at policyfeedback@uscis.dhs.gov. PA-2023-20: Incorporating Guidance on Applicability of the Public Charge Ground of Inadmissibility Page: 2 • Revises section in its entirety, to include the addition of various tables listing the categories of adjustment of status applicants subject to the public charge ground of inadmissibility. USCIS may also make other minor technical, stylistic, and conforming changes consistent with this update. Citation Volume 8: Admissibility, Part G, Public Charge Ground of Inadmissibility, Chapter 3, Applicability [8 USCIS-PM G.3]."
,,evolution of SIJS eligibility interpretations and state court dependency requirements,1,0.032522,HHS issues notice excluding undocumented immigrants from additional federal benefits,"[""Unspecified/Other""]","[""Unspecified/Other""]","PRWORA is limited to programs with “eligibility units”; Defendants now say it applies to programs Congress wanted to be open to all. PRWORA governs access to “benefits”; Defendants now claim it applies to “programs” in their entirety, even where many of their benefits fall outside the statute. These new interpretations are not “unambiguously” correct; they are quite simply wrong. 10. The Constitution itself also forbids Defendants’ effort to reimagine PRWORA. Plaintiff States accepted federal funding for dozens of programs against the backdrop of Defendants’ settled interpretation of this statute. The Spending Clause does not permit Defendants to dramatically change that bargain and “surpris[e]” the States with “post acceptance,” “retroactive” conditions in the middle of their grant terms. Pennhurst State Sch. & Hosp. v. Halderman, 451 U.S. 1, 25 (1981). Nor may Defendants coerce states into restricting critical community programs—particularly in areas of traditional state power like public health and safety—or else face the loss of billions of dollars in federal funding. 11. Three of the notices are also inconsistent with the requirements of the Administrative Procedure Act. HHS, ED, and DOL failed to follow the requisite notice-andcomment procedures before announcing major, substantive changes to the way they implement PRWORA that would take effect immediately. Their explanations also lack the basic elements of reasoned decision-making: Defendants did not consider the massive reliance that had built up around their settled interpretations, nor even explain why they deemed many programs newly within PRWORA’s scope."
,,evolution of SIJS eligibility interpretations and state court dependency requirements,2,0.031754,"DOJ sues Illinois over ""Right to Privacy in the Workplace Act"" amendments","[""Unspecified/Other""]","[""Employment Verification""]","art. VI, cl. 2. 52. Express preemption occurs when Congress, through statutory language, explicitly supersedes all state enactments in a particular area. P. Gas and Elec. Co. v. State Energy Resources Conserv. & Develop. Comm’n, 461 U.S. 190, 203–04 (1983). 53. Implied “field preemption” occurs when a “scheme of federal regulation [is] so pervasive as to make reasonable the inference that Congress left no room to supplement it,” or where the “federal interest is so dominant that the federal system will be assumed to preclude enforcement of state laws on the same subject.” Rice v. Santa Fe Elevator Corp., 331 U.S. 218, 230 (1947). 54. Conflicts can also arise when a state law forms an “obstacle to the accomplishment and execution of the full purposes and objectives of Congress.” Hines, 312 U.S. at 67. 55. The goals of the INA’s employment eligibility verification provisions are clear— to compel employers to verify employment eligibility and encourage the use of E-Verify to help ensure that all aliens who are working in the United States are authorized to do so. 56. By imposing confusing rules during the employment verification process and threatening employers with penalties if they do not comply, SB0508 discourages and obfuscates the use of E-Verify and Form I-9 inspection requirements. Specifically, SB0508 imposes additional notification requirements on employers (at times delineating the time, place, and way notification must be provided) and prohibitions that go beyond federal law."
,,evolution of SIJS eligibility interpretations and state court dependency requirements,3,0.030769,"AG Barr issues Matter of Thomas and Thompson, ruling on the immigration effect of modified criminal convictions","[""Attorney General"", ""Executive Office for Immigration Review""]","[""Unspecified/Other""]","Holder, 595 F.3d 549, 556 (4th Cir. 2010) (“[I]t is a basic principle of administrative law that ‘the choice made between proceeding by general rule or by individual, ad hoc litigation is one that lies primarily in the informed discretion of the administrative agency.’” (quoting SEC v. Chenery Corp., 332 U.S. 194, 203 (1947)). Indeed, in the decades since Bell Aerospace, the Supreme Court “has not even suggested that a court can constrain an agency’s choice between rulemaking and adjudication.’” Velasco-Giron, 773 F.3d at 779 (emphasis added) (quoting Richard J. Pierce, Jr., I Administrative Law Treatise § 6.9 at 510 (5th ed. 2010)). And agencies retain their discretion even when announcing interpretations that may conflict with prior decisions. See Chisholm v. F.C.C., 538 F.2d 349, 364 (D.C. Cir. 1976) (“[A]n administrative agency is permitted to change its interpretation of a statute, especially where the prior interpretation is based on error, no matter how longstanding.”); see also id. at 365 (“The original interpretation of the [statute] was . . . established by adjudication; thus reversal by adjudication seems particularly appropriate here.”). I accordingly conclude that it is appropriate to address these Board precedents in the context of an administrative adjudication, and there is no legal requirement to do so by regulation. C. Finally, although I did not request briefing on the subject, the parties to this case have addressed which side should carry the burden of proof when it comes to establishing the state court’s reason for altering a sentence under the Pickering test."
,,evolution of SIJS eligibility interpretations and state court dependency requirements,4,0.030579,USCIS updates policy on applying discretion in adjudications,[],[],"In cases where negative factors are present, the oﬀicer may ask the requestor directly why he or she warrants a favorable exercise of discretion. The oﬀicer should document any response, or lack thereof, in the record. Determining Whether Requestor First Meets Threshold Eligibility Requirements The discretionary analysis is the final step in the adjudication. Generally, the oﬀicer should first determine whether the requestor meets all threshold eligibility requirements before beginning the discretionary analysis. If the oﬀicer determines the requestor has not met the eligibility requirements for the benefit sought, the oﬀicer may deny the request without completing a discretionary analysis. However, an oﬀicer may include a discretionary analysis if a discretionary denial would be warranted even if the requestor had met the threshold statutory and regulatory requirements. In the process of determining whether the requestor has met the eligibility requirements for the benefit sought, the oﬀicer might find that certain facts related to threshold eligibility for the specific benefit may also be relevant to the discretionary determination. For example, if an oﬀicer finds that an adjustment applicant was convicted of a crime, the applicant might be inadmissible. The criminal conviction may also aﬀect the discretionary analysis. Conducting Discretionary Analysis The act of exercising discretion involves the weighing of positive and negative factors and considering the totality of the circumstances in the specific case."
,,evolution of SIJS eligibility interpretations and state court dependency requirements,5,0.028986,"EO 14165 § 7(b) directs termination of ""categorical parole programs"" including CHNV Parole Processes","[""Customs and Border Protection"", ""U.S. Citizenship and Immigration Services"", ""Unspecified/Other""]","[""Unspecified/Other""]","Id. However, it does not impose a categorical ban on the use of expedited removal proceedings for those whose past parole has since been terminated. Both readings are plausible because, as Plaintiffs point out, ""parole"" can refer to both a manner of entry and a status. See Sanchez v. Mayorkas, 593 U.S. 409, 415 (2021) (""Lawful status and admission . . . are distinct concepts in immigration law.""). Similarly, the present perfect tense (e.g., ""ha[ve] been . . . paroled"") can be used both to ""denot[e] an act that has been completed,"" Barrett v. United States, 423 U.S. 212, 216 (1976), and to denote an event that continues to be true into the present, Case: 25-1384 Document: 00118339877 Page: 30 Date Filed: 09/12/2025 Entry ID: 6750605 - 31 - Hewitt v. United States, 145 S. Ct. 2165, 2172 (2025). And although both sides offer regulations in support of their proffered interpretations, the fact that different regulations appear to support both interpretations does not shed light on which interpretation Congress intended. Compare 8 C.F.R. § 212.5(e)(2)(i) (instructing that further proceedings may occur after the termination of parole under Section 235 of the INA, which includes expedited removal proceedings), with id. § 235.3(b)(6) (giving a person an opportunity to establish that they were ""admitted or paroled into the United States following inspection at a port-of-entry"" before being subject to expedited removal). But since the Government's interpretation of the statute is persuasive enough, we cannot discern a ""clear legal error,"" as the district court put it, in DHS's reasoning proffered in the Termination Notice."
,,policy changes governing employment authorization for pending adjustment applicants,1,0.032002,EOIR issues guidance on adjustment of status eligibility for certain Liberians under the NDAA,"[""Unspecified/Other"", ""Executive Office for Immigration Review""]","[""Unspecified/Other""]","Through Policy Memo 20-06, EOIR provides guidance on how the National Defense Authorization Act -- which contains a new eligibility program for adjustment of status for certain Liberian nationals and their immediate family members -- impacts on applicants' removability and other issues that may arise in immigration proceedings. [ID #232]"
,,policy changes governing employment authorization for pending adjustment applicants,2,0.031754,USCIS updates policy on applying discretion in adjudications,[],[],"Home > Policy Manual Chapter 5 - Discretion Guidance Resources (8) Appendices (0) Updates (3) ! Alert On September 11, 2020, the U.S. District Court for the District of Maryland in Casa de Maryland et al v. Chad Wolf provided limited injunctive relief to members of two organizations, CASA de Maryland (CASA) and the Asylum Seeker Advocacy Project (ASAP), in the application of the Asylum Application, Interview, and Employment Authorization for Applicants Rule to Form I-589s and Form I-765s filed by asylum applicants who are also members of CASA or ASAP. Therefore, while the rule is preliminarily enjoined, we will continue to apply the prior regulatory language and exempt from discretion CASA and ASAP members who file a Form I-765 based on an asylum application. A. Discretionary Authority and Applicability While employment authorization for certain aliens is automatic or non-discretionary by virtue of their immigration status, other aliens must aﬀirmatively apply for employment authorization and USCIS may grant employment authorization as a matter of discretion. The regulations outlined at 8 CFR 274a.12(c) specify categories of aliens who must apply for employment authorization and may be granted employment authorization as a matter of discretion; these aliens are referred to in this chapter as Category C applicants. For those Category C applicants seeking both employment authorization and an employment authorization document (EAD), the applicant must generally file an Application for Employment Authorization (Form I-765) with USCIS with the appropriate fee (unless waived), and in accordance with the form instructions."
,,policy changes governing employment authorization for pending adjustment applicants,3,0.031498,HUD orders immediate citizenship-verification for tenants in HUD-funded housing,"[""Unspecified/Other""]","[""Interior""]","PHAs should consult the guidance and manuals SAVE provides on understanding SAVE verification responses. 3 HUD assistance is defined as rental assistance in the public housing or housing choice voucher programs. 8 SAVE Response Section 214 Eligibility Status Republic of the Marshall Islands, or Palau.  Cuban/Haitian Entrant;  No Status – Granted Withholding of Removal – Employment Authorized Indefinitely;  Violence Against Women Act (VAWA) – Self-Petitioner – Temporary Employment Authorized;  VAWA Self-Petitioner; and  VAWA Self-Petitioner – Not Employment Authorized.  Non-Immigrant  Non-Immigrant – Temporary Employment Authorized;  Non-Immigrant – Temporary Employment Authorized – Indefinite;  Non-Immigrant – Not Employment Authorized;  Non-Immigrant – Employment Authorized CNMI Only;  Student Status Temporary Authorized;  If Principal – Temporary Employment Authorized;  If Principal or Spouse – Temporary Employment Authorized;  Temporary Resident – Temporary Employment Authorized;  Deferred Action for Childhood Arrivals (DACA) – Employment Authorized;  Temporary Protected Status (TPS) – Employment Authorized;  Application Pending (Form I-589 Asylum);  Application Pending (Form I-485 Adjustment of Status) – Temporary Employment Authorized;  Application Pending; Ineligible for HUD Assistance 9 SAVE Response Section 214 Eligibility Status  Application Pending – Temporary Employment Authorization;  Application Pending – Not Temporary Employment Authorization;  Deferred Action Status (DAS);  Deferred Action Status (DAS) – Not Employment Authorized;  Deferred Enforced Departure (DED); and  No Status;  No Status – Released on an Order of Supervision – Temporary Employment Authorized;  No Status – Employment Authorized Indefinitely; and  No Status Temporary Employment Authorized."
,,policy changes governing employment authorization for pending adjustment applicants,4,0.030536,"EO 14165 § 7(b) directs termination of ""categorical parole programs"" including CHNV Parole Processes","[""Customs and Border Protection"", ""U.S. Citizenship and Immigration Services"", ""Unspecified/Other""]","[""Unspecified/Other""]","Garland, 596 U.S. 328 (2022), that “the statutory bar applie[s] to every decision in the chain leading to [a] particular decision.” Opp. to Second Mot. for PI 8 [Doc. No. 89]; First Order on Motion to Stay 23 [Doc. No. 97]. Review of the indefinite suspension of initial parole and re-parole applications is not precluded by Section 1252(a)(2)(B)(ii) for reasons explained in the First Order on Motion to Stay [Doc. No. 97], including that challenges to policies and processes governing grants and revocations of parole are generally reviewable. marginally related” to the purposes of the immigration statutes as to foreclose them from bringing suit. 27 Section 1158(a) pertains to the granting of asylum. See 8 U.S.C. § 1158(a). Case 1:25-cv-10495-IT Document 107 Filed 05/28/25 Page 26 of 49 27 As to the Davidson Memorandum’s suspension of other adjudications, Defendants state that “asylum and most applications for adjustment of status are discretionary.” Opp. to Mot. for PI 10 [Doc. No. 42]. Asylum adjudications are expressly exempted from Section 1252(a)(2)(B)(ii), so that Section does not bar review of the Davidson Memorandum’s suspension of asylum adjudications. See 8 U.S.C. § 1252(a)(2)(B)(ii) (“other than the granting of relief under section 1158(a) of this title”). Other courts have found that Section 1252(a)(2)(B)(ii) bars review of DHS’s policy requiring an immigrant visa number to be available before approving or denying pending adjustment of status (“AOS”) applications. See Thigulla v."
,,policy changes governing employment authorization for pending adjustment applicants,5,0.030478,USCIS issues final rule on public charge inadmissibility grounds,"[""U.S. Citizenship and Immigration Services""]","[""Unspecified/Other"", ""Unspecified/Other""]","Additional information about the public charge ground of inadmissibility also remains available on the USCIS Public Charge Resources webpage. This guidance, contained in Volume 8 of the Policy Manual, is controlling and supersedes any related prior guidance on the topic. Policy Highlights • Incorporates information from the related appendices addressing applicability of the public charge ground of inadmissibility to help applicants for adjustment of status more easily identify the immigration categories to which the public charge ground of inadmissibility applies. Summary of Changes Affected Section: Volume 8 > Part G > Chapter 3 > Section B, Applicants for Adjustment of Status 1 The related appendices remain unchanged. To provide feedback on this update, email USCIS at policyfeedback@uscis.dhs.gov. PA-2023-20: Incorporating Guidance on Applicability of the Public Charge Ground of Inadmissibility Page: 2 • Revises section in its entirety, to include the addition of various tables listing the categories of adjustment of status applicants subject to the public charge ground of inadmissibility. USCIS may also make other minor technical, stylistic, and conforming changes consistent with this update. Citation Volume 8: Admissibility, Part G, Public Charge Ground of Inadmissibility, Chapter 3, Applicability [8 USCIS-PM G.3]."
,,CBP expedited inspection and secondary inspection policy guidance updates,1,0.032002,DHS Secretary ratifies interim final rule on Asylum Cooperative Agreements,"[""U.S. Citizenship and Immigration Services"", ""Unspecified/Other"", ""Executive Office for Immigration Review"", ""Unspecified/Other""]","[""Unspecified/Other"", ""Asylum, Withholding and CAT"", ""Unspecified/Other""]","Defendant Noem has issued the new DHS Designations in connection with ACAs signed by the current administration. Case 1:20-cv-00116-EGS Document 157-1 Filed 09/08/25 Page 14 of 52 12 31. Defendant DHS is a cabinet-level department of the United States federal government. Its components include U.S. Citizenship and Immigration Services (“USCIS”), Customs and Border Protection (“CBP”), and Immigration and Customs Enforcement (“ICE”). DHS and its components have issued challenged Guidance implementing the Rule. 32. Defendant Joseph Edlow is the Acting Director of USCIS. He is sued in his official capacity. 33. Defendant USCIS is the sub-agency of DHS that, through its asylum officers, adjudicates the applications of noncitizens who apply for asylum affirmatively and conducts credible fear screening interviews in expedited removal proceedings. Pursuant to the Rule and Guidance, USCIS asylum officers conduct “threshold screening interviews” to determine whether noncitizens can be removed to an ACA signatory country. 34. Defendant Rodney Scott is the Commissioner of CBP. He is sued in his official capacity. 35. Defendant CBP is the sub-agency of DHS that is responsible for the initial processing and detention of noncitizens who are apprehended near the U.S. border or who present themselves at ports of entry. CBP makes the initial determination whether an individual in expedited removal is “amenable” to removal pursuant to an ACA and, if so, refers the individual to USCIS for a “threshold screening interview.” 36."
,,CBP expedited inspection and secondary inspection policy guidance updates,2,0.031754,"EO 14165 § 6 directs DHS, DOS, and DOJ to resume the Migrant Protection Protocols","[""Unspecified/Other"", ""Unspecified/Other"", ""Unspecified/Other""]","[""Border"", ""Asylum, Withholding and CAT""]","if: (1) the alien cannot demonstrate eligibility for the exercise of parole discretion; (2) the alien has valid immigration status in Canada or Mexico; (3) Canadian or Mexican border officials express a willingness to accept the returning alien; and (4) the alien’s claim of fear of persecution or torture does not relate to Canada or Mexico.” Mem. from Jayson P. Ahern, Asst. Comm’r, Office of Field Ops., CBP, Treatment of Cuban Asylum Seekers at Land Border Ports of Entry 2-3 (June 10, 2005). The INS also issued guidance in 1997 and 1998 contemplating the use of Section 235(b)(2)(C) only as a “last resort” and only when the individual does not claim a fear of persecution related to Canada or Mexico. Mem. from Michael A. Pearson, Executive Assoc. Comm’r, Office of Field Ops., INS, Detention Guidelines Effective October 9, 1998 3 (Oct. 7, 1998); Mem. from Chris Sale, Deputy Comm’r, INS, Implementation of Expedited Removal 4 (Mar. 31, 1997) (same). 13 Secretaría de Relaciones Exteriores, Position of Mexico on the Decision of the U.S. Government to Invoke Section 235(b)(2)(C) of its Immigration and Nationality Act (Dec. 20, 2018). 14 Press Release, DHS, “Secretary Kirstjen M. Nielsen Announces Historic Action to Confront Illegal Immigration,” Dec. 20, 2018, https://www.dhs.gov/news/2018/12/20/secretary-nielsen-announces-historic-action-confront-illegal­ immigration [hereinafter Nielsen Release]. 5 On January 25, 2019, DHS issued policy guidance for implementing MPP,15 which was augmented a few days later by operational guidance from U.S."
,,CBP expedited inspection and secondary inspection policy guidance updates,3,0.030679,DHS deports DACA recipient returning with advance parole,"[""Customs and Border Protection"", ""Unspecified/Other""]","[""Border"", ""DACA""]","33. Upon returning to the United States, Mr. Cortez Martinez appeared for inspection at the port of entry at the airport in Dallas Fort Worth and tendered his documents to officers. He was then placed in secondary inspection and questioned. Mr. Cortez Martinez cooperated and truthfully answered all the officer’s questions. 34. At the conclusion of the interview, a CBP officer denied Mr. Cortez Martinez entry indicating that he was “inadmissible to the United States pursuant to section 212(a)(7)(A)(i)(I) of the INA as an immigrant without an immigrant visa based on the Case 3:25-cv-00801-X Document 1 Filed 04/02/25 Page 10 of 19 PageID 10 11 fact that [he had been] ordered removed in absentia on June 11, 20242.” They further determined that Mr. Cortez Martinez’s advance parole document “was issued in error,” and therefore he was subject to an expedited removal order for failing to be in possession of a valid entry document. 35. The sole basis for denying Mr. Cortez-Martinez entry into the US was based on CBP’s incorrect determination that the existence of a removal order in and of itself abated the ability of USCIS to issue a valid advance parole document. 36. Plaintiff was afforded no hearing, and no opportunity to contest CBP’s improper finding that his advance parole document was valid for entry. 37. Plaintiff’s lawfully obtained advance parole document, which was valid on it’s face, was then confiscated from Plaintiff by Defendants. No receipts were provided to Plaintiff to show that his property-one which he applied for, paid for and obtained from USCISwas being confiscated and kept by CBP officers."
,,CBP expedited inspection and secondary inspection policy guidance updates,4,0.029857,ORR requires Director-level authorization of custodial releases of certain unaccompanied children,"[""Office of Refugee Resettlement""]","[""Detention"", ""Interior"", ""Minors""]","3.4.1 Health Care Eligibility & General Standards 5/11/15 Posted Date: 1/8/2024; Effective Date: 1/15/2024 - Updates to address Medicaid and CHIP eligibility for classes of children, and the process by which care providers should enroll eligible children for Medicaid and CHIP benefits. 3.4.2 Initial Medical and Dental Examinations and Follow-up Care 1/24/16 1/24/16 - Updates to reflect current practices; no changes to actual services Posted Date: 1/8/2024; Effective Date: 1/15/2024 - Updates to dental policies to align with UC MAP provisions. 3.4.3 Requests for Healthcare Services, including Serious 8/4/21 8/4/2021 — Added reference to the Policy Memorandum: Medical Services Requiring Heightened ORR Involvement. Medical Services Requiring Heightened ORR Involvement Posted Date: 1/8/2024; Effective Date: 1/15/2024 - Updates regarding response times for non-emergency medical concerns from 24-48 hours to conducting triage within two hours and steps for completing te Serious Medical Procedure Request form. 3.4.4 Medication Administration & Management 5/11/15 9/12/15 - Removed requirement that care providers must report all medication errors to ORR. 3.4.5 Responding to Medical Emergencies 5/11/15 8/4/2021 — Added reference to the Policy Memorandum: Medical Services Requiring Heightened ORR Involvement. 08/02/23 - Updated definition of Medical Emergency 3.4.6 Management of Communicable Diseases 5/11/15 Not Applicable 3.4.7 Maintaining Health Care Records & Confidentiality 5/11/15 8/4/2021 — Added reference to the Policy Memorandum: Medical Services Requiring Heightened ORR Involvement."
,,CBP expedited inspection and secondary inspection policy guidance updates,5,0.029236,USCIS updates policy on applying discretion in adjudications,[],[],"For benefits involving discretion, a discretionary analysis is a separate component of the adjudication of the benefit request; it is typically assessed at the end of the review, after an officer has determined that the requestor meets all other applicable eligibility requirements.3 This guidance, contained in Volumes 1 and 10 of the Policy Manual, incorporates and replaces Chapter 10.15 of the Adjudicator’s Field Manual (AFM), as well as the AFM’s related appendices, and related policy memoranda.4 The guidance contained in the Policy Manual is controlling and supersedes any related prior guidance on the topic. 1 See “Proclamation Suspending Entry of Aliens Who Present a Risk to the U.S. Labor Market Following the Coronavirus Outbreak.” 2 See INA 291. 3 See, for example, INA 245(a): “The status of an alien who was inspected and admitted or paroled into the United States . . . may be adjusted by the Attorney General, in his discretion and under such regulations as he may prescribe, to that of an alien lawfully admitted for permanent residence if . . . .” 4 USCIS is also making minor technical updates in other Policy Manual parts consistent with this update. AILA Doc. No. 20071531. (Posted 7/15/20) www.uscis.gov PA-2020-10: Applying Discretion in USCIS Adjudications Page: 2 Policy Highlights • Provides an overview and general goals of the discretionary analysis, including the appropriate scope of discretion. • Provides non-exhaustive lists of discretionary factors that officers should consider on a case­ by-case basis."
,,changes to cancellation of removal hardship standard interpretations,1,0.032787,HHS issues notice excluding undocumented immigrants from additional federal benefits,"[""Unspecified/Other""]","[""Unspecified/Other""]","Plaintiff States have, continuously since the statute was enacted, accepted funds from Defendants pursuant to the understanding of PRWORA and the DOJ-promulgated exemptions that Defendants had adhered to for decades. Those interpretations and exemptions were set forth in formal, authoritative notices. Prior to distributing federal funds, Defendants never hinted that they might revisit those interpretations, much less in such dramatic and immediate ways. These novel interpretations are riddled with legal errors and are plainly not unambiguously correct interpretations of the statute. Because the Spending Clause does not permit the federal government to “surpris[e] participating States with post acceptance or ‘retroactive’ conditions,” id. at 25, the application of Defendants’ new conditions to the Plaintiff States is unconstitutional. Case 1:25-cv-00345 Document 1 Filed 07/21/25 Page 43 of 50 PageID #: 43 44 212. Each of the PRWORA notices has suddenly and dramatically upended Defendants’ bargains with the Plaintiff States. Defendants now read PRWORA to impose substantially more burdens on the states than they could possibly have foreseen when they accepted funds and committed their own resources to establishing safety net programs in reliance on that settled understanding. And DOJ has rescinded exemptions that have been in place since one day after the statute’s enactment. These changes will impose immediate, massive, and unforeseeable compliance costs on states, and require them to either dramatically restructure their programs or forgo federal funding."
,,changes to cancellation of removal hardship standard interpretations,2,0.031746,"EOIR issues guidance on Pereira v. Sessions, announcing changes in NTA filings and case scheduling","[""Customs and Border Protection"", ""Immigration and Customs Enforcement"", ""U.S. Citizenship and Immigration Services"", ""Executive Office for Immigration Review""]","[""Unspecified/Other""]","The Immigration Judge held that the respondent’s parole terminated upon service of the NTA, rendering her removable as charged under section 212(a)(6)(A)(i) of the Act, 8 U.S.C. § 1182(a)(6)(A)(i) (2018), as a noncitizen present in the United States without being admitted or paroled, or who arrived in the United States at any time or place other than as designated by the Attorney General. The Immigration Judge then concluded that the respondent’s criminal conviction was an aggravated felony, which rendered her ineligible for cancellation of removal and voluntary departure. See sections 240A(b)(1)(C), 240B(b)(1)(C) of the Act, 8 U.S.C. §§ 1229b(b)(1)(C), 1229c(b)(1)(C) (2018); see also section 237(a)(2)(A)(iii) of the Act, 8 U.S.C. § 1227(a)(2)(A)(iii). The Immigration Judge also determined that she was ineligible for adjustment of status because she was inadmissible to the United States. See section 245(a)(2) of the Act, 8 U.S.C. § 1255(a)(2) (2018). This appeal followed. Relying on Pereira v. Sessions, 138 S. Ct. 2105 (2018), the respondent contends that because her NTA did not designate the time and place of her initial removal hearing, it was insufficient to vest the Immigration Court with jurisdiction. She also submits that because, under Pereira, the NTA could not trigger the “stop-time” rule under section 240A(d)(1) of the Act for the purposes of cancellation of removal, it likewise could not terminate her parole. The respondent, therefore, maintains that she is not inadmissible as charged under section 212(a)(6)(A)(i) of the Act and that she is eligible for cancellation of removal, adjustment of status, and voluntary departure."
,,changes to cancellation of removal hardship standard interpretations,3,0.030777,DHS Secretary ratifies interim final rule on Asylum Cooperative Agreements,"[""U.S. Citizenship and Immigration Services"", ""Unspecified/Other"", ""Executive Office for Immigration Review"", ""Unspecified/Other""]","[""Unspecified/Other"", ""Asylum, Withholding and CAT"", ""Unspecified/Other""]","63. In that interview, the Rule provides that the officer will “determine whether it is more likely than not that the [noncitizen] would be persecuted on account of a protected ground or tortured in that country,” 84 Fed. Reg. at 64,009—which is the ultimate standard for receiving withholding or CAT relief in a full removal hearing before an immigration judge, not the lower screening standard used in credible fear or reasonable fear interviews, in which noncitizens must show only a possibility of ultimately establishing eligibility after a full hearing. Only if the noncitizen meets that ultimate standard as to every ACA country to which they are susceptible to removal, see id., will the noncitizen then receive a normal credible fear interview regarding their fear of removal to their home country. 64. It is often impossible for asylum seekers to make this showing while detained and within days of being placed into an expedited removal process. That is because an asylum seeker who may have spent little or no time in the third country would have to explain why they feared being returned there. Doing so might require substantial country conditions evidence, an explanation of the relationship between that country and the applicant’s country of origin, or details as to why the same form of harm that the person fled in their home country is likely in the third country too. For instance, an applicant like U.T. or J.C.—both of whom are gay men— would have to provide substantial country conditions evidence to show why the harm they experienced on account of their sexual orientation in one country would persist in another."
,,changes to cancellation of removal hardship standard interpretations,4,0.030769,EOIR Director issues guidance to restrict continuances,"[""Executive Office for Immigration Review""]","[""Unspecified/Other""]",". .Given that Maldonado-Guzman’s right to be heard was not prejudiced by the denial of a continuance on removal proceedings, he has failed to establish a violation of the Due Process Clause.” (cleaned up)). • Category (2) status-docket cases generally warrant continuances until they can be resolved. See generally PM 19-13, Use of Status Dockets at (Aug. 16, 2019) at 2. o Cases in which an Immigration Judge intends to grant cancellation of removal for certain nonpermanent residents pursuant to INA § 240A(b), which are subject to an annual statutory cap of 4000, should be continued if the cap has been reached for the year and that application is the only one the alien has filed. 8 C.F.R. § 1240.21(c)(1); see also OPPM 17-04, Applications for Cancellation of Removal or Suspension of Deportation that are Subject to the Cap (Dec. 20, 2017). o Cases in which an alien otherwise prima facie eligible for adjustment of status before an Immigration Judge in the United States had an immediately-available visa at the time the adjustment of status application was filed with the immigration court but the visa category subsequently retrogressed by the time of the hearing, should be held in abeyance. Matter of Briones, 24 I&N Dec. 355, 357 n.3 (BIA 2007). 4The Board did not address visa availability—or the remoteness of such availability—in Matter of Sanchez Sosa, as it appears that the annual statutory cap on U visas had not been reached at the time the decision was issued. 5 • By statute, “[i]n order that an alien be permitted the opportunity to secure counsel before the first hearing date in proceedings under section 240 of the Act, the hearing date shall not be scheduled earlier than 10 days after the service of the notice to appear, unless the alien requests in writing an earlier hearing date.” INA § 239(b)(1)."
,,changes to cancellation of removal hardship standard interpretations,5,0.030622,"AG Barr issues Matter of Thomas and Thompson, ruling on the immigration effect of modified criminal convictions","[""Attorney General"", ""Executive Office for Immigration Review""]","[""Unspecified/Other""]","C. Finally, although I did not request briefing on the subject, the parties to this case have addressed which side should carry the burden of proof when it comes to establishing the state court’s reason for altering a sentence under the Pickering test. The Board and the courts of appeals have considered this issue in applying Matter of Pickering to vacaturs of convictions, and they have allocated the burden in different ways, depending on the procedural posture of the case at hand. See, e.g., Andrade-Zamora v. Lynch, 814 F.3d 945, 949 (8th Cir. 2016) (the alien bears the burden to prove that a conviction was vacated because of a procedural or substantive defect when applying for cancellation of removal); Barakat v. Holder, 621 F.3d 398, 403–04 (6th Cir. 2010) (the government bears the burden to prove that a conviction was vacated for reasons other than a procedural or substantive defect when seeking to establish that an alien is removable); Rumierz v. Gonzales, 456 F.3d 31, 37 (1st Cir. 2006) (the alien bears the burden to prove that a conviction was vacated because of a procedural or substantive defect when seeking to reopen removal proceedings). Cite as 27 I&N Dec. 674 (A.G. 2019) Interim Decision #3966 690 The courts of appeals have sometimes invoked a burden-shifting framework to describe the burden of proof, e.g., Barakat, 621 F.3d at 403 (describing how “the burden of production may shift during removal proceedings”), but regardless of how the issue is described, the bottom line remains the same: When the government alleges that an alien is deportable, the government bears the burden of proving deportability by clear and convincing evidence."
,,USCIS and EOIR policy conflicts regarding continuances and case management,1,0.032787,EOIR Director issues guidance to restrict continuances,"[""Executive Office for Immigration Review""]","[""Unspecified/Other""]","OOD DM 22-05 Issued: Apr. 18, 2022 Effective: Immediately CANCELLATION OF POLICY MEMORANDA 19-05, 21-06, AND 21-13 PURPOSE: Rescind and cancel Policy Memoranda 19-05, 21-06, and 2113 OWNER: David L. Neal, Director AUTHORITY: 8 C.F.R. § 1003.0(b) CANCELLATION: Policy Memorandum 19-05 Policy Memorandum 21-06 Policy Memorandum 21-13 As EOIR continues to review existing agency policies and practices, the following Policy Memoranda (PM) are rescinded: 1. PM 19-05, Guidance Regarding the Adjudication of Asylum Applications Consistent with INA § 208(d)(5)(A)(iii) 2. PM 21-06, Asylum Processing 3. PM 21-13, Continuances Please contact your supervisor if you have any questions."
,,USCIS and EOIR policy conflicts regarding continuances and case management,2,0.031025,"EOIR issues guidance on Pereira v. Sessions, announcing changes in NTA filings and case scheduling","[""Customs and Border Protection"", ""Immigration and Customs Enforcement"", ""U.S. Citizenship and Immigration Services"", ""Executive Office for Immigration Review""]","[""Unspecified/Other""]","OOD PM 24-01 To: All of EOIR From: Mary Cheng, Acting Director Date: August 22, 2024 Digitally signed by MARY MARY CHENG Date: 2024.08.22 CHENG 08:33:32 -04'00' UPDATED GUIDANCE FOR RECEIPT OF NOTICES TO APPEAR FILED BY THE DEPARTMENT OF HOMELAND SECURITY PURPOSE: Provide updated standards regarding receipt of Notices to Appear filed by the Department of Homeland Security. OWNER: Office of the Director. AUTHORITY: 8 C.F.R. § 1003.0(b)(1); 8 C.F.R. § 1003.14(a). CANCELLATION: Policy Memorandum 19-08, Acceptance of Notices to Appear and Use of the Interactive Scheduling System. This Policy Memorandum provides updated standards to Executive Office for Immigration Review (EOIR) adjudicators and personnel regarding the receipt of Notices to Appear (NTAs) filed by the Department of Homeland Security (DHS). This Policy Memorandum supersedes and rescinds Policy Memorandum 19-08, Acceptance of Notices to Appear and Use of the Interactive Scheduling System. I. Failure to Prosecute and Filing of Notices to Appear To initiate removal proceedings, a component of the Department of Homeland Security (DHS) (e.g., U.S. Customs and Border Protection (CBP), U.S. Citizenship and Immigration Services (USCIS), or U.S. Immigration and Customs Enforcement (ICE)) must first prepare and serve an individual with an NTA alleging that person’s removability from the United States. After the Supreme Court’s decision in Pereira v. Sessions, 585 U.S. 198 (2018), this first step has involved obtaining a time and date of the initial hearing and recording that information on the NTA."
,,USCIS and EOIR policy conflicts regarding continuances and case management,3,0.030415,"DOJ requests comments on Form EOIR-27, Notice of Entry of Appearance before BIA","[""Executive Office for Immigration Review""]","[""Unspecified/Other"", ""Unspecified/Other""]","This language provides additional notice to practitioners regarding their obligations 4 as representatives before EOIR and the potential consequences of any misconduct and is consistent with comments and suggestions received from the public, as discussed further below. This language mirrors that found on the Form EOIR-28, Notice of Entry of Appearance as Attorney or Representative Before the Immigration Court. Corresponding Changes to Electronic Form EOIR-27. As part of EOIR’s eRegistry, which is part of a long-term agency initiative to create an electronic case access and filing system for the Immigration Court and the Board, attorneys and accredited representatives may electronically file the Form EOIR-27. The changes to the Form EOIR-27 proposed herein will need to be implemented in eRegistry before the revised form – both hard copy and electronic versions – can be made available for use. The development and implementation of these changes in eRegistry will take several months to complete. In the event that the proposed changes are not ready in eRegistry upon OMB approval of the revisions proposed herein, EOIR will continue to use the current Form EOIR-27 until those changes are finalized. This is necessary to prevent the use of two versions of the same form (i.e., a hard copy form different from an electronic form), avoid confusion as to which form may be used, and to avoid any conflicts the two versions may present. For these reasons, EOIR seeks OMB approval of both the new Form EOIR-27 (with the revisions proposed herein) and the old form until both the hard copy and electronic versions of the new form are ready for use."
,,USCIS and EOIR policy conflicts regarding continuances and case management,4,0.029324,Asylum seekers given less time to prepare for credible fear interviews,"[""U.S. Citizenship and Immigration Services""]","[""Asylum, Withholding and CAT""]","It further states that “[i]f USCIS is prepared to proceed with the interview after the consultation period has passed, asylum offices normally will deny requests for extensions of the consultation period, . . . except in extraordinary Case 1:19-cv-02676-RDM Document 34 Filed 03/01/20 Page 10 of 55 11 circumstances.” Id. Finally, the updated manual notes that “[e]xtraordinary circumstances may include, but are not limited to, serious illness or mental or physical disability of the alien, a member of the alien’s immediate family, or the alien’s consultant, and facility issues that prevent the alien from contacting a consultant.” AR 117. Although not memorialized in the memorandum, or in any other written policy produced in this litigation, Plaintiffs offer evidence that Cuccinelli adopted a third, significant change in policy relating to the ability of asylum seekers to prepare for their credible-fear interviews. Prior to issuance of the memorandum, “USCIS officials at [the Dilley Detention Center in South Texas] would provide an oral, in-person legal orientation, which allowed asylum seekers to ask questions about their legal rights.” Dkt. 12-2 at 3 (Fluharty Decl. ¶ 6). As part of that process: [M]others and their minor children watched a video that explained the nature and purpose of the credible[-]fear interview . . . and sat down individually with an asylum officer who: (1) provided them with a written copy of Form M-444, (2) asked them if they had any questions regarding the interview process, (3) confirmed which language they speak and understand best, (4) confirmed whether the family prefers to speak with a male or female officer, and (5) provided the family with two copies of Form G-56, which indicated the day and time their interview would take place."
,,USCIS and EOIR policy conflicts regarding continuances and case management,5,0.029236,USCIS updates policy on applying discretion in adjudications,[],[],"USCIS issues policy guidance in the USCIS Policy Manual regarding the discretionary analysis required in the adjudication of certain benefit requests, including certain applications for employment authorization. [ID #1142]"
,,regulatory changes to premium processing scope and statutory authority expansion,1,0.032002,HHS issues notice excluding undocumented immigrants from additional federal benefits,"[""Unspecified/Other""]","[""Unspecified/Other""]","18. Both the July 14 Immigrant Exclusion Directive and HHS’s accompanying Regulatory Impact Analysis focus exclusively on Head Start in analyzing the effects of its new interpretation of “federal public benefit.” See 90 Fed. Reg. at 31236 (addressing only Head Start in its discussion of “[t]he application of this interpretation to specific HHS programs”); U.S. Dep’t of Health and Human Servs., Personal Responsibility and Work Opportunity Reconciliation Act of 1996 (PRWORA); Interpretation of “Federal Public Benefit”; Final Regulatory Impact Analysis, Final Regulatory Flexibility Analysis, Unfunded Mandates Reform Act Analysis, Docket No. AHRQ-2025-002 at 5 (“Specifically, in assessing expenditure changes and ongoing costs of checking eligibility, we adopt a scope of analysis that covers the Head Start program, administered by the Office of Head Start within the Administration for Children and Families.”). 19. Defendants’ unyielding stream of attacks are unlawful acts in service of an unlawful goal: to eliminate Head Start in blatant contravention of Congressional directives. They violate the core principles of Separation of Powers and the Spending Clause under the Constitution. Defendants’ March 14 DEI Letter and the April 16 DEIA Certification are also unconstitutionally vague and impermissibly suppress protected speech. 20. Defendants’ actions are additionally unlawful under the Administrative Procedure Act because they are contrary to the Constitution and federal statutes, including the Head Start Act and the Rehabilitation Act; ultra vires, and arbitrary and capricious."
,,regulatory changes to premium processing scope and statutory authority expansion,2,0.031778,"EO 14165 § 7(b) directs termination of ""categorical parole programs"" including CHNV Parole Processes","[""Customs and Border Protection"", ""U.S. Citizenship and Immigration Services"", ""Unspecified/Other""]","[""Unspecified/Other""]","For Wilhen, those individuals are family members of hers who deal with routine violence in Haiti. The termination of the CHNV parole processes means that these beneficiaries have lost their opportunity to come to the United States and potentially seek further protection here. The U4U, CHNV, and OAW parole processes were and remain authorized by the statutory parole authority, codified at 8 U.S.C. § 1182(d)(5). 216. As set forth above, Defendants have ordered and authorized the termination of the U4U, CHNV, and OAW parole processes based on the legal conclusion that they are not authorized by the parole statute. Case 1:25-cv-10495 Document 1 Filed 02/28/25 Page 57 of 65 58 217. Defendants’ legal conclusion regarding the scope of the parole authority and the legality of these specific parole processes is contrary to law. 218. Even Defendants’ allegedly discretionary decisions are based on an erroneous understanding of their discretionary legal authority. For example, the January 20 Huffman memorandum’s assertion that the Secretary of Homeland Security has absolute discretion to deny parole for any reason and in any circumstance is wrong; not only is the Secretary’s exercise of that discretion subject to constitutional constraints and self-imposed regulatory constraints, it is also currently restricted by numerous injunctions and other court orders. 219. Defendants’ termination of these parole processes must therefore be held unlawful, set aside, and/or otherwise vacated. SECOND CLAIM FOR RELIEF Violation of the Administrative Procedure Act – Contrary to Law & Ultra Vires (Suspension of benefits adjudication for parolees) (Against Defendants Noem, Vitello, Flores, and Davidson) 220."
,,regulatory changes to premium processing scope and statutory authority expansion,3,0.030835,Asylum seekers given less time to prepare for credible fear interviews,"[""U.S. Citizenship and Immigration Services""]","[""Asylum, Withholding and CAT""]","Taken together, Plaintiffs refer to these revised policies as the “Asylum Directives.” Plaintiffs, five individual native Honduran asylum seekers (two adults and three of their minor children) and the Refugee and Immigrant Center for Education and Legal Services (“RAICES”), a nonprofit organization that provides legal services to refugees, challenge the lawfulness of the Asylum Directives on multiple grounds. First, they allege that Cuccinelli was not lawfully appointed to serve as the acting Director of USCIS and that, as a result, the Asylum Directives must be set aside under the Appointments Clause, the FVRA, 5 U.S.C. § 3348(d)(1), the Administrative Procedure Act (“APA”), 5 U.S.C. §706(2)(A), and as ultra vires. Dkt. 1 at 63–68 (Compl. ¶¶ 225–36). Second, they allege that the Asylum Directives themselves are inconsistent with various statutory and regulatory requirements, including an asylum applicant’s statutory right to “consult with a person or persons of the alien’s choosing prior to the [crediblefear] interview,” 8 U.S.C. § 1225(b)(1)(B)(iv), and the regulatory authority of asylum officers freely to reschedule credible-fear interviews whenever the asylum seeker “is unable to participate Case 1:19-cv-02676-RDM Document 34 Filed 03/01/20 Page 4 of 55 5 effectively . . . because of illness, fatigue, or other impediments,” 8 C.F.R. § 208.30(d)(1). Dkt. 1 at 57–58 (Compl. ¶¶ 194–97). Third, they contend that the Asylum Directives are arbitrary and capricious because USCIS failed to consider how the Directives harm asylum seekers, acted based on “animus toward immigrants” and failed to provide an adequate justification for the policy changes."
,,regulatory changes to premium processing scope and statutory authority expansion,4,0.029631,USCIS updates policy on applying discretion in adjudications,[],[],"For complex or diﬀicult cases, oﬀicers should consult with supervisors and local counsel. A. Applicability Congress generally provides discretionary authority explicitly in the statutory language that governs an immigration benefit. In some instances, however, discretionary authority is less explicit and must be inferred from the statutory language. Executive agencies may also outline their discretionary authority explicitly in regulations. Many immigration benefit requests are filed under provisions of law that require the favorable exercise of discretion to administer the benefit. In these cases, the benefit requestor has the burden of demonstrating eligibility for the benefit sought and that USCIS should favorably exercise discretion. [1] [2] [3] [4] [5] [6] USCIS Response to Coronavirus 2019 (COVID-19) Chapter 8 - Discretionary Analysis | USCIS https://www.uscis.gov/policy-manual/volume-1-part-e-chapter-8 1 of 18 11/13/20, 11:20 AM Where an immigration benefit is discretionary, meeting the statutory and regulatory requirements alone does not entitle the requestor to the benefit sought. Certain immigration benefits are not discretionary. In these cases, if the requestor properly filed and meets the eligibility requirements then USCIS must approve the benefit request. There is no discretionary analysis as part of the adjudication, and these requests cannot be denied as a matter of discretion. The following table provides a non-exhaustive overview of immigration benefits and whether discretion is involved in the adjudication of such benefits."
,,regulatory changes to premium processing scope and statutory authority expansion,5,0.029514,DHS terminates Temporary Protected Status for Honduras,"[""U.S. Citizenship and Immigration Services""]","[""TPS""]","The results of this endeavor were devastating and one study found that removal to Liberia resulted in the “highest mortality rates in accurately recorded human history.” Antonio McDaniel, Extreme Mortality in Nineteenth-Century Africa: The Case of Liberian Immigrants, 29 Demography 581, 581 (Nov. 1992). 2 Acceptance of immigrants has ebbed and flowed over the centuries of U.S. history. In the late 1700s, immigration was largely unregulated except that naturalization as a path to citizenship was explicitly limited to “free white persons” in one of the first laws adopted in the nascent nation. See Naturalization Act of 1790, ch. 3, § 1, 1 Stat. 103, 103–04 (repealed 1795). During this Case 3:25-cv-05687-TLT Document 73 Filed 07/31/25 Page 18 of 37 19 1 2 3 4 5 6 7 8 9 10 11 12 13 14 15 16 17 18 19 20 21 22 23 24 25 26 27 28 United States District Court Northern District of California However, Congress has not delegated Defendants’ requested “[e]xtraordinary grant[] of regulatory authority” by using “any” in the TPS statute. West Virginia v. EPA, 597 U.S. 697, 723 (2022); see also Nixon v. Missouri Municipal League, 541 U.S. 125, 132, (2004) (“‘any’ means different things depending upon the setting”) (cleaned up). “Extraordinary grants of regulatory authority are rarely accomplished through modest words, vague terms, or subtle devices . . . Nor does Congress typically use oblique or elliptical language to empower an agency to make a radical or fundamental change to a statutory scheme.” West Virginia, at 723."
,,policy developments affecting immigrant visa backlogs and per country limits,1,0.032266,"POTUS issues Presidential Proclamation 9983, adding six new countries to Travel Ban","[""Customs and Border Protection"", ""U.S. Citizenship and Immigration Services"", ""Bureau of Consular Affairs""]","[""Unspecified/Other""]","the sole ground of ineligibility was based on P.P. 9645 or P.P. 9983; and 3. the applicant is applying again for an IV. This amendment is not retroactive and no refunds will be distributed based on this change to the regulations. This provision provides for a one-time exemption of the applicable fees per applicant. Immigrant Visa Fee Exemption for Applicants Previously Refused under... https://travel.state.gov/content/travel/en/News/visas-news/iv-fee-exempti... 2 of 4 1/31/22, 10:26 AM overcomes the ineligibility on which the visa was denied. Individuals who were refused on or after January 20, 2020, may beneﬁt under that regulation and fee exemption, because they are presumed to have sought reconsideration of their prior refusals on January 20, 2021, when the President issued P.P. 10141. FAQS I already paid a second immigrant visa application fee. Can I get a refund based on this new regulation? This amended regulation took effect on January 19, 2022, and only applies to applicants who applied for their IV for the second time on or after the effective date of the new regulation. No refunds will be distributed based on this change to the regulations. My visa application was refused pursuant to Presidential Proclamation 9645 or 9983, but I was also refused on additional grounds. Am I still eligible for the fee exemption? Some applicants may have been initially denied IVs under P.P. 9645 or 9983 and additional refusal grounds. These applicants are not eligible for the fee exemption, unless a consular ofﬁcer had previously determined that the refusal on other grounds had been overcome and the only impediment to issuance of an IV on January 20, 2021, was due to P.P."
,,policy developments affecting immigrant visa backlogs and per country limits,2,0.031778,"POTUS issues Presidential Proclamation, removing Chad from Travel Ban","[""Bureau of Consular Affairs""]","[""Visitor"", ""Unspecified/Other""]","(b) The initial report required under subsection (a) of this section shall be submitted within 180 days of the date of this proclamation; the second report shall be submitted within 270 days of the first report; and reports shall be submitted annually thereaxer. (c) The agency heads identified in subsection (a) of this section shall coordinate any policy developments associated with the reports described in subsection (a) of this section through the appropriate Assistants to the President. Sec. 6. Enforcement. (a) The Secretary of State and the Secretary of Homeland Security shall consult with appropriate domestic and international partners, including countries and organizations, to ensure ewicient, ewective, and appropriate implementation of this proclamation. (b) In implementing this proclamation, the Secretary of State and the Secretary of Homeland Security shall comply with all applicable laws and regulations, including those that provide an opportunity for individuals to enter the United States on the basis of a credible claim of fear of persecution or torture. (c) No immigrant or nonimmigrant visa issued before the applicable ewective date under section 7 of this proclamation shall be revoked pursuant to this proclamation. (d) Any individual whose visa was marked revoked or marked canceled as a result of Executive Order 13769 of January 27, 2017 (Protecting the Nation from Foreign Terrorist Entry into the United States), shall be entitled to a travel document confirming that the individual is permitted to travel to the United States and seek entry under the terms and conditions of the"
,,policy developments affecting immigrant visa backlogs and per country limits,3,0.030077,"POTUS issues EO 13780, extending travel ban and instructing agencies to enhance screening of certain foreign nationals","[""Customs and Border Protection"", ""U.S. Citizenship and Immigration Services"", ""Bureau of Consular Affairs""]","[""Unspecified/Other""]","2. Resumption of Visa Processing and Clearing the Backlog of Cases in Waiver Processing. (a) The Secretary of State shall direct all Embassies and Consulates, consistent with applicable law and visa processing procedures, including any related to coronavirus disease 2019 (COVID-19), to resume visa processing in a manner consistent with the revocation of the Executive Order and Proclamations speciﬁed in section 1 of this proclamation. (b) Within 45 days of the date of this proclamation, the Secretary of State shall provide to the President a report that includes the following elements: (i) The number of visa applicants who were being considered for a waiver of restrictions under Proclamation 9645 or 9983 on the date of this proclamation and a plan for expeditiously adjudicating their pending visa applications. (ii) A proposal to ensure that individuals whose immigrant visa applications were denied on the basis of the suspension and restriction on entry imposed by Proclamation 9645 or 9983 may have their applications reconsidered. This proposal shall consider whether to reopen immigrant visa applications that were denied due to the suspension and restriction on entry imposed by Proclamation 9645 or 9983, whether it is necessary to charge an additional fee to process those visa applications, and development of a plan for the Department of State to expedite consideration of those visa applications. (iii) A plan to ensure that visa applicants are not prejudiced as a result of a previous visa denial due to the suspension and restriction on entry imposed by Proclamation 9645 or 9983 if they choose to re-apply for a visa."
,,policy developments affecting immigrant visa backlogs and per country limits,4,0.029877,State Department orders resettlement agencies to stop funded work supporting refugees currently in the U.S.,"[""Unspecified/Other""]","[""Refugees"", ""Unspecified/Other""]","§§ 1157(c)(1), 1181(c). The President determines the maximum number of refugees to be admitted each fiscal year. Id. § 1157(a)(2), (3). Since 1990, around 65,000 refugees have been admitted per year on average. Off. of Homeland Sec. Stat., Dep’t of Homeland Sec., Refugees: 2023, at 4 (Nov. 2024), https://perma.cc/8NAF-ST46. 29. A core component of the U.S. Refugee Admissions Program is federal funding for “domestic assistance” for the resettlement of newly arrived refugees, in partnership with private non-profit organizations. 8 U.S.C. § 1522. Rather than rely entirely on private charitable organizations to provide resettlement assistance, Congress made it the “policy of the United States” to commit federal funds in order to “promote opportunities for [refugee] resettlement.” Refugee Act of 1980, § 101, 94 Stat. at 102. Case 1:25-cv-00465 Document 1 Filed 02/18/25 Page 10 of 35 11 30. Although refugee resettlement is multifaceted, the resettlement program at issue here is the “[p]rogram of initial resettlement.” 8 U.S.C. § 1522(b). Under that program, the Secretary of State has been designated by the President to “make grants to, and contracts with, public or private nonprofit agencies for initial resettlement . . . of refugees in the United States.” Id. § 1522(b)(1)(A), (B); see also HIAS, Inc. v. Trump, 985 F.3d 309, 319 n.5 (4th Cir. 2021) (“Since 1981, the Department of State has overseen the program.”). Congress has made the same funding available for special immigrant visa holders from Afghanistan—i.e., those who assisted the U.S."
,,policy developments affecting immigrant visa backlogs and per country limits,5,0.029206,"EO 14165 § 6 directs DHS, DOS, and DOJ to resume the Migrant Protection Protocols","[""Unspecified/Other"", ""Unspecified/Other"", ""Unspecified/Other""]","[""Border"", ""Asylum, Withholding and CAT""]","For example, dangerous conditions in Mexico would impede ImmDef’s attorneys’ ability to provide representation; ImmDef will have to expend additional resources to reach individuals located in Mexico to adequately and ethically represent them; ImmDef will once again have to hire additional staff, purchase international phone plans, and rent confidential meetings spaces in Mexico; and ImmDef will have to contend with the time limits and restrictions on when and how its staff can communicate with its clients prior to court hearings pursuant to the Remain in Mexico policy guidance. The 2019 directive establishing the one-hour time limit before a court hearing is a component of Remain in Mexico that the government has confirmed is part of the “current operative guidance” for its reimplementation. Immigrant Defs. L. Ctr., 2025 WL 1172442, at *24. As the district court concluded, the fact that Remain in Mexico was reinstated using the same operative guidance from January 2019 is sufficient to find “that a Case: 25-2581, 07/18/2025, DktEntry: 46.1, Page 23 of 79 (23 of 79), Page 23 of 79 24 25-2581 threat to ImmDef’s concrete interest is imminent.” Id., at *23. Accordingly, we hold that ImmDef has standing to challenge the Reimplementation Order. ii. Section 1252(f)(1)’s Bar on Injunctive Relief The government also argues that the district court’s § 705 Stay is impermissible under 8 U.S.C. § 1252(f)(1) because the § 705 Stay restrains how DHS will implement its discretionary authority under 8 U.S.C."
,,DHS rulemaking and litigation regarding visa overstay tracking enforcement,1,0.032018,"EO 14165 § 7(b) directs termination of ""categorical parole programs"" including CHNV Parole Processes","[""Customs and Border Protection"", ""U.S. Citizenship and Immigration Services"", ""Unspecified/Other""]","[""Unspecified/Other""]","At the same time, the Federal Register Notice acknowledged that “processing of applications that were pending under legacy CFRP continued according to the process established in December 2014.” Id. at 58033 n.2. And the Notice reported “USCIS continued to interview pending legacy CFRP beneficiaries at the USCIS Field Office in Havana, Cuba through January 2025 when processing was paused.” Id. at 58035 n.14.11 Despite recognizing that the concerns raised regarding the modernized 11 The Legacy Haitian Family Reunification Parole program also required interviews. See Termination of Family Reunification Parole Processes, 90 Fed. Reg. at 58035 (“In the legacy Case 1:25-cv-10495-IT Document 258 Filed 01/25/26 Page 26 of 42 27 programs did not apply to the legacy programs, the Federal Register Notice nonetheless announced termination for legacy parolees in their initial grant of parole. Id. at 58033. In sum, Plaintiffs have demonstrated a strong likelihood that they will prevail on their claim that the termination of existing awards of parole was arbitrary and capricious because DHS both improperly weighed Plaintiffs’ reliance interests and used unsupported allegations regarding insufficient vetting and fraud of current parolees as countervailing factors. C. Notice-and-Comment Rulemaking Plaintiffs argue further that the “mass truncation” of existing FRP grants was a legislative rule that required notice-and-comment rulemaking under the APA. Pls.’ Mem. 18 [Doc. No. 218] (citing 5 U.S.C."
,,DHS rulemaking and litigation regarding visa overstay tracking enforcement,2,0.030579,EOIR Acting Deputy Director issues guidance on the handling of classified information in EOIR proceedings,"[""Executive Office for Immigration Review""]","[""Unspecified/Other""]","2. When an immigration court sends classified information at the Confidential or Secret level to the BIA, the mailing will be sent through the U.S. Postal Service (USPS) via Registered Mail, Return Receipt Requested; USPS Express Mail, Return Receipt 5 The Office of the Principal Legal Advisor (OPLA) within the U.S. Immigration and Customs Enforcement (ICE) of DHS is usually the U.S. Government’s representative in immigration proceedings before the immigration court and the BIA, if an appeal is filed. Also, attorneys within DHS from the U.S. Citizenship and Immigration Services in visa petition proceedings or attorneys from U.S. Customs and Border Protections in fine proceedings or advance permission proceedings may appear before the BIA. 6 OCIJ has issued an OPPM for Classified Information in Immigration Court Proceedings (OPPM 24-01). That memorandum is available on the EOIR website at www.justice.gov/eoir. 13 Requested; or through Federal Express (FedEx). The immigration court should provide the tracking number of the package to the BIA in advance of its arrival, so that the Chief Clerk, Classified Case Coordinator(s) or other designated BIA personnel can monitor the package. 3. After arrival at the BIA’s Clerk’s Office, the package will be picked up by designated and cleared BIA personnel, and that person shall immediately hand-carry the package to the Chief Clerk, Classified Case Coordinator(s) or other designated BIA personnel. The package may never be left on a desk or otherwise unattended."
,,DHS rulemaking and litigation regarding visa overstay tracking enforcement,3,0.030550,"POTUS issues Presidential Proclamation 9983, adding six new countries to Travel Ban","[""Customs and Border Protection"", ""U.S. Citizenship and Immigration Services"", ""Bureau of Consular Affairs""]","[""Unspecified/Other""]","1/16/2020 DHS Announces Implementation Of Travel Restriction Provisions | Homeland Security https://www.dhs.gov/news/2017/06/29/dhs-announces-implementation-travel-restriction-provisions 1/3 U.S. Department of Homeland Security DHS Announces Implementation Of Travel Restriction Provisions Release Date: June 29, 2017 For Immediate Release Office of the Press Secretary Contact: 202-282-8010 WASHINGTON – The Department of Homeland Security, in coordination with the Departments of State and Justice, will begin the implementation of certain travel restriction provisions in the President’s Executive Order: Protecting the Nation from Foreign Terrorist Entry into the United States at 8 pm EDT today. Per the Executive Order and the associated June 14 Presidential Memorandum, the temporary suspension of entry applies, with limited exceptions, only to foreign nationals from Sudan, Syria, Iran, Libya, Somalia, and Yemen, who are outside the United States as of June 26, who did not have a valid visa at 5 p.m. EST on January 27, and who do not have a valid visa as of 8 p.m. EDT on June 29. For purposes of enforcement of Executive Order No. 13780, visas that have been issued by the Department of State prior to the effective date of the Executive Order -June 29 at 8 p.m. EDTare to be considered as valid for travel and seeking entry into the United States unless revoked on a basis unrelated to EO 13780. Persons from the six countries presenting themselves for entry with a valid previously issued visa and who meet other universally applied entry requirements will be admitted."
,,DHS rulemaking and litigation regarding visa overstay tracking enforcement,4,0.028850,EOIR and USCIS issue communicable-disease security bars to asylum and withholding eligibility,"[""Customs and Border Protection"", ""U.S. Citizenship and Immigration Services"", ""Unspecified/Other"", ""Executive Office for Immigration Review""]","[""Asylum, Withholding and CAT""]","DEPARTMENT OF HOMELAND SECURITY 8 CFR Part 208 RIN 1615–AC57 [Docket No: USCIS 2020–0013] DEPARTMENT OF JUSTICE Executive Office for Immigration Review 8 CFR Part 1208 [Dir. Order No. 11–2021] RIN 1125–AB08 Security Bars and Processing AGENCY: U.S. Citizenship and Immigration Services, Department of Homeland Security (‘‘DHS’’); Executive Office for Immigration Review, Department of Justice (‘‘DOJ’’) ACTION: Final rule. SUMMARY: On July 9, 2020, DHS and DOJ (collectively, ‘‘the Departments’’) published a notice of proposed rulemaking (‘‘NPRM’’) clarifying that the danger to the security of the United States statutory bar to eligibility for asylum and withholding of removal may encompass emergency public health concerns. This final rule responds to comments received in response to the NPRM and reflects (and in some instances, modifies) intervening changes made to the regulatory framework by Procedures for Asylum and Withholding of Removal; Credible Fear and Reasonable Fear Review, published December 11, 2020 (‘‘Global Asylum Final Rule’’). Namely, it amends existing regulations to clarify that in certain circumstances there are ‘‘reasonable grounds for regarding [an] alien as a danger to the security of the United States’’ or ‘‘reasonable grounds to believe that [an] alien is a danger to the security of the United States’’ based on emergency public health concerns generated by a communicable disease, making the alien ineligible to be granted asylum in the United States under section 208 of the Immigration and Nationality Act (‘‘INA’’) or the protection of withholding of removal under the INA (‘‘statutory withholding of removal’’) or subsequent regulations (because of the threat of torture)."
,,DHS rulemaking and litigation regarding visa overstay tracking enforcement,5,0.028370,"EO 14165 § 6 directs DHS, DOS, and DOJ to resume the Migrant Protection Protocols","[""Unspecified/Other"", ""Unspecified/Other"", ""Unspecified/Other""]","[""Border"", ""Asylum, Withholding and CAT""]","8 screening protocols in place were appropriately assessing noncitizens’ fear of persecution or torture in Mexico. The public October 2019 Assessment presented MPP as a resounding success, whereas the internal Red Team Report raised serious concerns with the program. Notably, the October 2019 Assessment did not acknowledge or address any of the shortcomings identified by the Red Team Report, despite the fact that the Assessment was released after the Red Team Report was completed. C. Litigation Regarding the Prior Implementation of MPP MPP was challenged many times on multiple grounds in federal court and remains the subject of ongoing litigation in several jurisdictions. Among other claims, litigants challenged the program as an impermissible exercise of the underlying statutory authority; argued that MPP caused DHS to return noncitizens to Mexico to face persecution, abuse, and other harms and that its procedures inadequately implemented non-refoulement protections; argued that their right to access counsel before and during non-refoulement interviews had been violated; contested the return to Mexico pursuant to MPP of noncitizens with mental and physical disabilities; asserted that the program had been implemented in violation of the APA; and contended that MPP’s expansion across the SWB was unlawful because it led to the return of migrants to places that were particularly dangerous.33 Both in the course of litigation and otherwise, litigants described, and some courts credited, extreme violence and substantial hardships faced by those returned to Mexico to await their immigration court proceedings, as well as substantial danger traveling to and from ports of entry to those hearings."
